Well,Date,Well,Tubing OD (in),Plunger Diameter (in),Pump Intake Depth (ft),Pump Intake Depth TVD (ft),Damp Up,Damp Down,Formation Depth (ft),Formation Depth TVD (ft),Tubing Pressure (psi (g)),Oil API (deg.API),Water Specific Gravity (Sp.Gr.H2O),Gas Specific Gravity (Sp.Gr.AIR),Gearbox Rating (in-lb),Measured Stroke Length (in),Rated HP (HP),Dynamometer Date,PPRL (lb),MPRL (lb),PPMPL (lb),MPMPL (lb),Polished Rod Power (HP),Plunger Stroke (in),SPM (spm),Pump Volumetric Fillage (%),Effective Plunger Stroke (in),Pump Displacement (BBL/D),Unaccounted Friction (lb),Gearbox Peak Existing (in-lb),Stroke,Measured Load TV (lbf),Calculate Buoyant Rod Weight (lbf),Measured Load SV (lbf),Calc. Fluid Load (lbf),Total Gaseous Liquid Column HT (TVD) (ft),Equivalent Gas Free Liquid HT (TVD) (ft), 716680292quid (%),Pump Intake Pressure (psi (g)),
.,04/21/17 - 08:36,Arta 1,3.500,1.250,3221.00,3221.00,0.03196,0.03196,3094.00,3094.00,X,19,1.05,X,228000,86.000,X,X,X,X,X,X,X,X,X,X,X,X,X,X,X,X,X,X,X,1245,1245,100,488.6,
.,05/11/17 - 08:09,Arta 1,3.500,1.250,3221.00,3221.00,0.03196,0.03196,3094.00,3094.00,X,19,1.05,X,228000,86.000,X,X,X,X,X,X,X,X,X,X,X,X,X,X,X,X,X,X,X,1264,1264,100,556.9,
.,06/02/17 - 08:18,Arta 1,3.500,1.250,3221.00,3221.00,0.03196,0.03196,3094.00,3094.00,X,19,1.05,X,228000,86.000,X,X,X,X,X,X,X,X,X,X,X,X,X,X,X,X,X,X,X,1248,1248,100,547.4,
.,08/11/17 - 08:44,Arta 1,3.500,1.250,3221.00,3221.00,0.03196,0.03196,3094.00,3094.00,X,19,1.05,X,228000,86.000,X,X,X,X,X,X,X,X,X,X,X,X,X,X,X,X,X,X,X,1199,1199,100,470.1,
Arta\Arta-11.016,11/11/17 - 09:41,Arta-11,3.500,1.250,3286.00,3286.00,0.0326,0.0326,3297.00,3297.00,X,19,1.05,X,912000,122.013,X,X,X,X,X,X,X,X,X,X,X,X,X,X,X,X,X,X,X,1543,1543,100,601.3,
Arta\Arta-13.057,04/28/17 - 08:32,Arta-13,3.500,1.250,3675.00,3675.00,0.03112,0.03112,3640.00,3640.00,X,19,1.05,X,320000,120.000,X,X,X,X,X,X,X,X,X,X,X,X,X,X,X,X,X,X,X,1154,1154,100,452.3,
Arta\Arta-13.058,05/09/17 - 08:05,Arta-13,3.500,1.250,3675.00,3675.00,0.03112,0.03112,3640.00,3640.00,X,19,1.05,X,320000,98.297,X,05/09/17 - 08:05,10942,5740,2845,-1724,1.5,91.8,3.488,3.15,2.9,1.8,1724.3,547124.0,0,9088,7479,6365,2052,X,X,X,X,
Arta\Arta-13.059,06/01/17 - 10:39,Arta-13,3.500,1.250,3675.00,3675.00,0.03112,0.03112,3640.00,3640.00,X,19,1.05,X,320000,120.000,X,X,X,X,X,X,X,X,X,X,X,X,X,X,X,X,X,X,X,3186,3186,100,1243.8,
Arta\Arta-14.082,04/28/17 - 08:20,Arta-14,3.500,1.250,3636.00,3636.00,0.03636,0.03636,3596.00,3596.00,X,19,1.05,X,320000,144.000,X,X,X,X,X,X,X,X,X,X,X,X,X,X,X,X,X,X,X,1376,1376,100,540.1,
Arta\Arta-15.085,01/29/17 - 09:37,Arta-15,3.500,1.750,3503.00,3503.00,0.03509,0.03509,3390.00,3390.00,X,19,1.05,X,320000,85.535,X,X,X,X,X,X,X,X,X,X,X,X,X,X,X,X,X,X,X,182,180,97,72.3,
Arta\Arta-15.086,02/19/17 - 09:46,Arta-15,3.500,1.750,3503.00,3503.00,0.03509,0.03509,3390.00,3390.00,X,19,1.05,X,320000,85.535,X,X,X,X,X,X,X,X,X,X,X,X,X,X,X,X,X,X,X,184,184,100,73.5,
Arta\Arta-15.087,03/05/17 - 09:38,Arta-15,3.500,1.750,3503.00,3503.00,0.03509,0.03509,3390.00,3390.00,X,19,1.05,X,320000,85.535,X,X,X,X,X,X,X,X,X,X,X,X,X,X,X,X,X,X,X,166,149,69,60.2,
Arta\Arta-15.088,03/19/17 - 10:07,Arta-15,3.500,1.750,3503.00,3503.00,0.03509,0.03509,3390.00,3390.00,X,19,1.05,X,320000,85.535,X,X,X,X,X,X,X,X,X,X,X,X,X,X,X,X,X,X,X,156,139,62,56.8,
Arta\Arta-15.089,04/09/17 - 09:52,Arta-15,3.500,1.750,3503.00,3503.00,0.03509,0.03509,3390.00,3390.00,X,19,1.05,X,320000,85.535,X,X,X,X,X,X,X,X,X,X,X,X,X,X,X,X,X,X,X,161,161,100,64.9,
Arta\Arta-15.090,05/21/17 - 09:20,Arta-15,3.500,1.750,3503.00,3503.00,0.03509,0.03509,3390.00,3390.00,X,19,1.05,X,320000,85.535,X,X,X,X,X,X,X,X,X,X,X,X,X,X,X,X,X,X,X,205,204,99,81.7,
Arta\Arta-15.091,06/04/17 - 08:51,Arta-15,3.500,1.750,3503.00,3503.00,0.03509,0.03509,3390.00,3390.00,X,19,1.05,X,320000,85.535,X,X,X,X,X,X,X,X,X,X,X,X,X,X,X,X,X,X,X,214,210,96,84.2,
Arta\Arta-15.092,06/18/17 - 09:10,Arta-15,3.500,1.750,3503.00,3503.00,0.03509,0.03509,3390.00,3390.00,X,19,1.05,X,320000,85.535,X,X,X,X,X,X,X,X,X,X,X,X,X,X,X,X,X,X,X,240,238,98,93.0,
Arta\Arta-15.093,07/09/17 - 09:28,Arta-15,3.500,1.750,3503.00,3503.00,0.03509,0.03509,3390.00,3390.00,X,19,1.05,X,320000,85.535,X,X,X,X,X,X,X,X,X,X,X,X,X,X,X,X,X,X,X,243,226,87,90.3,
Arta\Arta-15.094,07/23/17 - 09:47,Arta-15,3.500,1.750,3503.00,3503.00,0.03509,0.03509,3390.00,3390.00,X,19,1.05,X,320000,85.535,X,X,X,X,X,X,X,X,X,X,X,X,X,X,X,X,X,X,X,178,178,100,71.4,
Arta\Arta-15.095,08/27/17 - 14:48,Arta-15,3.500,1.750,3503.00,3503.00,0.03509,0.03509,3390.00,3390.00,X,19,1.05,X,320000,85.535,X,X,X,X,X,X,X,X,X,X,X,X,X,X,X,X,X,X,X,202,194,91,76.9,
Arta\Arta-15.096,09/10/17 - 09:50,Arta-15,3.500,1.750,3503.00,3503.00,0.03509,0.03509,3390.00,3390.00,X,19,1.05,X,320000,85.535,X,X,X,X,X,X,X,X,X,X,X,X,X,X,X,X,X,X,X,182,182,100,73.6,
Arta\Arta-15.097,09/24/17 - 09:49,Arta-15,3.500,1.750,3503.00,3503.00,0.03509,0.03509,3390.00,3390.00,X,19,1.05,X,320000,85.535,X,X,X,X,X,X,X,X,X,X,X,X,X,X,X,X,X,X,X,139,138,97,56.1,
Arta\Arta-15.098,10/08/17 - 09:29,Arta-15,3.500,1.750,3503.00,3503.00,0.03509,0.03509,3390.00,3390.00,X,19,1.05,X,320000,85.535,X,X,X,X,X,X,X,X,X,X,X,X,X,X,X,X,X,X,X,198,198,100,79.9,
Arta\Arta-15.099,11/27/17 - 09:18,Arta-15,3.500,1.750,3503.00,3503.00,0.03509,0.03509,3390.00,3390.00,X,19,1.05,X,320000,85.535,X,X,X,X,X,X,X,X,X,X,X,X,X,X,X,X,X,X,X,149,149,100,60.4,
Arta\Arta-15.100,12/03/17 - 09:23,Arta-15,3.500,1.750,3503.00,3503.00,0.03509,0.03509,3390.00,3390.00,X,19,1.05,X,320000,85.535,X,X,X,X,X,X,X,X,X,X,X,X,X,X,X,X,X,X,X,190,190,100,76.7,
Arta\arta-16.095,01/29/17 - 15:12,Arta-16,3.500,1.750,2998.00,2998.00,0.02998,0.02998,2998.00,2998.00,X,40,1.05,X,320000,102.243,X,X,X,X,X,X,X,X,X,X,X,X,X,X,X,X,X,X,X,58,55,95,20.7,
Arta\arta-16.096,02/02/17 - 08:05,Arta-16,3.500,1.750,2998.00,2998.00,0.02998,0.02998,2998.00,2998.00,X,40,1.05,X,320000,102.243,X,X,X,X,X,X,X,X,X,X,X,X,X,X,X,X,X,X,X,1524,1524,100,513.2,
Arta\arta-16.097,02/06/17 - 11:17,Arta-16,3.500,1.750,2998.00,2998.00,0.02998,0.02998,2998.00,2998.00,X,40,1.05,X,320000,102.243,X,X,X,X,X,X,X,X,X,X,X,X,X,X,X,X,X,X,X,156,124,80,47.5,
Arta\arta-16.098,02/16/17 - 09:41,Arta-16,3.500,1.750,2998.00,2998.00,0.02998,0.02998,2998.00,2998.00,X,40,1.05,X,320000,102.243,X,X,X,X,X,X,X,X,X,X,X,X,X,X,X,X,X,X,X,167,126,75,47.7,
Arta\arta-16.099,02/19/17 - 09:33,Arta-16,3.500,1.750,2998.00,2998.00,0.02998,0.02998,2998.00,2998.00,X,40,1.05,X,320000,102.243,X,X,X,X,X,X,X,X,X,X,X,X,X,X,X,X,X,X,X,X,X,100,61.3,
Arta\arta-16.100,03/01/17 - 08:41,Arta-16,3.500,1.750,2998.00,2998.00,0.02998,0.02998,2998.00,2998.00,X,40,1.05,X,320000,102.243,X,X,X,X,X,X,X,X,X,X,X,X,X,X,X,X,X,X,X,X,X,100,70.4,
Arta\arta-16.101,03/02/17 - 09:48,Arta-16,3.500,1.750,2998.00,2998.00,0.02998,0.02998,2998.00,2998.00,X,40,1.05,X,320000,102.243,X,X,X,X,X,X,X,X,X,X,X,X,X,X,X,X,X,X,X,80,42,53,33.7,
Arta\arta-16.102,03/04/17 - 09:39,Arta-16,3.500,1.750,2998.00,2998.00,0.02998,0.02998,2998.00,2998.00,X,40,1.05,X,320000,102.243,X,03/04/17 - 10:01,11784,4294,1936,-3596,4.4,99.5,7.531,100.00,99.5,267.7,3596.2,545694.2,0,7716,7480,6935,3281,85,85,100,39.9,
Arta\arta-16.103,03/08/17 - 09:31,Arta-16,3.500,1.750,2998.00,2998.00,0.02998,0.02998,2998.00,2998.00,X,40,1.05,X,320000,102.243,X,X,X,X,X,X,X,X,X,X,X,X,X,X,X,X,X,X,X,220,162,74,61.4,
Arta\arta-16.104,03/09/17 - 10:59,Arta-16,3.500,1.750,2998.00,2998.00,0.02998,0.02998,2998.00,2998.00,X,40,1.05,X,320000,102.243,X,X,X,X,X,X,X,X,X,X,X,X,X,X,X,X,X,X,X,132,132,100,50.8,
Arta\arta-16.105,03/26/17 - 09:05,Arta-16,3.500,1.750,2998.00,2998.00,0.02998,0.02998,2998.00,2998.00,X,40,1.05,X,320000,102.243,X,X,X,X,X,X,X,X,X,X,X,X,X,X,X,X,X,X,X,274,156,57,55.3,
Arta\arta-16.106,04/09/17 - 09:03,Arta-16,3.500,1.750,2998.00,2998.00,0.02998,0.02998,2998.00,2998.00,X,40,1.05,X,320000,102.243,X,X,X,X,X,X,X,X,X,X,X,X,X,X,X,X,X,X,X,283,94,33,35.5,
Arta\arta-16.107,04/18/17 - 08:54,Arta-16,3.500,1.750,2998.00,2998.00,0.02998,0.02998,2998.00,2998.00,X,40,1.05,X,320000,102.243,X,X,X,X,X,X,X,X,X,X,X,X,X,X,X,X,X,X,X,253,226,89,80.6,
Arta\arta-16.108,05/15/17 - 11:06,Arta-16,3.500,1.750,2998.00,2998.00,0.02998,0.02998,2998.00,2998.00,X,40,1.05,X,320000,102.243,X,X,X,X,X,X,X,X,X,X,X,X,X,X,X,X,X,X,X,271,201,74,69.4,
Arta\arta-16.109,07/11/17 - 08:45,Arta-16,3.500,1.750,2998.00,2998.00,0.02998,0.02998,2998.00,2998.00,X,40,1.05,X,320000,102.243,X,X,X,X,X,X,X,X,X,X,X,X,X,X,X,X,X,X,X,315,115,36,41.4,
Arta\Arta-17.199,11/06/17 - 09:55,Arta-17,3.500,2.250,3716.00,3716.00,0.0369,0.0369,3681.00,3681.00,X,19,1.05,X,640000,144.000,X,X,X,X,X,X,X,X,X,X,X,X,X,X,X,X,X,X,X,2277,2266,100,887.8,
Arta\Arta-2.113,01/15/17 - 09:13,Arta-2,3.500,1.250,2881.00,2881.00,0.01,0.01,2948.00,2948.00,X,19,1.05,X,228000,86.000,X,X,X,X,X,X,X,X,X,X,X,X,X,X,X,X,X,X,X,108,73,68,30.2,
Arta\Arta-2.114,02/26/17 - 15:06,Arta-2,3.500,1.250,2881.00,2881.00,0.01,0.01,2948.00,2948.00,X,19,1.05,X,228000,86.000,X,X,X,X,X,X,X,X,X,X,X,X,X,X,X,X,X,X,X,115,79,68,37.6,
Arta\Arta-2.115,03/12/17 - 09:01,Arta-2,3.500,1.250,2881.00,2881.00,0.01,0.01,2948.00,2948.00,X,19,1.05,X,228000,86.000,X,X,X,X,X,X,X,X,X,X,X,X,X,X,X,X,X,X,X,113,78,69,31.7,
Arta\Arta-2.116,05/14/17 - 08:39,Arta-2,3.500,1.250,2881.00,2881.00,0.01,0.01,2948.00,2948.00,X,19,1.05,X,228000,86.000,X,X,X,X,X,X,X,X,X,X,X,X,X,X,X,X,X,X,X,116,81,70,34.0,
Arta\Arta-2.117,06/11/17 - 08:34,Arta-2,3.500,1.250,2881.00,2881.00,0.01,0.01,2948.00,2948.00,X,19,1.05,X,228000,86.000,X,X,X,X,X,X,X,X,X,X,X,X,X,X,X,X,X,X,X,102,69,68,35.8,
Arta\Arta-2.118,07/30/17 - 08:57,Arta-2,3.500,1.250,2881.00,2881.00,0.01,0.01,2948.00,2948.00,X,19,1.05,X,228000,86.000,X,X,X,X,X,X,X,X,X,X,X,X,X,X,X,X,X,X,X,112,76,68,31.3,
Arta\Arta-2.119,08/18/17 - 09:31,Arta-2,3.500,1.250,2881.00,2881.00,0.01,0.01,2948.00,2948.00,X,19,1.05,X,228000,86.000,X,X,X,X,X,X,X,X,X,X,X,X,X,X,X,X,X,X,X,1028,757,74,302.4,
Arta\Arta-2.120,09/03/17 - 08:31,Arta-2,3.500,1.250,2881.00,2881.00,0.01,0.01,2948.00,2948.00,X,19,1.05,X,228000,86.000,X,X,X,X,X,X,X,X,X,X,X,X,X,X,X,X,X,X,X,137,97,70,45.6,
Arta\Arta-2.121,09/17/17 - 09:56,Arta-2,3.500,1.250,2881.00,2881.00,0.01,0.01,2948.00,2948.00,X,19,1.05,X,228000,86.000,X,X,X,X,X,X,X,X,X,X,X,X,X,X,X,X,X,X,X,113,83,73,39.3,
Arta\Arta-2.122,10/01/17 - 09:15,Arta-2,3.500,1.250,2881.00,2881.00,0.01,0.01,2948.00,2948.00,X,19,1.05,X,228000,86.000,X,X,X,X,X,X,X,X,X,X,X,X,X,X,X,X,X,X,X,108,72,66,29.9,
Arta\Arta-2.123,11/19/17 - 11:30,Arta-2,3.500,1.250,2881.00,2881.00,0.01,0.01,2948.00,2948.00,X,19,1.05,X,228000,86.000,X,X,X,X,X,X,X,X,X,X,X,X,X,X,X,X,X,X,X,138,96,70,46.7,
Arta\Arta-2.124,12/24/17 - 09:03,Arta-2,3.500,1.250,2881.00,2881.00,0.01,0.01,2948.00,2948.00,X,19,1.05,X,228000,86.000,X,X,X,X,X,X,X,X,X,X,X,X,X,X,X,X,X,X,X,134,92,69,49.4,
Arta\Arta-24.001,06/21/17 - 09:01,Arta-24,3.500,X,3707.00,3707.00,0.03674,0.03674,3754.00,3754.00,X,19,1.05,X,X,123.734,X,X,X,X,X,X,X,X,X,X,X,X,X,X,X,X,X,X,X,1403,1086,77,424.8,
Arta\Arta-24.002,07/01/17 - 08:34,Arta-24,3.500,X,3661.00,3661.00,0.03674,0.03674,3754.00,3754.00,X,19,1.05,X,X,100.000,X,X,X,X,X,X,X,X,X,X,X,X,X,X,X,X,X,X,X,1294,1294,100,510.1,
Arta\Arta-24.003,07/03/17 - 15:23,Arta-24,3.500,X,3661.00,3661.00,0.03674,0.03674,3754.00,3754.00,X,19,1.05,X,X,100.000,X,X,X,X,X,X,X,X,X,X,X,X,X,X,X,X,X,X,X,1336,1162,87,458.2,
Arta\Arta-24.004,07/05/17 - 08:57,Arta-24,3.500,X,3661.00,3661.00,0.03674,0.03674,3754.00,3754.00,X,19,1.05,X,X,100.000,X,X,X,X,X,X,X,X,X,X,X,X,X,X,X,X,X,X,X,1290,1290,100,509.0,
Arta\Arta-24.005,07/07/17 - 09:13,Arta-24,3.500,X,3661.00,3661.00,0.03674,0.03674,3754.00,3754.00,X,19,1.05,X,X,100.000,X,X,X,X,X,X,X,X,X,X,X,X,X,X,X,X,X,X,X,1298,1298,100,511.3,
Arta\Arta-24.006,07/08/17 - 09:02,Arta-24,3.500,X,3661.00,3661.00,0.03674,0.03674,3754.00,3754.00,X,19,1.05,X,X,100.000,X,X,X,X,X,X,X,X,X,X,X,X,X,X,X,X,X,X,X,1305,1305,100,513.4,
Arta\Arta-24.007,07/12/17 - 08:54,Arta-24,3.500,X,3661.00,3661.00,0.03674,0.03674,3754.00,3754.00,X,19,1.05,X,X,100.000,X,X,X,X,X,X,X,X,X,X,X,X,X,X,X,X,X,X,X,1250,1250,100,491.4,
Arta\Arta-24.008,07/20/17 - 09:57,Arta-24,3.500,X,3661.00,3661.00,0.03674,0.03674,3754.00,3754.00,X,19,1.05,X,X,100.000,X,X,X,X,X,X,X,X,X,X,X,X,X,X,X,X,X,X,X,1241,1203,97,472.7,
Arta\Arta-24.009,07/24/17 - 08:48,Arta-24,3.500,X,3661.00,3661.00,0.03674,0.03674,3754.00,3754.00,X,19,1.05,X,X,100.000,X,X,X,X,X,X,X,X,X,X,X,X,X,X,X,X,X,X,X,1869,1412,76,557.2,
Arta\Arta-24.010,07/31/17 - 08:45,Arta-24,3.500,X,3661.00,3661.00,0.03674,0.03674,3754.00,3754.00,X,19,1.05,X,X,100.000,X,X,X,X,X,X,X,X,X,X,X,X,X,X,X,X,X,X,X,1142,1142,100,448.4,
Arta\Arta-24.011,08/06/17 - 09:30,Arta-24,3.500,X,3661.00,3661.00,0.03674,0.03674,3754.00,3754.00,X,19,1.05,X,X,100.000,X,X,X,X,X,X,X,X,X,X,X,X,X,X,X,X,X,X,X,1793,1406,78,554.7,
Arta\Arta-24.012,08/07/17 - 09:10,Arta-24,3.500,X,3661.00,3661.00,0.03674,0.03674,3754.00,3754.00,X,19,1.05,X,X,100.000,X,X,X,X,X,X,X,X,X,X,X,X,X,X,X,X,X,X,X,1164,1164,100,456.7,
Arta\Arta-24.013,08/13/17 - 08:37,Arta-24,3.500,X,3661.00,3661.00,0.03674,0.03674,3754.00,3754.00,X,19,1.05,X,X,100.000,X,X,X,X,X,X,X,X,X,X,X,X,X,X,X,X,X,X,X,1229,1143,93,448.7,
Arta\Arta-24.014,08/16/17 - 09:07,Arta-24,3.500,X,3661.00,3661.00,0.03674,0.03674,3754.00,3754.00,X,19,1.05,X,X,100.000,X,X,X,X,X,X,X,X,X,X,X,X,X,X,X,X,X,X,X,2450,1773,72,697.3,
Arta\Arta-24.015,08/21/17 - 11:07,Arta-24,3.500,X,3661.00,3661.00,0.03674,0.03674,3754.00,3754.00,X,19,1.05,X,X,100.000,X,X,X,X,X,X,X,X,X,X,X,X,X,X,X,X,X,X,X,1190,1128,95,439.2,
Arta\Arta-24.016,08/31/17 - 08:31,Arta-24,3.500,X,3661.00,3661.00,0.03674,0.03674,3754.00,3754.00,X,19,1.05,X,X,100.000,X,X,X,X,X,X,X,X,X,X,X,X,X,X,X,X,X,X,X,1800,1560,87,614.4,
Arta\Arta-24.017,09/04/17 - 08:44,Arta-24,3.500,X,3661.00,3661.00,0.03674,0.03674,3754.00,3754.00,X,19,1.05,X,X,100.000,X,X,X,X,X,X,X,X,X,X,X,X,X,X,X,X,X,X,X,2361,2046,87,801.5,
Arta\Arta-24.018,09/06/17 - 09:29,Arta-24,3.500,X,3661.00,3661.00,0.03674,0.03674,3754.00,3754.00,X,19,1.05,X,X,100.000,X,X,X,X,X,X,X,X,X,X,X,X,X,X,X,X,X,X,X,1719,1465,85,577.1,
Arta\Arta-24.019,09/11/17 - 09:08,Arta-24,3.500,X,3661.00,3661.00,0.03674,0.03674,3754.00,3754.00,X,19,1.05,X,X,100.000,X,X,X,X,X,X,X,X,X,X,X,X,X,X,X,X,X,X,X,2377,2192,92,856.9,
Arta\Arta-24.020,09/18/17 - 09:58,Arta-24,3.500,X,3661.00,3661.00,0.03674,0.03674,3754.00,3754.00,X,19,1.05,X,X,100.000,X,X,X,X,X,X,X,X,X,X,X,X,X,X,X,X,X,X,X,1224,1224,100,482.0,
Arta\Arta-24.021,09/20/17 - 09:03,Arta-24,3.500,X,3661.00,3661.00,0.03674,0.03674,3754.00,3754.00,X,19,1.05,X,X,100.000,X,X,X,X,X,X,X,X,X,X,X,X,X,X,X,X,X,X,X,1167,1167,100,460.5,
Arta\Arta-24.022,09/27/17 - 09:09,Arta-24,3.500,X,3661.00,3661.00,0.03674,0.03674,3754.00,3754.00,X,19,1.05,X,X,100.000,X,X,X,X,X,X,X,X,X,X,X,X,X,X,X,X,X,X,X,1527,1527,100,601.1,
Arta\Arta-24.023,10/04/17 - 09:30,Arta-24,3.500,X,3661.00,3661.00,0.03674,0.03674,3754.00,3754.00,X,19,1.05,X,X,100.000,X,X,X,X,X,X,X,X,X,X,X,X,X,X,X,X,X,X,X,1292,1292,100,505.7,
Arta\Arta-24.024,10/09/17 - 08:40,Arta-24,3.500,X,3661.00,3661.00,0.03674,0.03674,3754.00,3754.00,X,19,1.05,X,X,100.000,X,X,X,X,X,X,X,X,X,X,X,X,X,X,X,X,X,X,X,1204,1204,100,471.7,
Arta\Arta-24.025,10/16/17 - 09:51,Arta-24,3.500,X,3661.00,3661.00,0.03674,0.03674,3754.00,3754.00,X,19,1.05,X,X,100.000,X,X,X,X,X,X,X,X,X,X,X,X,X,X,X,X,X,X,X,1188,1188,100,465.5,
Arta\Arta-24.026,10/23/17 - 09:30,Arta-24,3.500,X,3661.00,3661.00,0.03674,0.03674,3754.00,3754.00,X,19,1.05,X,X,100.000,X,X,X,X,X,X,X,X,X,X,X,X,X,X,X,X,X,X,X,1266,1266,100,495.7,
Arta\Arta-24.027,11/01/17 - 09:27,Arta-24,3.500,X,3627.00,3627.00,0.03674,0.03674,3754.00,3754.00,X,19,1.05,X,X,100.000,X,X,X,X,X,X,X,X,X,X,X,X,X,X,X,X,X,X,X,1283,1283,100,506.0,
Arta\Arta-24.028,11/03/17 - 09:19,Arta-24,3.500,X,3627.00,3627.00,0.03674,0.03674,3754.00,3754.00,X,19,1.05,X,X,100.000,X,X,X,X,X,X,X,X,X,X,X,X,X,X,X,X,X,X,X,1325,1325,100,522.5,
Arta\Arta-24.029,11/05/17 - 09:21,Arta-24,3.500,X,3627.00,3627.00,0.03674,0.03674,3754.00,3754.00,X,19,1.05,X,X,100.000,X,X,X,X,X,X,X,X,X,X,X,X,X,X,X,X,X,X,X,1283,1238,97,488.2,
Arta\Arta-24.030,11/06/17 - 09:39,Arta-24,3.500,X,3627.00,3627.00,0.03674,0.03674,3754.00,3754.00,X,19,1.05,X,X,100.000,X,X,X,X,X,X,X,X,X,X,X,X,X,X,X,X,X,X,X,1262,1262,100,497.5,
Arta\Arta-24.031,11/07/17 - 08:51,Arta-24,3.500,X,3627.00,3627.00,0.03674,0.03674,3754.00,3754.00,X,19,1.05,X,X,100.000,X,X,X,X,X,X,X,X,X,X,X,X,X,X,X,X,X,X,X,1323,1323,100,520.9,
Arta\Arta-24.032,11/12/17 - 09:44,Arta-24,3.500,X,3627.00,3627.00,0.03674,0.03674,3754.00,3754.00,X,19,1.05,X,X,100.000,X,X,X,X,X,X,X,X,X,X,X,X,X,X,X,X,X,X,X,1386,1386,100,546.4,
Arta\Arta-24.033,11/21/17 - 08:13,Arta-24,3.500,X,3627.00,3627.00,0.03674,0.03674,3754.00,3754.00,X,19,1.05,X,X,100.000,X,X,X,X,X,X,X,X,X,X,X,X,X,X,X,X,X,X,X,1423,1423,100,560.7,
Arta\Arta-24.034,11/24/17 - 10:20,Arta-24,3.500,X,3627.00,3627.00,0.03674,0.03674,3754.00,3754.00,X,19,1.05,X,X,100.000,X,X,X,X,X,X,X,X,X,X,X,X,X,X,X,X,X,X,X,1318,1318,100,519.2,
Arta\Arta-24.035,11/25/17 - 14:34,Arta-24,3.500,X,3627.00,3627.00,0.03674,0.03674,3754.00,3754.00,X,19,1.05,X,X,100.000,X,X,X,X,X,X,X,X,X,X,X,X,X,X,X,X,X,X,X,1367,1367,100,538.8,
Arta\Arta-24.036,11/27/17 - 09:25,Arta-24,3.500,X,3627.00,3627.00,0.03674,0.03674,3754.00,3754.00,X,19,1.05,X,X,100.000,X,X,X,X,X,X,X,X,X,X,X,X,X,X,X,X,X,X,X,1292,1292,100,509.1,
Arta\Arta-24.037,12/10/17 - 09:23,Arta-24,3.500,X,3627.00,3627.00,0.03674,0.03674,3754.00,3754.00,X,19,1.05,X,X,100.000,X,X,X,X,X,X,X,X,X,X,X,X,X,X,X,X,X,X,X,1454,965,66,379.2,
Arta\Arta-24.038,12/11/17 - 09:09,Arta-24,3.500,X,3627.00,3627.00,0.03674,0.03674,3754.00,3754.00,X,19,1.05,X,X,100.000,X,X,X,X,X,X,X,X,X,X,X,X,X,X,X,X,X,X,X,1445,982,68,385.9,
Arta\Arta-24.039,12/12/17 - 09:25,Arta-24,3.500,X,3627.00,3627.00,0.03674,0.03674,3754.00,3754.00,X,19,1.05,X,X,100.000,X,X,X,X,X,X,X,X,X,X,X,X,X,X,X,X,X,X,X,1037,774,75,409.9,
Arta\Arta-24.040,12/13/17 - 09:01,Arta-24,3.500,X,3627.00,3627.00,0.03674,0.03674,3754.00,3754.00,X,19,1.05,X,X,100.000,X,X,X,X,X,X,X,X,X,X,X,X,X,X,X,X,X,X,X,1359,1100,81,431.4,
Arta\Arta-24.041,12/18/17 - 09:27,Arta-24,3.500,X,3627.00,3627.00,0.03674,0.03674,3754.00,3754.00,X,19,1.05,X,X,100.000,X,X,X,X,X,X,X,X,X,X,X,X,X,X,X,X,X,X,X,1271,1271,100,497.6,
Arta\Arta-24.042,12/24/17 - 09:22,Arta-24,3.500,X,3627.00,3627.00,0.03674,0.03674,3754.00,3754.00,X,19,1.05,X,X,100.000,X,X,X,X,X,X,X,X,X,X,X,X,X,X,X,X,X,X,X,1148,1148,100,449.4,
Arta\Arta-24.043,12/27/17 - 09:40,Arta-24,3.500,X,3627.00,3627.00,0.03674,0.03674,3754.00,3754.00,X,19,1.05,X,X,100.000,X,X,X,X,X,X,X,X,X,X,X,X,X,X,X,X,X,X,X,1180,1180,100,462.3,
Arta\Arta-24.044,12/31/17 - 09:52,Arta-24,3.500,X,3627.00,3627.00,0.03674,0.03674,3754.00,3754.00,X,19,1.05,X,X,100.000,X,X,X,X,X,X,X,X,X,X,X,X,X,X,X,X,X,X,X,1180,1180,100,464.3,
Arta\Arta-25.074,12/29/17 - 09:49,Arta-25,X,X,X,X,0.04011,0.04011,4075.00,4075.00,X,19,1.05,X,X,144.000,X,X,X,X,X,X,X,X,X,X,X,X,X,X,X,X,X,X,X,1280,1280,100,X,
Arta\Arta-26.330,01/04/17 - 09:46,Arta-26,3.500,X,3682.00,3682.00,0.03888,0.03888,3916.00,3916.00,X,19,1.05,X,X,100.000,X,X,X,X,X,X,X,X,X,X,X,X,X,X,X,X,X,X,X,1396,1396,100,542.9,
Arta\Arta-26.331,01/09/17 - 11:02,Arta-26,3.500,X,3682.00,3682.00,0.03888,0.03888,3916.00,3916.00,X,19,1.05,X,X,100.000,X,X,X,X,X,X,X,X,X,X,X,X,X,X,X,X,X,X,X,1421,1421,100,558.2,
Arta\Arta-26.332,01/18/17 - 08:58,Arta-26,3.500,X,3682.00,3682.00,0.03888,0.03888,3916.00,3916.00,X,19,1.05,X,X,100.000,X,X,X,X,X,X,X,X,X,X,X,X,X,X,X,X,X,X,X,1390,1390,100,546.4,
Arta\Arta-26.333,01/25/17 - 09:31,Arta-26,3.500,X,3682.00,3682.00,0.03888,0.03888,3916.00,3916.00,X,19,1.05,X,X,100.000,X,X,X,X,X,X,X,X,X,X,X,X,X,X,X,X,X,X,X,1391,1391,100,546.8,
Arta\Arta-26.334,01/29/17 - 15:15,Arta-26,3.500,X,3682.00,3682.00,0.03888,0.03888,3916.00,3916.00,X,19,1.05,X,X,100.000,X,X,X,X,X,X,X,X,X,X,X,X,X,X,X,X,X,X,X,823,823,100,327.2,
Arta\Arta-26.335,02/01/17 - 08:34,Arta-26,3.500,X,3682.00,3682.00,0.03888,0.03888,3916.00,3916.00,X,19,1.05,X,X,100.000,X,X,X,X,X,X,X,X,X,X,X,X,X,X,X,X,X,X,X,1395,1395,100,548.4,
Arta\Arta-26.336,02/08/17 - 08:58,Arta-26,3.500,X,3682.00,3682.00,0.03888,0.03888,3916.00,3916.00,X,19,1.05,X,X,100.000,X,X,X,X,X,X,X,X,X,X,X,X,X,X,X,X,X,X,X,1417,1417,100,556.8,
Arta\Arta-26.337,02/15/17 - 10:09,Arta-26,3.500,X,3682.00,3682.00,0.03888,0.03888,3916.00,3916.00,X,19,1.05,X,X,100.000,X,X,X,X,X,X,X,X,X,X,X,X,X,X,X,X,X,X,X,1400,1400,100,550.0,
Arta\Arta-26.338,02/21/17 - 09:15,Arta-26,3.500,X,3682.00,3682.00,0.03888,0.03888,3916.00,3916.00,X,19,1.05,X,X,100.000,X,X,X,X,X,X,X,X,X,X,X,X,X,X,X,X,X,X,X,1423,1423,100,559.0,
Arta\Arta-26.339,02/28/17 - 10:31,Arta-26,3.500,X,3682.00,3682.00,0.03888,0.03888,3916.00,3916.00,X,19,1.05,X,X,100.000,X,X,X,X,X,X,X,X,X,X,X,X,X,X,X,X,X,X,X,1387,1387,100,544.8,
Arta\Arta-26.340,03/09/17 - 08:42,Arta-26,3.500,X,3682.00,3682.00,0.03888,0.03888,3916.00,3916.00,X,19,1.05,X,X,100.000,X,X,X,X,X,X,X,X,X,X,X,X,X,X,X,X,X,X,X,1421,1421,100,558.5,
Arta\Arta-26.341,03/22/17 - 08:46,Arta-26,3.500,X,3682.00,3682.00,0.03888,0.03888,3916.00,3916.00,X,19,1.05,X,X,100.000,X,X,X,X,X,X,X,X,X,X,X,X,X,X,X,X,X,X,X,1384,1384,100,543.9,
Arta\Arta-26.342,03/30/17 - 09:16,Arta-26,3.500,X,3682.00,3682.00,0.03888,0.03888,3916.00,3916.00,X,19,1.05,X,X,100.000,X,X,X,X,X,X,X,X,X,X,X,X,X,X,X,X,X,X,X,1418,1418,100,557.4,
Arta\Arta-26.343,04/05/17 - 10:46,Arta-26,3.500,X,3682.00,3682.00,0.03888,0.03888,3916.00,3916.00,X,19,1.05,X,X,100.000,X,X,X,X,X,X,X,X,X,X,X,X,X,X,X,X,X,X,X,1395,1395,100,547.6,
Arta\Arta-26.344,04/16/17 - 08:26,Arta-26,3.500,X,3682.00,3682.00,0.03888,0.03888,3916.00,3916.00,X,19,1.05,X,X,100.000,X,X,X,X,X,X,X,X,X,X,X,X,X,X,X,X,X,X,X,1396,1396,100,548.9,
Arta\Arta-26.345,04/26/17 - 09:01,Arta-26,3.500,X,3682.00,3682.00,0.03888,0.03888,3916.00,3916.00,X,19,1.05,X,X,100.000,X,X,X,X,X,X,X,X,X,X,X,X,X,X,X,X,X,X,X,1448,1448,100,568.7,
Arta\Arta-26.346,05/05/17 - 08:44,Arta-26,3.500,X,3682.00,3682.00,0.03888,0.03888,3916.00,3916.00,X,19,1.05,X,X,100.000,X,X,X,X,X,X,X,X,X,X,X,X,X,X,X,X,X,X,X,1397,1397,100,548.9,
Arta\Arta-26.347,05/10/17 - 09:54,Arta-26,3.500,X,3682.00,3682.00,0.03888,0.03888,3916.00,3916.00,X,19,1.05,X,X,100.000,X,X,X,X,X,X,X,X,X,X,X,X,X,X,X,X,X,X,X,1421,1421,100,557.9,
Arta\Arta-26.348,05/17/17 - 09:00,Arta-26,3.500,X,3682.00,3682.00,0.03888,0.03888,3916.00,3916.00,X,19,1.05,X,X,100.000,X,X,X,X,X,X,X,X,X,X,X,X,X,X,X,X,X,X,X,1393,1346,97,529.2,
Arta\Arta-26.349,05/24/17 - 14:35,Arta-26,3.500,X,3682.00,3682.00,0.03888,0.03888,3916.00,3916.00,X,19,1.05,X,X,100.000,X,X,X,X,X,X,X,X,X,X,X,X,X,X,X,X,X,X,X,1422,1422,100,557.9,
Arta\Arta-26.350,05/31/17 - 08:29,Arta-26,3.500,X,3682.00,3682.00,0.03888,0.03888,3916.00,3916.00,X,19,1.05,X,X,100.000,X,X,X,X,X,X,X,X,X,X,X,X,X,X,X,X,X,X,X,1397,1397,100,548.9,
Arta\Arta-26.351,06/05/17 - 08:47,Arta-26,3.500,X,3682.00,3682.00,0.03888,0.03888,3916.00,3916.00,X,19,1.05,X,X,100.000,X,X,X,X,X,X,X,X,X,X,X,X,X,X,X,X,X,X,X,1419,1419,100,556.9,
Arta\Arta-26.352,06/09/17 - 08:40,Arta-26,3.500,X,3682.00,3682.00,0.03888,0.03888,3916.00,3916.00,X,19,1.05,X,X,100.000,X,X,X,X,X,X,X,X,X,X,X,X,X,X,X,X,X,X,X,2814,2814,100,1100.4,
Arta\Arta-26.353,06/10/17 - 07:40,Arta-26,3.500,X,3682.00,3682.00,0.03888,0.03888,3916.00,3916.00,X,19,1.05,X,X,100.000,X,X,X,X,X,X,X,X,X,X,X,X,X,X,X,X,X,X,X,1455,1455,100,572.3,
Arta\Arta-26.354,06/11/17 - 09:12,Arta-26,3.500,X,3682.00,3682.00,0.03888,0.03888,3916.00,3916.00,X,19,1.05,X,X,100.000,X,X,X,X,X,X,X,X,X,X,X,X,X,X,X,X,X,X,X,1436,1436,100,564.2,
Arta\Arta-26.355,06/12/17 - 08:46,Arta-26,3.500,X,3682.00,3682.00,0.03888,0.03888,3916.00,3916.00,X,19,1.05,X,X,100.000,X,X,X,X,X,X,X,X,X,X,X,X,X,X,X,X,X,X,X,1422,1422,100,558.6,
Arta\Arta-26.356,06/15/17 - 08:45,Arta-26,3.500,X,3682.00,3682.00,0.03888,0.03888,3916.00,3916.00,X,19,1.05,X,X,100.000,X,X,X,X,X,X,X,X,X,X,X,X,X,X,X,X,X,X,X,1397,1397,100,548.4,
Arta\Arta-26.357,06/15/17 - 08:50,Arta-26,3.500,X,3682.00,3682.00,0.03888,0.03888,3916.00,3916.00,X,19,1.05,X,X,100.000,X,X,X,X,X,X,X,X,X,X,X,X,X,X,X,X,X,X,X,1401,1401,100,550.2,
Arta\Arta-26.358,06/21/17 - 08:22,Arta-26,3.500,X,3654.00,3654.00,0.03888,0.03888,3916.00,3916.00,X,19,1.05,X,X,100.000,X,X,X,X,X,X,X,X,X,X,X,X,X,X,X,X,X,X,X,1364,1364,100,534.4,
Arta\Arta-26.359,06/27/17 - 09:27,Arta-26,3.500,X,3654.00,3654.00,0.03888,0.03888,3916.00,3916.00,X,19,1.05,X,X,100.000,X,X,X,X,X,X,X,X,X,X,X,X,X,X,X,X,X,X,X,1372,1372,100,537.8,
Arta\Arta-26.360,06/30/17 - 09:21,Arta-26,3.500,X,3654.00,3654.00,0.03888,0.03888,3916.00,3916.00,X,19,1.05,X,X,100.000,X,X,X,X,X,X,X,X,X,X,X,X,X,X,X,X,X,X,X,1370,1370,100,538.7,
Arta\Arta-26.361,07/05/17 - 08:41,Arta-26,3.500,X,3654.00,3654.00,0.03888,0.03888,3916.00,3916.00,X,19,1.05,X,X,100.000,X,X,X,X,X,X,X,X,X,X,X,X,X,X,X,X,X,X,X,1395,1395,100,548.1,
Arta\Arta-26.362,07/12/17 - 08:38,Arta-26,3.500,X,3654.00,3654.00,0.03888,0.03888,3916.00,3916.00,X,19,1.05,X,X,100.000,X,X,X,X,X,X,X,X,X,X,X,X,X,X,X,X,X,X,X,1368,1368,100,537.8,
Arta\Arta-26.363,07/20/17 - 10:09,Arta-26,3.500,X,3654.00,3654.00,0.03888,0.03888,3916.00,3916.00,X,19,1.05,X,X,100.000,X,X,X,X,X,X,X,X,X,X,X,X,X,X,X,X,X,X,X,1398,1398,100,549.5,
Arta\Arta-26.364,07/24/17 - 08:33,Arta-26,3.500,X,3654.00,3654.00,0.03888,0.03888,3916.00,3916.00,X,19,1.05,X,X,100.000,X,X,X,X,X,X,X,X,X,X,X,X,X,X,X,X,X,X,X,1376,1376,100,541.2,
Arta\Arta-26.365,07/31/17 - 08:32,Arta-26,3.500,X,3654.00,3654.00,0.03888,0.03888,3916.00,3916.00,X,19,1.05,X,X,100.000,X,X,X,X,X,X,X,X,X,X,X,X,X,X,X,X,X,X,X,1374,1374,100,540.2,
Arta\Arta-26.366,08/06/17 - 09:16,Arta-26,3.500,X,3654.00,3654.00,0.03888,0.03888,3916.00,3916.00,X,19,1.05,X,X,100.000,X,X,X,X,X,X,X,X,X,X,X,X,X,X,X,X,X,X,X,1374,1374,100,540.3,
Arta\Arta-26.367,08/16/17 - 08:54,Arta-26,3.500,X,3654.00,3654.00,0.03888,0.03888,3916.00,3916.00,X,19,1.05,X,X,100.000,X,X,X,X,X,X,X,X,X,X,X,X,X,X,X,X,X,X,X,1410,1410,100,554.0,
Arta\Arta-26.368,08/21/17 - 10:56,Arta-26,3.500,X,3654.00,3654.00,0.03888,0.03888,3916.00,3916.00,X,19,1.05,X,X,100.000,X,X,X,X,X,X,X,X,X,X,X,X,X,X,X,X,X,X,X,1374,1374,100,537.5,
Arta\Arta-26.369,08/31/17 - 08:20,Arta-26,3.500,X,3654.00,3654.00,0.03888,0.03888,3916.00,3916.00,X,19,1.05,X,X,100.000,X,X,X,X,X,X,X,X,X,X,X,X,X,X,X,X,X,X,X,1417,1417,100,556.9,
Arta\Arta-26.370,09/06/17 - 09:17,Arta-26,3.500,X,3654.00,3654.00,0.03888,0.03888,3916.00,3916.00,X,19,1.05,X,X,100.000,X,X,X,X,X,X,X,X,X,X,X,X,X,X,X,X,X,X,X,1383,1383,100,543.6,
Arta\Arta-26.371,09/11/17 - 08:57,Arta-26,3.500,X,3654.00,3654.00,0.03888,0.03888,3916.00,3916.00,X,19,1.05,X,X,100.000,X,X,X,X,X,X,X,X,X,X,X,X,X,X,X,X,X,X,X,1387,1387,100,545.1,
Arta\Arta-26.372,09/18/17 - 10:10,Arta-26,3.500,X,3654.00,3654.00,0.03888,0.03888,3916.00,3916.00,X,19,1.05,X,X,100.000,X,X,X,X,X,X,X,X,X,X,X,X,X,X,X,X,X,X,X,1383,1383,100,543.7,
Arta\Arta-26.373,09/28/17 - 09:09,Arta-26,3.500,X,3654.00,3654.00,0.03888,0.03888,3916.00,3916.00,X,19,1.05,X,X,100.000,X,X,X,X,X,X,X,X,X,X,X,X,X,X,X,X,X,X,X,1384,1384,100,544.3,
Arta\Arta-26.374,10/04/17 - 08:58,Arta-26,3.500,X,3654.00,3654.00,0.03888,0.03888,3916.00,3916.00,X,19,1.05,X,X,100.000,X,X,X,X,X,X,X,X,X,X,X,X,X,X,X,X,X,X,X,1414,1414,100,555.9,
Arta\Arta-26.375,10/09/17 - 08:26,Arta-26,3.500,X,3654.00,3654.00,0.03888,0.03888,3916.00,3916.00,X,19,1.05,X,X,100.000,X,X,X,X,X,X,X,X,X,X,X,X,X,X,X,X,X,X,X,1417,1417,100,556.9,
Arta\Arta-26.376,10/19/17 - 14:27,Arta-26,3.500,X,3654.00,3654.00,0.03888,0.03888,3916.00,3916.00,X,19,1.05,X,X,100.000,X,X,X,X,X,X,X,X,X,X,X,X,X,X,X,X,X,X,X,1414,1414,100,555.9,
Arta\Arta-26.377,10/23/17 - 09:45,Arta-26,3.500,X,3654.00,3654.00,0.03888,0.03888,3916.00,3916.00,X,19,1.05,X,X,100.000,X,X,X,X,X,X,X,X,X,X,X,X,X,X,X,X,X,X,X,1420,1420,100,558.3,
Arta\Arta-26.378,11/02/17 - 14:22,Arta-26,3.500,X,3654.00,3654.00,0.03888,0.03888,3916.00,3916.00,X,19,1.05,X,X,100.000,X,X,X,X,X,X,X,X,X,X,X,X,X,X,X,X,X,X,X,1391,1391,100,547.0,
Arta\Arta-26.379,11/06/17 - 09:45,Arta-26,3.500,X,3654.00,3654.00,0.03888,0.03888,3916.00,3916.00,X,19,1.05,X,X,100.000,X,X,X,X,X,X,X,X,X,X,X,X,X,X,X,X,X,X,X,1421,1421,100,558.6,
Arta\Arta-26.380,11/12/17 - 09:57,Arta-26,3.500,X,3654.00,3654.00,0.03888,0.03888,3916.00,3916.00,X,19,1.05,X,X,100.000,X,X,X,X,X,X,X,X,X,X,X,X,X,X,X,X,X,X,X,1389,1389,100,546.0,
Arta\Arta-26.381,11/20/17 - 09:55,Arta-26,3.500,X,3654.00,3654.00,0.03888,0.03888,3916.00,3916.00,X,19,1.05,X,X,100.000,X,X,X,X,X,X,X,X,X,X,X,X,X,X,X,X,X,X,X,1393,1393,100,547.6,
Arta\Arta-26.382,12/03/17 - 09:34,Arta-26,3.500,X,3654.00,3654.00,0.03888,0.03888,3916.00,3916.00,X,19,1.05,X,X,100.000,X,X,X,X,X,X,X,X,X,X,X,X,X,X,X,X,X,X,X,1428,1428,100,561.4,
Arta\Arta-26.383,12/13/17 - 08:46,Arta-26,3.500,X,3654.00,3654.00,0.03888,0.03888,3916.00,3916.00,X,19,1.05,X,X,100.000,X,X,X,X,X,X,X,X,X,X,X,X,X,X,X,X,X,X,X,1436,1436,100,564.9,
Arta\Arta-26.384,12/18/17 - 09:37,Arta-26,3.500,X,3654.00,3654.00,0.03888,0.03888,3916.00,3916.00,X,19,1.05,X,X,100.000,X,X,X,X,X,X,X,X,X,X,X,X,X,X,X,X,X,X,X,1428,1428,100,561.5,
Arta\Arta-26.385,12/25/17 - 09:31,Arta-26,3.500,X,3654.00,3654.00,0.03888,0.03888,3916.00,3916.00,X,19,1.05,X,X,100.000,X,X,X,X,X,X,X,X,X,X,X,X,X,X,X,X,X,X,X,1403,1403,100,549.5,
Arta\Arta-26.386,12/31/17 - 10:06,Arta-26,3.500,X,3654.00,3654.00,0.03888,0.03888,3916.00,3916.00,X,19,1.05,X,X,100.000,X,X,X,X,X,X,X,X,X,X,X,X,X,X,X,X,X,X,X,1422,1422,100,559.0,
Arta\Arta-27.385,01/04/17 - 09:37,Arta-27,3.500,X,3533.20,3533.20,0.03587,0.03587,3711.00,3711.00,X,19,1.05,X,X,100.000,X,X,X,X,X,X,X,X,X,X,X,X,X,X,X,X,X,X,X,1952,495,25,207.3,
Arta\Arta-27.386,01/05/17 - 10:12,Arta-27,3.500,X,3533.20,3533.20,0.03587,0.03587,3711.00,3711.00,X,19,1.05,X,X,100.000,X,X,X,X,X,X,X,X,X,X,X,X,X,X,X,X,X,X,X,1328,1318,99,512.5,
Arta\Arta-27.387,01/09/17 - 10:56,Arta-27,3.500,X,3533.20,3533.20,0.03587,0.03587,3711.00,3711.00,X,19,1.05,X,X,100.000,X,X,X,X,X,X,X,X,X,X,X,X,X,X,X,X,X,X,X,1348,1325,98,520.7,
Arta\Arta-27.388,01/18/17 - 08:53,Arta-27,3.500,X,3533.20,3533.20,0.03587,0.03587,3711.00,3711.00,X,19,1.05,X,X,100.000,X,X,X,X,X,X,X,X,X,X,X,X,X,X,X,X,X,X,X,1359,1359,100,533.8,
Arta\Arta-27.389,01/25/17 - 09:25,Arta-27,3.500,X,3533.20,3533.20,0.03587,0.03587,3711.00,3711.00,X,19,1.05,X,X,100.000,X,X,X,X,X,X,X,X,X,X,X,X,X,X,X,X,X,X,X,1334,1334,100,524.0,
Arta\Arta-27.390,01/26/17 - 16:23,Arta-27,3.500,X,3533.20,3533.20,0.03587,0.03587,3711.00,3711.00,X,19,1.05,X,X,100.000,X,X,X,X,X,X,X,X,X,X,X,X,X,X,X,X,X,X,X,1064,1064,100,420.7,
Arta\Arta-27.391,02/01/17 - 08:29,Arta-27,3.500,X,3533.20,3533.20,0.03587,0.03587,3711.00,3711.00,X,19,1.05,X,X,100.000,X,X,X,X,X,X,X,X,X,X,X,X,X,X,X,X,X,X,X,1331,1331,100,522.7,
Arta\Arta-27.392,02/08/17 - 08:52,Arta-27,3.500,X,3533.20,3533.20,0.03587,0.03587,3711.00,3711.00,X,19,1.05,X,X,100.000,X,X,X,X,X,X,X,X,X,X,X,X,X,X,X,X,X,X,X,1401,1401,100,549.9,
Arta\Arta-27.393,02/15/17 - 10:03,Arta-27,3.500,X,3533.20,3533.20,0.03587,0.03587,3711.00,3711.00,X,19,1.05,X,X,100.000,X,X,X,X,X,X,X,X,X,X,X,X,X,X,X,X,X,X,X,1345,1345,100,527.9,
Arta\Arta-27.394,02/15/17 - 17:11,Arta-27,3.500,X,3533.20,3533.20,0.03587,0.03587,3711.00,3711.00,X,19,1.05,X,X,100.000,X,X,X,X,X,X,X,X,X,X,X,X,X,X,X,X,X,X,X,X,X,100,2.0,
Arta\Arta-27.395,02/21/17 - 09:09,Arta-27,3.500,X,3533.20,3533.20,0.03587,0.03587,3711.00,3711.00,X,19,1.05,X,X,100.000,X,X,X,X,X,X,X,X,X,X,X,X,X,X,X,X,X,X,X,1360,1360,100,533.6,
Arta\Arta-27.396,02/28/17 - 10:37,Arta-27,3.500,X,3533.20,3533.20,0.03587,0.03587,3711.00,3711.00,X,19,1.05,X,X,100.000,X,X,X,X,X,X,X,X,X,X,X,X,X,X,X,X,X,X,X,1336,1336,100,524.7,
Arta\Arta-27.397,03/08/17 - 09:39,Arta-27,3.500,X,3533.20,3533.20,0.03587,0.03587,3711.00,3711.00,X,19,1.05,X,X,100.000,X,X,X,X,X,X,X,X,X,X,X,X,X,X,X,X,X,X,X,1371,1371,100,538.0,
Arta\Arta-27.398,03/22/17 - 08:41,Arta-27,3.500,X,3533.20,3533.20,0.03587,0.03587,3711.00,3711.00,X,19,1.05,X,X,100.000,X,X,X,X,X,X,X,X,X,X,X,X,X,X,X,X,X,X,X,1328,1328,100,521.6,
Arta\Arta-27.399,03/30/17 - 09:11,Arta-27,3.500,X,3533.20,3533.20,0.03587,0.03587,3711.00,3711.00,X,19,1.05,X,X,100.000,X,X,X,X,X,X,X,X,X,X,X,X,X,X,X,X,X,X,X,1308,1308,100,514.1,
Arta\Arta-27.400,04/05/17 - 10:40,Arta-27,3.500,X,3533.20,3533.20,0.03587,0.03587,3711.00,3711.00,X,19,1.05,X,X,100.000,X,X,X,X,X,X,X,X,X,X,X,X,X,X,X,X,X,X,X,1318,1318,100,517.4,
Arta\Arta-27.401,04/15/17 - 15:20,Arta-27,3.500,X,3533.20,3533.20,0.03587,0.03587,3711.00,3711.00,X,19,1.05,X,X,100.000,X,X,X,X,X,X,X,X,X,X,X,X,X,X,X,X,X,X,X,1307,1307,100,514.1,
Arta\Arta-27.402,04/19/17 - 09:12,Arta-27,3.500,X,3533.20,3533.20,0.03587,0.03587,3711.00,3711.00,X,19,1.05,X,X,100.000,X,X,X,X,X,X,X,X,X,X,X,X,X,X,X,X,X,X,X,1361,1361,100,535.0,
Arta\Arta-27.403,04/20/17 - 08:11,Arta-27,3.500,X,3533.20,3533.20,0.03587,0.03587,3711.00,3711.00,X,19,1.05,X,X,100.000,X,X,X,X,X,X,X,X,X,X,X,X,X,X,X,X,X,X,X,1339,1339,100,525.9,
Arta\Arta-27.404,04/26/17 - 08:55,Arta-27,3.500,X,3533.20,3533.20,0.03587,0.03587,3711.00,3711.00,X,19,1.05,X,X,100.000,X,X,X,X,X,X,X,X,X,X,X,X,X,X,X,X,X,X,X,1416,1416,100,556.0,
Arta\Arta-27.405,05/05/17 - 08:38,Arta-27,3.500,X,3533.20,3533.20,0.03587,0.03587,3711.00,3711.00,X,19,1.05,X,X,100.000,X,X,X,X,X,X,X,X,X,X,X,X,X,X,X,X,X,X,X,1270,1270,100,498.5,
Arta\Arta-27.406,05/10/17 - 09:47,Arta-27,3.500,X,3533.20,3533.20,0.03587,0.03587,3711.00,3711.00,X,19,1.05,X,X,100.000,X,X,X,X,X,X,X,X,X,X,X,X,X,X,X,X,X,X,X,1327,1251,94,491.2,
Arta\Arta-27.407,05/17/17 - 08:55,Arta-27,3.500,X,3533.20,3533.20,0.03587,0.03587,3711.00,3711.00,X,19,1.05,X,X,100.000,X,X,X,X,X,X,X,X,X,X,X,X,X,X,X,X,X,X,X,1286,1221,95,479.4,
Arta\Arta-27.408,05/24/17 - 14:29,Arta-27,3.500,X,3533.20,3533.20,0.03587,0.03587,3711.00,3711.00,X,19,1.05,X,X,100.000,X,X,X,X,X,X,X,X,X,X,X,X,X,X,X,X,X,X,X,1303,1303,100,511.4,
Arta\Arta-27.409,05/31/17 - 08:23,Arta-27,3.500,X,3533.20,3533.20,0.03587,0.03587,3711.00,3711.00,X,19,1.05,X,X,100.000,X,X,X,X,X,X,X,X,X,X,X,X,X,X,X,X,X,X,X,1314,1295,99,508.7,
Arta\Arta-27.410,06/05/17 - 08:42,Arta-27,3.500,X,3533.20,3533.20,0.03587,0.03587,3711.00,3711.00,X,19,1.05,X,X,100.000,X,X,X,X,X,X,X,X,X,X,X,X,X,X,X,X,X,X,X,1352,1330,98,521.3,
Arta\Arta-27.411,06/12/17 - 08:41,Arta-27,3.500,X,3533.20,3533.20,0.03587,0.03587,3711.00,3711.00,X,19,1.05,X,X,100.000,X,X,X,X,X,X,X,X,X,X,X,X,X,X,X,X,X,X,X,1294,1294,100,507.2,
Arta\Arta-27.412,06/14/17 - 08:01,Arta-27,3.500,X,3533.20,3533.20,0.03587,0.03587,3711.00,3711.00,X,19,1.05,X,X,100.000,X,X,X,X,X,X,X,X,X,X,X,X,X,X,X,X,X,X,X,1292,1292,100,512.4,
Arta\Arta-27.413,06/21/17 - 08:15,Arta-27,3.500,X,3533.20,3533.20,0.03587,0.03587,3711.00,3711.00,X,19,1.05,X,X,100.000,X,X,X,X,X,X,X,X,X,X,X,X,X,X,X,X,X,X,X,1299,1299,100,508.3,
Arta\Arta-27.414,06/30/17 - 09:27,Arta-27,3.500,X,3533.20,3533.20,0.03587,0.03587,3711.00,3711.00,X,19,1.05,X,X,100.000,X,X,X,X,X,X,X,X,X,X,X,X,X,X,X,X,X,X,X,1295,1261,97,495.0,
Arta\Arta-27.415,07/05/17 - 08:35,Arta-27,3.500,X,3533.20,3533.20,0.03587,0.03587,3711.00,3711.00,X,19,1.05,X,X,100.000,X,X,X,X,X,X,X,X,X,X,X,X,X,X,X,X,X,X,X,1325,1274,96,500.2,
Arta\Arta-27.416,07/12/17 - 08:29,Arta-27,3.500,X,3533.20,3533.20,0.03587,0.03587,3711.00,3711.00,X,19,1.05,X,X,100.000,X,X,X,X,X,X,X,X,X,X,X,X,X,X,X,X,X,X,X,1235,1235,100,484.3,
Arta\Arta-27.417,07/18/17 - 10:00,Arta-27,3.500,X,3533.20,3533.20,0.03587,0.03587,3711.00,3711.00,X,19,1.05,X,X,100.000,X,X,X,X,X,X,X,X,X,X,X,X,X,X,X,X,X,X,X,1302,1302,100,511.3,
Arta\Arta-27.418,07/20/17 - 10:15,Arta-27,3.500,X,3533.20,3533.20,0.03587,0.03587,3711.00,3711.00,X,19,1.05,X,X,100.000,X,X,X,X,X,X,X,X,X,X,X,X,X,X,X,X,X,X,X,1315,1264,96,496.1,
Arta\Arta-27.419,07/24/17 - 08:27,Arta-27,3.500,X,3533.20,3533.20,0.03587,0.03587,3711.00,3711.00,X,19,1.05,X,X,100.000,X,X,X,X,X,X,X,X,X,X,X,X,X,X,X,X,X,X,X,1298,1271,98,499.8,
Arta\Arta-27.420,07/27/17 - 08:47,Arta-27,3.500,X,3533.20,3533.20,0.03587,0.03587,3711.00,3711.00,X,19,1.05,X,X,100.000,X,X,X,X,X,X,X,X,X,X,X,X,X,X,X,X,X,X,X,1327,1327,100,522.6,
Arta\Arta-27.421,07/28/17 - 08:40,Arta-27,3.500,X,3533.20,3533.20,0.03587,0.03587,3711.00,3711.00,X,19,1.05,X,X,100.000,X,X,X,X,X,X,X,X,X,X,X,X,X,X,X,X,X,X,X,1324,1324,100,520.3,
Arta\Arta-27.422,07/31/17 - 08:26,Arta-27,3.500,X,3531.00,3531.00,0.03587,0.03587,3711.00,3711.00,X,19,1.05,X,X,100.000,X,X,X,X,X,X,X,X,X,X,X,X,X,X,X,X,X,X,X,1322,1322,100,520.1,
Arta\Arta-27.423,08/06/17 - 09:11,Arta-27,3.500,X,3531.00,3531.00,0.03587,0.03587,3711.00,3711.00,X,19,1.05,X,X,100.000,X,X,X,X,X,X,X,X,X,X,X,X,X,X,X,X,X,X,X,1319,1319,100,518.5,
Arta\Arta-27.424,08/16/17 - 08:49,Arta-27,3.500,X,3531.00,3531.00,0.03587,0.03587,3711.00,3711.00,X,19,1.05,X,X,100.000,X,X,X,X,X,X,X,X,X,X,X,X,X,X,X,X,X,X,X,1347,1347,100,529.2,
Arta\Arta-27.425,08/21/17 - 10:51,Arta-27,3.500,X,3531.00,3531.00,0.03587,0.03587,3711.00,3711.00,X,19,1.05,X,X,100.000,X,X,X,X,X,X,X,X,X,X,X,X,X,X,X,X,X,X,X,1328,1261,95,492.7,
Arta\Arta-27.426,08/31/17 - 08:15,Arta-27,3.500,X,3531.00,3531.00,0.03587,0.03587,3711.00,3711.00,X,19,1.05,X,X,100.000,X,X,X,X,X,X,X,X,X,X,X,X,X,X,X,X,X,X,X,1354,1354,100,531.7,
Arta\Arta-27.427,09/06/17 - 09:11,Arta-27,3.500,X,3531.00,3531.00,0.03587,0.03587,3711.00,3711.00,X,19,1.05,X,X,100.000,X,X,X,X,X,X,X,X,X,X,X,X,X,X,X,X,X,X,X,1333,1333,100,523.6,
Arta\Arta-27.428,09/11/17 - 08:51,Arta-27,3.500,X,3531.00,3531.00,0.03587,0.03587,3711.00,3711.00,X,19,1.05,X,X,100.000,X,X,X,X,X,X,X,X,X,X,X,X,X,X,X,X,X,X,X,1337,1337,100,524.7,
Arta\Arta-27.429,09/14/17 - 08:44,Arta-27,3.500,X,3531.00,3531.00,0.03587,0.03587,3711.00,3711.00,X,19,1.05,X,X,100.000,X,X,X,X,X,X,X,X,X,X,X,X,X,X,X,X,X,X,X,1378,1378,100,540.7,
Arta\Arta-27.430,09/17/17 - 09:16,Arta-27,3.500,X,3531.00,3531.00,0.03587,0.03587,3711.00,3711.00,X,19,1.05,X,X,100.000,X,X,X,X,X,X,X,X,X,X,X,X,X,X,X,X,X,X,X,1330,1330,100,522.1,
Arta\Arta-27.431,09/18/17 - 10:15,Arta-27,3.500,X,3531.00,3531.00,0.03587,0.03587,3711.00,3711.00,X,19,1.05,X,X,100.000,X,X,X,X,X,X,X,X,X,X,X,X,X,X,X,X,X,X,X,1324,1324,100,519.5,
Arta\Arta-27.432,09/20/17 - 08:55,Arta-27,3.500,X,3531.00,3531.00,0.03587,0.03587,3711.00,3711.00,X,19,1.05,X,X,100.000,X,X,X,X,X,X,X,X,X,X,X,X,X,X,X,X,X,X,X,1323,1323,100,519.3,
Arta\Arta-27.433,09/28/17 - 09:03,Arta-27,3.500,X,3531.00,3531.00,0.03587,0.03587,3711.00,3711.00,X,19,1.05,X,X,100.000,X,X,X,X,X,X,X,X,X,X,X,X,X,X,X,X,X,X,X,1332,1332,100,522.8,
Arta\Arta-27.434,10/04/17 - 08:53,Arta-27,3.500,X,3531.00,3531.00,0.03587,0.03587,3711.00,3711.00,X,19,1.05,X,X,100.000,X,X,X,X,X,X,X,X,X,X,X,X,X,X,X,X,X,X,X,1356,1356,100,532.1,
Arta\Arta-27.435,10/09/17 - 08:21,Arta-27,3.500,X,3531.00,3531.00,0.03587,0.03587,3711.00,3711.00,X,19,1.05,X,X,100.000,X,X,X,X,X,X,X,X,X,X,X,X,X,X,X,X,X,X,X,1358,1358,100,533.2,
Arta\Arta-27.436,10/16/17 - 09:13,Arta-27,3.500,X,3531.00,3531.00,0.03587,0.03587,3711.00,3711.00,X,19,1.05,X,X,100.000,X,X,X,X,X,X,X,X,X,X,X,X,X,X,X,X,X,X,X,1326,1326,100,520.7,
Arta\Arta-27.437,10/23/17 - 09:50,Arta-27,3.500,X,3531.00,3531.00,0.03587,0.03587,3711.00,3711.00,X,19,1.05,X,X,100.000,X,X,X,X,X,X,X,X,X,X,X,X,X,X,X,X,X,X,X,1359,1359,100,533.8,
Arta\Arta-27.438,11/04/17 - 08:59,Arta-27,3.500,X,3531.00,3531.00,0.03587,0.03587,3711.00,3711.00,X,19,1.05,X,X,100.000,X,X,X,X,X,X,X,X,X,X,X,X,X,X,X,X,X,X,X,1330,1330,100,522.1,
Arta\Arta-27.439,11/13/17 - 09:37,Arta-27,3.500,X,3531.00,3531.00,0.03587,0.03587,3711.00,3711.00,X,19,1.05,X,X,100.000,X,X,X,X,X,X,X,X,X,X,X,X,X,X,X,X,X,X,X,1343,1271,95,499.4,
Arta\Arta-27.440,11/20/17 - 10:02,Arta-27,3.500,X,3531.00,3531.00,0.03587,0.03587,3711.00,3711.00,X,19,1.05,X,X,100.000,X,X,X,X,X,X,X,X,X,X,X,X,X,X,X,X,X,X,X,1349,1349,100,529.4,
Arta\Arta-27.441,11/27/17 - 09:11,Arta-27,3.500,X,3531.00,3531.00,0.03587,0.03587,3711.00,3711.00,X,19,1.05,X,X,100.000,X,X,X,X,X,X,X,X,X,X,X,X,X,X,X,X,X,X,X,1337,1337,100,524.7,
Arta\Arta-27.442,12/10/17 - 09:15,Arta-27,3.500,X,3531.00,3531.00,0.03587,0.03587,3711.00,3711.00,X,19,1.05,X,X,100.000,X,X,X,X,X,X,X,X,X,X,X,X,X,X,X,X,X,X,X,1311,1311,100,515.2,
Arta\Arta-27.443,12/13/17 - 08:40,Arta-27,3.500,X,3531.00,3531.00,0.03587,0.03587,3711.00,3711.00,X,19,1.05,X,X,100.000,X,X,X,X,X,X,X,X,X,X,X,X,X,X,X,X,X,X,X,1351,1351,100,531.0,
Arta\Arta-27.444,12/17/17 - 09:59,Arta-27,3.500,X,3531.00,3531.00,0.03587,0.03587,3711.00,3711.00,X,19,1.05,X,X,100.000,X,X,X,X,X,X,X,X,X,X,X,X,X,X,X,X,X,X,X,1362,1362,100,535.0,
Arta\Arta-27.445,12/25/17 - 09:27,Arta-27,3.500,X,3531.00,3531.00,0.03587,0.03587,3711.00,3711.00,X,19,1.05,X,X,100.000,X,X,X,X,X,X,X,X,X,X,X,X,X,X,X,X,X,X,X,1325,1325,100,518.2,
Arta\Arta-27.446,12/31/17 - 10:11,Arta-27,3.500,X,3531.00,3531.00,0.03587,0.03587,3711.00,3711.00,X,19,1.05,X,X,100.000,X,X,X,X,X,X,X,X,X,X,X,X,X,X,X,X,X,X,X,1351,1351,100,530.5,
Arta\Arta-28.150,03/05/17 - 09:00,Arta-28,3.500,1.750,3690.00,3690.00,0.03694,0.03694,3692.00,3692.00,X,19,1.05,X,X,144.153,X,X,X,X,X,X,X,X,X,X,X,X,X,X,X,X,X,X,X,996,996,100,391.2,
Arta\Arta-29.121,01/23/17 - 09:18,Arta-29,3.500,1.750,3651.00,3651.00,0.03625,0.03625,3590.00,3590.00,X,19,1.05,X,640000,144.000,X,X,X,X,X,X,X,X,X,X,X,X,X,X,X,X,X,X,X,208,147,59,60.1,
Arta\Arta-29.122,01/29/17 - 10:16,Arta-29,3.500,1.750,3651.00,3651.00,0.03625,0.03625,3590.00,3590.00,X,19,1.05,X,640000,144.000,X,X,X,X,X,X,X,X,X,X,X,X,X,X,X,X,X,X,X,201,145,60,59.0,
Arta\Arta-29.123,02/19/17 - 09:12,Arta-29,3.500,1.750,3651.00,3651.00,0.03625,0.03625,3590.00,3590.00,X,19,1.05,X,640000,144.000,X,X,X,X,X,X,X,X,X,X,X,X,X,X,X,X,X,X,X,194,140,59,56.8,
Arta\Arta-29.124,03/05/17 - 08:54,Arta-29,3.500,1.750,3651.00,3651.00,0.03625,0.03625,3590.00,3590.00,X,19,1.05,X,640000,144.000,X,X,X,X,X,X,X,X,X,X,X,X,X,X,X,X,X,X,X,224,162,62,65.9,
Arta\Arta-29.125,03/19/17 - 09:00,Arta-29,3.500,1.750,3651.00,3651.00,0.03625,0.03625,3590.00,3590.00,X,19,1.05,X,640000,144.000,X,X,X,X,X,X,X,X,X,X,X,X,X,X,X,X,X,X,X,235,167,61,68.0,
Arta\Arta-29.126,03/26/17 - 08:48,Arta-29,3.500,1.750,3651.00,3651.00,0.03625,0.03625,3590.00,3590.00,X,19,1.05,X,640000,144.000,X,X,X,X,X,X,X,X,X,X,X,X,X,X,X,X,X,X,X,258,179,60,72.1,
Arta\Arta-29.127,04/09/17 - 10:17,Arta-29,3.500,1.750,3651.00,3651.00,0.03625,0.03625,3590.00,3590.00,X,19,1.05,X,640000,144.000,X,X,X,X,X,X,X,X,X,X,X,X,X,X,X,X,X,X,X,216,159,63,64.4,
Arta\Arta-29.128,05/11/17 - 08:20,Arta-29,3.500,1.750,3651.00,3651.00,0.03625,0.03625,3590.00,3590.00,X,19,1.05,X,640000,144.000,X,05/11/17 - 08:27,16301,7745,4210,-2179,4.2,136.1,7.059,8.19,11.1,28.1,2179.2,1120026.6,24,12506,9113,8325,3996,219,161,63,65.2,
Arta\Arta-29.129,05/21/17 - 09:03,Arta-29,3.500,1.750,3651.00,3651.00,0.03625,0.03625,3590.00,3590.00,X,19,1.05,X,640000,144.000,X,X,X,X,X,X,X,X,X,X,X,X,X,X,X,X,X,X,X,189,189,100,75.7,
Arta\Arta-29.130,06/04/17 - 08:18,Arta-29,3.500,1.750,3651.00,3651.00,0.03625,0.03625,3590.00,3590.00,X,19,1.05,X,640000,144.000,X,X,X,X,X,X,X,X,X,X,X,X,X,X,X,X,X,X,X,194,193,100,77.1,
Arta\Arta-29.131,06/18/17 - 08:34,Arta-29,3.500,1.750,3651.00,3651.00,0.03625,0.03625,3590.00,3590.00,X,19,1.05,X,640000,144.000,X,X,X,X,X,X,X,X,X,X,X,X,X,X,X,X,X,X,X,204,202,98,78.8,
Arta\Arta-29.132,07/09/17 - 10:22,Arta-29,3.500,1.750,3651.00,3651.00,0.03625,0.03625,3590.00,3590.00,X,19,1.05,X,640000,144.000,X,X,X,X,X,X,X,X,X,X,X,X,X,X,X,X,X,X,X,221,213,95,85.1,
Arta\Arta-29.133,07/23/17 - 08:53,Arta-29,3.500,1.750,3651.00,3651.00,0.03625,0.03625,3590.00,3590.00,X,19,1.05,X,640000,144.000,X,X,X,X,X,X,X,X,X,X,X,X,X,X,X,X,X,X,X,215,215,100,85.9,
Arta\Arta-29.134,08/13/17 - 09:13,Arta-29,3.500,1.750,3651.00,3651.00,0.03625,0.03625,3590.00,3590.00,X,19,1.05,X,640000,144.000,X,X,X,X,X,X,X,X,X,X,X,X,X,X,X,X,X,X,X,212,206,96,82.6,
Arta\Arta-29.135,08/27/17 - 14:09,Arta-29,3.500,1.750,3651.00,3651.00,0.03625,0.03625,3590.00,3590.00,X,19,1.05,X,640000,144.000,X,X,X,X,X,X,X,X,X,X,X,X,X,X,X,X,X,X,X,233,172,64,69.1,
Arta\Arta-29.136,09/10/17 - 09:07,Arta-29,3.500,1.750,3651.00,3651.00,0.03625,0.03625,3590.00,3590.00,X,19,1.05,X,640000,144.000,X,X,X,X,X,X,X,X,X,X,X,X,X,X,X,X,X,X,X,179,179,100,71.7,
Arta\Arta-29.137,09/24/17 - 09:11,Arta-29,3.500,1.750,3651.00,3651.00,0.03625,0.03625,3590.00,3590.00,X,19,1.05,X,640000,144.000,X,X,X,X,X,X,X,X,X,X,X,X,X,X,X,X,X,X,X,284,284,100,112.8,
Arta\Arta-29.138,10/06/17 - 08:48,Arta-29,3.500,1.750,3651.00,3651.00,0.03625,0.03625,3590.00,3590.00,X,19,1.05,X,640000,144.000,X,10/06/17 - 08:48,16941,7659,4818,-2202,4.9,135.8,7.287,13.30,18.1,47.0,2202.2,1179291.6,18,13366,9113,8970,3996,X,X,X,X,
Arta\Arta-29.139,10/08/17 - 08:48,Arta-29,3.500,1.750,3651.00,3651.00,0.03625,0.03625,3590.00,3590.00,X,19,1.05,X,640000,144.000,X,X,X,X,X,X,X,X,X,X,X,X,X,X,X,X,X,X,X,253,253,100,100.9,
Arta\Arta-29.140,11/27/17 - 08:45,Arta-29,3.500,1.750,3651.00,3651.00,0.03625,0.03625,3590.00,3590.00,X,19,1.05,X,640000,144.000,X,X,X,X,X,X,X,X,X,X,X,X,X,X,X,X,X,X,X,199,155,68,63.0,
Arta\Arta-29.141,12/03/17 - 08:56,Arta-29,3.500,1.750,3651.00,3651.00,0.03625,0.03625,3590.00,3590.00,X,19,1.05,X,640000,144.000,X,X,X,X,X,X,X,X,X,X,X,X,X,X,X,X,X,X,X,147,144,96,58.0,
Arta\Arta-30.408,01/06/17 - 08:49,Arta-30,3.500,X,3805.10,3805.10,0.03828,0.03828,3798.00,3798.00,X,19,1.05,X,X,100.000,X,X,X,X,X,X,X,X,X,X,X,X,X,X,X,X,X,X,X,847,847,100,326.8,
Arta\Arta-30.409,01/08/17 - 08:33,Arta-30,3.500,X,3805.10,3805.10,0.03828,0.03828,3798.00,3798.00,X,19,1.05,X,X,100.000,X,X,X,X,X,X,X,X,X,X,X,X,X,X,X,X,X,X,X,819,819,100,321.1,
Arta\Arta-30.410,01/11/17 - 14:11,Arta-30,3.500,X,3805.10,3805.10,0.03828,0.03828,3798.00,3798.00,X,19,1.05,X,X,100.000,X,X,X,X,X,X,X,X,X,X,X,X,X,X,X,X,X,X,X,890,879,99,344.9,
Arta\Arta-30.411,01/18/17 - 08:43,Arta-30,3.500,X,3805.10,3805.10,0.03828,0.03828,3798.00,3798.00,X,19,1.05,X,X,100.000,X,X,X,X,X,X,X,X,X,X,X,X,X,X,X,X,X,X,X,558,558,100,219.7,
Arta\Arta-30.412,01/20/17 - 09:21,Arta-30,3.500,X,3805.10,3805.10,0.03828,0.03828,3798.00,3798.00,X,19,1.05,X,X,100.000,X,X,X,X,X,X,X,X,X,X,X,X,X,X,X,X,X,X,X,564,564,100,221.8,
Arta\Arta-30.413,01/25/17 - 10:22,Arta-30,3.500,X,3805.10,3805.10,0.03828,0.03828,3798.00,3798.00,X,19,1.05,X,X,100.000,X,X,X,X,X,X,X,X,X,X,X,X,X,X,X,X,X,X,X,547,547,100,215.1,
Arta\Arta-30.414,02/02/17 - 12:38,Arta-30,3.500,X,3805.10,3805.10,0.03828,0.03828,3798.00,3798.00,X,19,1.05,X,X,100.000,X,X,X,X,X,X,X,X,X,X,X,X,X,X,X,X,X,X,X,2990,2990,100,1165.3,
Arta\Arta-30.415,02/08/17 - 08:41,Arta-30,3.500,X,3805.10,3805.10,0.03828,0.03828,3798.00,3798.00,X,19,1.05,X,X,100.000,X,X,X,X,X,X,X,X,X,X,X,X,X,X,X,X,X,X,X,598,598,100,235.3,
Arta\Arta-30.416,02/15/17 - 11:01,Arta-30,3.500,X,3805.10,3805.10,0.03828,0.03828,3798.00,3798.00,X,19,1.05,X,X,100.000,X,X,X,X,X,X,X,X,X,X,X,X,X,X,X,X,X,X,X,586,586,100,230.2,
Arta\Arta-30.417,02/21/17 - 08:53,Arta-30,3.500,X,3805.10,3805.10,0.03828,0.03828,3798.00,3798.00,X,19,1.05,X,X,100.000,X,X,X,X,X,X,X,X,X,X,X,X,X,X,X,X,X,X,X,507,507,100,199.3,
Arta\Arta-30.418,02/24/17 - 09:32,Arta-30,3.500,X,3805.10,3805.10,0.03828,0.03828,3798.00,3798.00,X,19,1.05,X,X,100.000,X,X,X,X,X,X,X,X,X,X,X,X,X,X,X,X,X,X,X,497,497,100,192.3,
Arta\Arta-30.419,02/28/17 - 10:52,Arta-30,3.500,X,3805.10,3805.10,0.03828,0.03828,3798.00,3798.00,X,19,1.05,X,X,100.000,X,X,X,X,X,X,X,X,X,X,X,X,X,X,X,X,X,X,X,470,470,100,184.9,
Arta\Arta-30.420,03/08/17 - 08:43,Arta-30,3.500,X,3805.10,3805.10,0.03828,0.03828,3798.00,3798.00,X,19,1.05,X,X,100.000,X,X,X,X,X,X,X,X,X,X,X,X,X,X,X,X,X,X,X,471,471,100,185.2,
Arta\Arta-30.421,03/15/17 - 10:22,Arta-30,3.500,X,3805.10,3805.10,0.03828,0.03828,3798.00,3798.00,X,19,1.05,X,X,100.000,X,X,X,X,X,X,X,X,X,X,X,X,X,X,X,X,X,X,X,601,601,100,236.1,
Arta\Arta-30.422,03/22/17 - 09:46,Arta-30,3.500,X,3805.10,3805.10,0.03828,0.03828,3798.00,3798.00,X,19,1.05,X,X,100.000,X,X,X,X,X,X,X,X,X,X,X,X,X,X,X,X,X,X,X,504,302,59,120.0,
Arta\Arta-30.423,03/26/17 - 09:27,Arta-30,3.500,X,3805.10,3805.10,0.03828,0.03828,3798.00,3798.00,X,19,1.05,X,X,100.000,X,X,X,X,X,X,X,X,X,X,X,X,X,X,X,X,X,X,X,492,492,100,193.5,
Arta\Arta-30.424,03/29/17 - 09:17,Arta-30,3.500,X,3805.10,3805.10,0.03828,0.03828,3798.00,3798.00,X,19,1.05,X,X,100.000,X,X,X,X,X,X,X,X,X,X,X,X,X,X,X,X,X,X,X,463,463,100,182.0,
Arta\Arta-30.425,04/02/17 - 09:44,Arta-30,3.500,X,3805.10,3805.10,0.03828,0.03828,3798.00,3798.00,X,19,1.05,X,X,100.000,X,X,X,X,X,X,X,X,X,X,X,X,X,X,X,X,X,X,X,530,530,100,208.3,
Arta\Arta-30.426,04/05/17 - 10:24,Arta-30,3.500,X,3805.10,3805.10,0.03828,0.03828,3798.00,3798.00,X,19,1.05,X,X,100.000,X,X,X,X,X,X,X,X,X,X,X,X,X,X,X,X,X,X,X,610,610,100,239.1,
Arta\Arta-30.427,04/16/17 - 08:07,Arta-30,3.500,X,3805.10,3805.10,0.03828,0.03828,3798.00,3798.00,X,19,1.05,X,X,100.000,X,X,X,X,X,X,X,X,X,X,X,X,X,X,X,X,X,X,X,436,436,100,171.9,
Arta\Arta-30.428,04/19/17 - 08:56,Arta-30,3.500,X,3805.10,3805.10,0.03828,0.03828,3798.00,3798.00,X,19,1.05,X,X,100.000,X,X,X,X,X,X,X,X,X,X,X,X,X,X,X,X,X,X,X,408,408,100,160.7,
Arta\Arta-30.429,04/26/17 - 08:46,Arta-30,3.500,X,3805.10,3805.10,0.03828,0.03828,3798.00,3798.00,X,19,1.05,X,X,100.000,X,X,X,X,X,X,X,X,X,X,X,X,X,X,X,X,X,X,X,432,432,100,170.3,
Arta\Arta-30.430,05/03/17 - 15:35,Arta-30,3.500,X,3805.10,3805.10,0.03828,0.03828,3798.00,3798.00,X,19,1.05,X,X,100.000,X,X,X,X,X,X,X,X,X,X,X,X,X,X,X,X,X,X,X,383,383,100,151.2,
Arta\Arta-30.431,05/06/17 - 08:40,Arta-30,3.500,X,3805.10,3805.10,0.03828,0.03828,3798.00,3798.00,X,19,1.05,X,X,100.000,X,X,X,X,X,X,X,X,X,X,X,X,X,X,X,X,X,X,X,403,403,100,159.1,
Arta\Arta-30.432,05/10/17 - 08:44,Arta-30,3.500,X,3805.10,3805.10,0.03828,0.03828,3798.00,3798.00,X,19,1.05,X,X,100.000,X,X,X,X,X,X,X,X,X,X,X,X,X,X,X,X,X,X,X,418,403,96,158.7,
Arta\Arta-30.433,05/17/17 - 08:26,Arta-30,3.500,X,3805.10,3805.10,0.03828,0.03828,3798.00,3798.00,X,19,1.05,X,X,100.000,X,X,X,X,X,X,X,X,X,X,X,X,X,X,X,X,X,X,X,337,337,100,133.3,
Arta\Arta-30.434,05/21/17 - 08:44,Arta-30,3.500,X,3805.10,3805.10,0.03828,0.03828,3798.00,3798.00,X,19,1.05,X,X,100.000,X,X,X,X,X,X,X,X,X,X,X,X,X,X,X,X,X,X,X,392,392,100,155.1,
Arta\Arta-30.435,05/24/17 - 15:47,Arta-30,3.500,X,3805.10,3805.10,0.03828,0.03828,3798.00,3798.00,X,19,1.05,X,X,100.000,X,X,X,X,X,X,X,X,X,X,X,X,X,X,X,X,X,X,X,374,374,100,147.3,
Arta\Arta-30.436,05/31/17 - 07:56,Arta-30,3.500,X,3805.10,3805.10,0.03828,0.03828,3798.00,3798.00,X,19,1.05,X,X,100.000,X,X,X,X,X,X,X,X,X,X,X,X,X,X,X,X,X,X,X,338,338,100,133.8,
Arta\Arta-30.437,06/05/17 - 08:07,Arta-30,3.500,X,3805.10,3805.10,0.03828,0.03828,3798.00,3798.00,X,19,1.05,X,X,100.000,X,X,X,X,X,X,X,X,X,X,X,X,X,X,X,X,X,X,X,332,188,56,75.6,
Arta\Arta-30.438,06/07/17 - 08:28,Arta-30,3.500,X,3805.10,3805.10,0.03828,0.03828,3798.00,3798.00,X,19,1.05,X,X,100.000,X,X,X,X,X,X,X,X,X,X,X,X,X,X,X,X,X,X,X,674,674,100,264.4,
Arta\Arta-30.439,06/08/17 - 08:18,Arta-30,3.500,X,3805.10,3805.10,0.03828,0.03828,3798.00,3798.00,X,19,1.05,X,X,100.000,X,X,X,X,X,X,X,X,X,X,X,X,X,X,X,X,X,X,X,664,664,100,260.5,
Arta\Arta-30.440,06/12/17 - 08:15,Arta-30,3.500,X,3805.10,3805.10,0.03828,0.03828,3798.00,3798.00,X,19,1.05,X,X,100.000,X,X,X,X,X,X,X,X,X,X,X,X,X,X,X,X,X,X,X,975,533,54,209.5,
Arta\Arta-30.441,06/16/17 - 08:24,Arta-30,3.500,X,3805.10,3805.10,0.03828,0.03828,3798.00,3798.00,X,19,1.05,X,X,100.000,X,X,X,X,X,X,X,X,X,X,X,X,X,X,X,X,X,X,X,755,404,53,159.6,
Arta\Arta-30.442,06/16/17 - 08:32,Arta-30,3.500,X,3805.10,3805.10,0.03828,0.03828,3798.00,3798.00,X,19,1.05,X,X,100.000,X,X,X,X,X,X,X,X,X,X,X,X,X,X,X,X,X,X,X,764,764,100,300.1,
Arta\Arta-30.443,06/21/17 - 07:54,Arta-30,3.500,X,3805.10,3805.10,0.03828,0.03828,3798.00,3798.00,X,19,1.05,X,X,100.000,X,X,X,X,X,X,X,X,X,X,X,X,X,X,X,X,X,X,X,798,798,100,311.9,
Arta\Arta-30.444,07/05/17 - 08:19,Arta-30,3.500,X,3805.10,3805.10,0.03828,0.03828,3798.00,3798.00,X,19,1.05,X,X,100.000,X,X,X,X,X,X,X,X,X,X,X,X,X,X,X,X,X,X,X,867,867,100,340.3,
Arta\Arta-30.445,07/06/17 - 09:23,Arta-30,3.500,X,3805.10,3805.10,0.03828,0.03828,3798.00,3798.00,X,19,1.05,X,X,100.000,X,X,X,X,X,X,X,X,X,X,X,X,X,X,X,X,X,X,X,1081,368,34,156.0,
Arta\Arta-30.446,07/07/17 - 09:34,Arta-30,3.500,X,3805.10,3805.10,0.03828,0.03828,3798.00,3798.00,X,19,1.05,X,X,100.000,X,X,X,X,X,X,X,X,X,X,X,X,X,X,X,X,X,X,X,1029,626,61,245.9,
Arta\Arta-30.447,07/08/17 - 09:14,Arta-30,3.500,X,3805.10,3805.10,0.03828,0.03828,3798.00,3798.00,X,19,1.05,X,X,100.000,X,X,X,X,X,X,X,X,X,X,X,X,X,X,X,X,X,X,X,913,429,47,170.1,
Arta\Arta-30.448,07/09/17 - 10:54,Arta-30,3.500,X,3805.10,3805.10,0.03828,0.03828,3798.00,3798.00,X,19,1.05,X,X,100.000,X,X,X,X,X,X,X,X,X,X,X,X,X,X,X,X,X,X,X,899,656,73,257.3,
Arta\Arta-30.449,07/20/17 - 10:30,Arta-30,3.500,X,3805.10,3805.10,0.03828,0.03828,3798.00,3798.00,X,19,1.05,X,X,100.000,X,X,X,X,X,X,X,X,X,X,X,X,X,X,X,X,X,X,X,857,857,100,336.4,
Arta\Arta-30.450,07/31/17 - 08:10,Arta-30,3.500,X,3805.10,3805.10,0.03828,0.03828,3798.00,3798.00,X,19,1.05,X,X,100.000,X,X,X,X,X,X,X,X,X,X,X,X,X,X,X,X,X,X,X,834,834,100,328.6,
Arta\Arta-30.451,08/03/17 - 14:27,Arta-30,3.500,X,3805.10,3805.10,0.03828,0.03828,3798.00,3798.00,X,19,1.05,X,X,100.000,X,X,X,X,X,X,X,X,X,X,X,X,X,X,X,X,X,X,X,821,790,96,311.4,
Arta\Arta-30.452,08/16/17 - 08:34,Arta-30,3.500,X,3805.10,3805.10,0.03828,0.03828,3798.00,3798.00,X,19,1.05,X,X,100.000,X,X,X,X,X,X,X,X,X,X,X,X,X,X,X,X,X,X,X,885,885,100,348.9,
Arta\Arta-30.453,08/18/17 - 09:49,Arta-30,3.500,X,3805.10,3805.10,0.03828,0.03828,3798.00,3798.00,X,19,1.05,X,X,100.000,X,X,X,X,X,X,X,X,X,X,X,X,X,X,X,X,X,X,X,873,873,100,341.6,
Arta\Arta-30.454,09/11/17 - 08:35,Arta-30,3.500,X,3805.10,3805.10,0.03828,0.03828,3798.00,3798.00,X,19,1.05,X,X,100.000,X,X,X,X,X,X,X,X,X,X,X,X,X,X,X,X,X,X,X,820,820,100,322.8,
Arta\Arta-30.455,10/09/17 - 08:07,Arta-30,3.500,X,3805.10,3805.10,0.03828,0.03828,3798.00,3798.00,X,19,1.05,X,X,100.000,X,X,X,X,X,X,X,X,X,X,X,X,X,X,X,X,X,X,X,362,362,100,141.6,
Arta\Arta-30.456,11/06/17 - 10:03,Arta-30,3.500,X,3805.10,3805.10,0.03828,0.03828,3798.00,3798.00,X,19,1.05,X,X,100.000,X,X,X,X,X,X,X,X,X,X,X,X,X,X,X,X,X,X,X,889,889,100,349.9,
Arta\Arta-31.225,01/15/17 - 08:40,Arta-31,3.500,1.250,3800.00,3800.00,0.03915,0.03915,3760.00,3760.00,X,19,1.05,X,320000,102.243,X,X,X,X,X,X,X,X,X,X,X,X,X,X,X,X,X,X,X,175,77,28,33.1,
Arta\Arta-31.226,03/12/17 - 09:24,Arta-31,3.500,1.250,3800.00,3800.00,0.03915,0.03915,3760.00,3760.00,X,19,1.05,X,320000,102.243,X,X,X,X,X,X,X,X,X,X,X,X,X,X,X,X,X,X,X,120,120,100,48.7,
Arta\Arta-31.227,05/14/17 - 08:05,Arta-31,3.500,1.250,3800.00,3800.00,0.03915,0.03915,3760.00,3760.00,X,19,1.05,X,320000,102.243,X,X,X,X,X,X,X,X,X,X,X,X,X,X,X,X,X,X,X,188,81,28,29.2,
Arta\Arta-31.228,05/28/17 - 08:01,Arta-31,3.500,1.250,3800.00,3800.00,0.03915,0.03915,3760.00,3760.00,X,19,1.05,X,320000,102.243,X,X,X,X,X,X,X,X,X,X,X,X,X,X,X,X,X,X,X,168,76,28,32.5,
Arta\Arta-31.229,07/09/17 - 10:38,Arta-31,3.500,1.250,3800.00,3800.00,0.03915,0.03915,3760.00,3760.00,X,19,1.05,X,320000,102.243,X,X,X,X,X,X,X,X,X,X,X,X,X,X,X,X,X,X,X,200,198,99,79.7,
Arta\Arta-31.230,07/23/17 - 08:45,Arta-31,3.500,1.250,3800.00,3800.00,0.03915,0.03915,3760.00,3760.00,X,19,1.05,X,320000,102.243,X,X,X,X,X,X,X,X,X,X,X,X,X,X,X,X,X,X,X,143,143,100,58.0,
Arta\Arta-31.231,08/13/17 - 09:21,Arta-31,3.500,1.250,3800.00,3800.00,0.03915,0.03915,3760.00,3760.00,X,19,1.05,X,320000,102.243,X,X,X,X,X,X,X,X,X,X,X,X,X,X,X,X,X,X,X,173,159,90,64.1,
Arta\Arta-31.232,09/03/17 - 08:14,Arta-31,3.500,1.250,3800.00,3800.00,0.03915,0.03915,3760.00,3760.00,X,19,1.05,X,320000,102.243,X,X,X,X,X,X,X,X,X,X,X,X,X,X,X,X,X,X,X,204,204,100,81.5,
Arta\Arta-31.233,09/17/17 - 10:25,Arta-31,3.500,1.250,3800.00,3800.00,0.03915,0.03915,3760.00,3760.00,X,19,1.05,X,320000,102.243,X,X,X,X,X,X,X,X,X,X,X,X,X,X,X,X,X,X,X,136,67,28,29.6,
Arta\Arta-31.234,10/01/17 - 08:52,Arta-31,3.500,1.250,3800.00,3800.00,0.03915,0.03915,3760.00,3760.00,X,19,1.05,X,320000,102.243,X,X,X,X,X,X,X,X,X,X,X,X,X,X,X,X,X,X,X,128,65,28,28.6,
Arta\Arta-31.235,11/27/17 - 08:37,Arta-31,3.500,1.250,3800.00,3800.00,0.03915,0.03915,3760.00,3760.00,X,19,1.05,X,320000,102.243,X,X,X,X,X,X,X,X,X,X,X,X,X,X,X,X,X,X,X,168,77,29,36.8,
Arta\Arta-31.236,12/24/17 - 08:35,Arta-31,3.500,1.250,3800.00,3800.00,0.03915,0.03915,3760.00,3760.00,X,19,1.05,X,320000,102.243,X,X,X,X,X,X,X,X,X,X,X,X,X,X,X,X,X,X,X,220,99,33,56.6,
Arta\Arta-34.235,02/19/17 - 09:21,Arta-34,3.500,2.250,3612.00,3612.00,0.03557,0.03557,3581.00,3581.00,X,19,1.05,X,912000,94.597,X,X,X,X,X,X,X,X,X,X,X,X,X,X,X,X,X,X,X,670,670,100,262.5,
Arta\Arta-34.236,02/20/17 - 09:53,Arta-34,3.500,2.250,3612.00,3612.00,0.03557,0.03557,3581.00,3581.00,X,19,1.05,X,912000,94.597,X,X,X,X,X,X,X,X,X,X,X,X,X,X,X,X,X,X,X,144,144,100,57.5,
Arta\Arta-34.237,03/05/17 - 08:46,Arta-34,3.500,2.250,3612.00,3612.00,0.03557,0.03557,3581.00,3581.00,X,19,1.05,X,912000,94.597,X,X,X,X,X,X,X,X,X,X,X,X,X,X,X,X,X,X,X,183,84,35,35.0,
Arta\Arta-34.238,03/19/17 - 08:46,Arta-34,3.500,2.250,3612.00,3612.00,0.03557,0.03557,3581.00,3581.00,X,19,1.05,X,912000,94.597,X,X,X,X,X,X,X,X,X,X,X,X,X,X,X,X,X,X,X,94,53,35,23.1,
Arta\Arta-34.239,04/09/17 - 08:54,Arta-34,3.500,2.250,3612.00,3612.00,0.03557,0.03557,3581.00,3581.00,X,19,1.05,X,912000,94.597,X,X,X,X,X,X,X,X,X,X,X,X,X,X,X,X,X,X,X,143,143,100,57.1,
Arta\Arta-34.240,05/28/17 - 08:20,Arta-34,3.500,2.250,3612.00,3612.00,0.03557,0.03557,3581.00,3581.00,X,19,1.05,X,912000,94.597,X,X,X,X,X,X,X,X,X,X,X,X,X,X,X,X,X,X,X,99,57,38,24.0,
Arta\Arta-34.241,06/04/17 - 08:26,Arta-34,3.500,2.250,3612.00,3612.00,0.03557,0.03557,3581.00,3581.00,X,19,1.05,X,912000,94.597,X,X,X,X,X,X,X,X,X,X,X,X,X,X,X,X,X,X,X,137,137,100,54.8,
Arta\Arta-34.242,06/18/17 - 08:44,Arta-34,3.500,2.250,3612.00,3612.00,0.03557,0.03557,3581.00,3581.00,X,19,1.05,X,912000,94.597,X,X,X,X,X,X,X,X,X,X,X,X,X,X,X,X,X,X,X,144,72,36,28.3,
Arta\Arta-34.243,07/23/17 - 09:02,Arta-34,3.500,2.250,3612.00,3612.00,0.03557,0.03557,3581.00,3581.00,X,19,1.05,X,912000,94.597,X,X,X,X,X,X,X,X,X,X,X,X,X,X,X,X,X,X,X,116,65,40,27.8,
Arta\Arta-34.244,08/27/17 - 14:18,Arta-34,3.500,2.250,3612.00,3612.00,0.03557,0.03557,3581.00,3581.00,X,19,1.05,X,912000,94.597,X,X,X,X,X,X,X,X,X,X,X,X,X,X,X,X,X,X,X,195,175,87,68.6,
Arta\Arta-34.245,09/10/17 - 09:19,Arta-34,3.500,2.250,3612.00,3612.00,0.03557,0.03557,3581.00,3581.00,X,19,1.05,X,912000,94.597,X,X,X,X,X,X,X,X,X,X,X,X,X,X,X,X,X,X,X,710,412,56,163.8,
Arta\Arta-34.246,09/24/17 - 09:21,Arta-34,3.500,2.250,3612.00,3612.00,0.03557,0.03557,3581.00,3581.00,X,19,1.05,X,912000,94.597,X,X,X,X,X,X,X,X,X,X,X,X,X,X,X,X,X,X,X,1017,441,42,176.4,
Arta\Arta-34.247,10/08/17 - 08:56,Arta-34,3.500,2.250,3612.00,3612.00,0.03557,0.03557,3581.00,3581.00,X,19,1.05,X,912000,94.597,X,X,X,X,X,X,X,X,X,X,X,X,X,X,X,X,X,X,X,142,74,38,30.7,
Arta\Arta-34.248,10/21/17 - 15:19,Arta-34,3.500,2.250,3612.00,3612.00,0.03557,0.03557,3581.00,3581.00,X,19,1.05,X,912000,94.597,X,10/21/17 - 15:27,18386,6918,8740,-1388,5.9,79.7,7.004,28.10,22.4,92.6,1387.6,1145073.8,16,15288,8133,14005,6535,145,74,38,30.7,
Arta\Arta-34.249,11/27/17 - 08:55,Arta-34,3.500,2.250,3612.00,3612.00,0.03557,0.03557,3581.00,3581.00,X,19,1.05,X,912000,94.597,X,X,X,X,X,X,X,X,X,X,X,X,X,X,X,X,X,X,X,274,126,39,54.7,
Arta\Arta-34.250,12/03/17 - 09:04,Arta-34,3.500,2.250,3612.00,3612.00,0.03557,0.03557,3581.00,3581.00,X,19,1.05,X,912000,94.597,X,X,X,X,X,X,X,X,X,X,X,X,X,X,X,X,X,X,X,163,81,38,33.6,
Arta\Arta-34.251,12/06/17 - 09:39,Arta-34,3.500,2.250,3612.00,3612.00,0.03557,0.03557,3581.00,3581.00,X,19,1.05,X,912000,94.597,X,12/06/17 - 09:50,17144,5688,7494,-2586,4.7,80.1,7.059,25.37,20.3,84.7,2586.4,1062101.1,19,13616,8133,8572,6535,144,74,38,30.9,
Arta\Arta-34.252,12/09/17 - 08:54,Arta-34,3.500,2.250,3612.00,3612.00,0.03557,0.03557,3581.00,3581.00,X,19,1.05,X,912000,94.597,X,12/09/17 - 09:02,13391,6258,4423,-2077,7.0,93.5,6.950,99.76,93.3,382.7,2077.2,808079.5,0,7909,8133,7614,6535,748,703,94,275.8,
Arta\Arta-34.253,12/19/17 - 08:20,Arta-34,3.500,2.250,3612.00,3612.00,0.03557,0.03557,3581.00,3581.00,X,19,1.05,X,912000,94.597,X,X,X,X,X,X,X,X,X,X,X,X,X,X,X,X,X,X,X,833,833,100,325.8,
Arta\Arta-35.245,01/06/17 - 08:59,Arta-35,3.500,1.750,3719.00,3719.00,0.03683,0.03683,3713.00,3713.00,X,19,1.05,X,X,102.000,X,X,X,X,X,X,X,X,X,X,X,X,X,X,X,X,X,X,X,1703,1703,100,660.6,
Arta\Arta-37.181,01/23/17 - 09:00,Arta-37,3.500,1.250,3773.00,3773.00,0.03779,0.03779,3770.00,3770.00,X,19,1.05,X,640000,118.912,X,X,X,X,X,X,X,X,X,X,X,X,X,X,X,X,X,X,X,135,130,96,52.8,
Arta\Arta-37.182,01/29/17 - 10:38,Arta-37,3.500,1.250,3773.00,3773.00,0.03779,0.03779,3770.00,3770.00,X,19,1.05,X,640000,118.912,X,X,X,X,X,X,X,X,X,X,X,X,X,X,X,X,X,X,X,128,128,100,52.4,
Arta\Arta-37.183,02/19/17 - 09:02,Arta-37,3.500,1.250,3773.00,3773.00,0.03779,0.03779,3770.00,3770.00,X,19,1.05,X,640000,118.912,X,X,X,X,X,X,X,X,X,X,X,X,X,X,X,X,X,X,X,139,139,100,56.6,
Arta\Arta-37.184,03/05/17 - 08:34,Arta-37,3.500,1.250,3773.00,3773.00,0.03779,0.03779,3770.00,3770.00,X,19,1.05,X,640000,118.912,X,X,X,X,X,X,X,X,X,X,X,X,X,X,X,X,X,X,X,146,146,100,59.1,
Arta\Arta-37.185,03/19/17 - 08:35,Arta-37,3.500,1.250,3773.00,3773.00,0.03779,0.03779,3770.00,3770.00,X,19,1.05,X,640000,118.912,X,X,X,X,X,X,X,X,X,X,X,X,X,X,X,X,X,X,X,123,123,100,50.3,
Arta\Arta-37.186,05/11/17 - 08:40,Arta-37,3.500,1.250,3773.00,3773.00,0.03779,0.03779,3770.00,3770.00,X,19,1.05,X,640000,118.912,X,05/11/17 - 08:51,17207,6392,8118,-108,15.8,114.6,8.182,44.78,51.3,76.5,107.9,1019929.6,32,13786,7425,12462,2107,147,147,100,59.3,
Arta\Arta-37.187,05/21/17 - 08:38,Arta-37,3.500,1.250,3773.00,3773.00,0.03779,0.03779,3770.00,3770.00,X,19,1.05,X,640000,118.912,X,X,X,X,X,X,X,X,X,X,X,X,X,X,X,X,X,X,X,139,139,100,56.8,
Arta\Arta-37.188,05/25/17 - 08:44,Arta-37,3.500,1.250,3773.00,3773.00,0.03779,0.03779,3770.00,3770.00,X,19,1.05,X,640000,118.912,X,X,X,X,X,X,X,X,X,X,X,X,X,X,X,X,X,X,X,156,156,100,62.5,
Arta\Arta-37.189,06/04/17 - 08:10,Arta-37,3.500,1.250,3773.00,3773.00,0.03779,0.03779,3770.00,3770.00,X,19,1.05,X,640000,118.912,X,X,X,X,X,X,X,X,X,X,X,X,X,X,X,X,X,X,X,169,169,100,67.7,
Arta\Arta-37.190,06/18/17 - 08:26,Arta-37,3.500,1.250,3773.00,3773.00,0.03779,0.03779,3770.00,3770.00,X,19,1.05,X,640000,118.912,X,X,X,X,X,X,X,X,X,X,X,X,X,X,X,X,X,X,X,317,317,100,123.9,
Arta\Arta-37.191,07/09/17 - 10:48,Arta-37,3.500,1.250,3773.00,3773.00,0.03779,0.03779,3770.00,3770.00,X,19,1.05,X,640000,118.912,X,X,X,X,X,X,X,X,X,X,X,X,X,X,X,X,X,X,X,160,160,100,64.6,
Arta\Arta-37.192,07/30/17 - 08:30,Arta-37,3.500,1.250,3773.00,3773.00,0.03779,0.03779,3770.00,3770.00,X,19,1.05,X,640000,118.912,X,X,X,X,X,X,X,X,X,X,X,X,X,X,X,X,X,X,X,156,156,100,63.1,
Arta\Arta-37.193,08/27/17 - 13:53,Arta-37,3.500,1.250,3773.00,3773.00,0.03779,0.03779,3770.00,3770.00,X,19,1.05,X,640000,118.912,X,X,X,X,X,X,X,X,X,X,X,X,X,X,X,X,X,X,X,141,141,100,57.2,
Arta\Arta-37.194,09/10/17 - 08:57,Arta-37,3.500,1.250,3773.00,3773.00,0.03779,0.03779,3770.00,3770.00,X,19,1.05,X,640000,118.912,X,X,X,X,X,X,X,X,X,X,X,X,X,X,X,X,X,X,X,161,161,100,64.9,
Arta\Arta-37.195,09/15/17 - 08:06,Arta-37,3.500,1.250,3773.00,3773.00,0.03779,0.03779,3770.00,3770.00,X,19,1.05,X,640000,118.912,X,X,X,X,X,X,X,X,X,X,X,X,X,X,X,X,X,X,X,328,328,100,130.2,
Arta\Arta-37.196,09/22/17 - 08:59,Arta-37,3.500,1.250,3773.00,3773.00,0.03779,0.03779,3770.00,3770.00,X,19,1.05,X,640000,118.912,X,X,X,X,X,X,X,X,X,X,X,X,X,X,X,X,X,X,X,591,591,100,232.5,
Arta\Arta-37.197,10/01/17 - 08:44,Arta-37,3.500,1.250,3773.00,3773.00,0.03779,0.03779,3770.00,3770.00,X,19,1.05,X,640000,118.912,X,X,X,X,X,X,X,X,X,X,X,X,X,X,X,X,X,X,X,799,799,100,314.0,
Arta\Arta-37.198,10/19/17 - 14:08,Arta-37,3.500,1.250,3773.00,3773.00,0.03779,0.03779,3770.00,3770.00,X,19,1.05,X,640000,118.912,X,X,X,X,X,X,X,X,X,X,X,X,X,X,X,X,X,X,X,958,926,97,363.1,
Arta\Arta-37.199,11/22/17 - 08:43,Arta-37,3.500,1.250,3773.00,3773.00,0.03779,0.03779,3770.00,3770.00,X,19,1.05,X,640000,118.912,X,X,X,X,X,X,X,X,X,X,X,X,X,X,X,X,X,X,X,1105,1105,100,433.1,
Arta\Arta-37.200,11/23/17 - 10:10,Arta-37,3.500,1.250,3773.00,3773.00,0.03779,0.03779,3770.00,3770.00,X,19,1.05,X,640000,118.912,X,X,X,X,X,X,X,X,X,X,X,X,X,X,X,X,X,X,X,638,638,100,250.4,
Arta\Arta-37.201,11/24/17 - 09:04,Arta-37,3.500,1.250,3770.00,3770.00,0.03779,0.03779,3792.00,3792.00,X,19,1.05,X,320000,123.000,X,X,X,X,X,X,X,X,X,X,X,X,X,X,X,X,X,X,X,409,409,100,160.9,
Arta\Arta-37.202,11/25/17 - 15:26,Arta-37,3.500,1.250,3770.00,3770.00,0.03779,0.03779,3792.00,3792.00,X,19,1.05,X,320000,123.000,X,11/25/17 - 15:37,17440,6646,8131,-2,19.3,119.8,8.145,89.27,106.9,158.6,1.6,1015785.1,29,12158,7595,9454,2105,648,648,100,254.9,
Arta\Arta-37.203,12/03/17 - 08:48,Arta-37,3.500,1.250,3770.00,3770.00,0.03779,0.03779,3792.00,3792.00,X,19,1.05,X,320000,123.000,X,X,X,X,X,X,X,X,X,X,X,X,X,X,X,X,X,X,X,152,152,100,61.3,
Arta\Arta-37.204,12/04/17 - 09:19,Arta-37,3.500,1.250,3770.00,3770.00,0.03779,0.03779,3792.00,3792.00,X,19,1.05,X,320000,123.000,X,12/04/17 - 09:26,17298,5955,8114,-101,16.8,118.7,8.108,57.57,68.3,100.9,101.4,1010725.7,21,17572,7595,14910,2105,151,151,100,61.2,
Arta\Arta-37.205,12/16/17 - 09:00,Arta-37,3.500,1.250,3770.00,3770.00,0.03779,0.03779,3792.00,3792.00,X,19,1.05,X,320000,123.000,X,X,X,X,X,X,X,X,X,X,X,X,X,X,X,X,X,X,X,581,581,100,229.1,
Arta\Arta-38.353,01/04/17 - 09:01,Arta-38,3.500,X,3917.00,3917.00,0.03937,0.03937,3852.00,3852.00,X,40,1.05,X,X,100.000,X,X,X,X,X,X,X,X,X,X,X,X,X,X,X,X,X,X,X,357,305,82,99.9,
Arta\Arta-38.354,01/08/17 - 08:40,Arta-38,3.500,X,3917.00,3917.00,0.03937,0.03937,3852.00,3852.00,X,40,1.05,X,X,100.000,X,X,X,X,X,X,X,X,X,X,X,X,X,X,X,X,X,X,X,358,299,80,102.9,
Arta\Arta-38.355,01/09/17 - 10:47,Arta-38,3.500,X,3917.00,3917.00,0.03937,0.03937,3852.00,3852.00,X,40,1.05,X,X,100.000,X,X,X,X,X,X,X,X,X,X,X,X,X,X,X,X,X,X,X,343,286,80,98.6,
Arta\Arta-38.356,01/23/17 - 08:55,Arta-38,3.500,X,3917.00,3917.00,0.03937,0.03937,3852.00,3852.00,X,40,1.05,X,X,100.000,X,X,X,X,X,X,X,X,X,X,X,X,X,X,X,X,X,X,X,1413,1413,100,476.5,
Arta\Arta-38.357,01/25/17 - 10:15,Arta-38,3.500,X,3917.00,3917.00,0.03937,0.03937,3852.00,3852.00,X,40,1.05,X,X,100.000,X,X,X,X,X,X,X,X,X,X,X,X,X,X,X,X,X,X,X,1421,1421,100,479.2,
Arta\Arta-38.358,02/02/17 - 07:54,Arta-38,3.500,X,3917.00,3917.00,0.03937,0.03937,3852.00,3852.00,X,40,1.05,X,X,100.000,X,X,X,X,X,X,X,X,X,X,X,X,X,X,X,X,X,X,X,1483,1483,100,499.7,
Arta\Arta-38.359,02/09/17 - 08:50,Arta-38,3.500,X,3917.00,3917.00,0.03937,0.03937,3852.00,3852.00,X,40,1.05,X,X,100.000,X,X,X,X,X,X,X,X,X,X,X,X,X,X,X,X,X,X,X,611,542,87,184.6,
Arta\Arta-38.360,02/10/17 - 08:56,Arta-38,3.500,X,3917.00,3917.00,0.03937,0.03937,3852.00,3852.00,X,40,1.05,X,X,100.000,X,X,X,X,X,X,X,X,X,X,X,X,X,X,X,X,X,X,X,567,507,88,172.9,
Arta\Arta-38.361,02/14/17 - 16:40,Arta-38,3.500,X,3917.00,3917.00,0.03937,0.03937,3852.00,3852.00,X,40,1.05,X,X,100.000,X,X,X,X,X,X,X,X,X,X,X,X,X,X,X,X,X,X,X,888,888,100,301.4,
Arta\Arta-38.362,02/15/17 - 10:54,Arta-38,3.500,X,3917.00,3917.00,0.03937,0.03937,3852.00,3852.00,X,40,1.05,X,X,100.000,X,X,X,X,X,X,X,X,X,X,X,X,X,X,X,X,X,X,X,916,861,93,292.0,
Arta\Arta-38.363,02/20/17 - 10:02,Arta-38,3.500,X,3917.00,3917.00,0.03937,0.03937,3852.00,3852.00,X,40,1.05,X,X,100.000,X,X,X,X,X,X,X,X,X,X,X,X,X,X,X,X,X,X,X,428,384,88,131.7,
Arta\Arta-38.364,02/21/17 - 08:59,Arta-38,3.500,X,3917.00,3917.00,0.03937,0.03937,3852.00,3852.00,X,40,1.05,X,X,100.000,X,X,X,X,X,X,X,X,X,X,X,X,X,X,X,X,X,X,X,431,394,90,135.1,
Arta\Arta-38.365,02/24/17 - 09:26,Arta-38,3.500,X,3917.00,3917.00,0.03937,0.03937,3852.00,3852.00,X,40,1.05,X,X,100.000,X,X,X,X,X,X,X,X,X,X,X,X,X,X,X,X,X,X,X,357,334,92,112.2,
Arta\Arta-38.366,02/25/17 - 09:03,Arta-38,3.500,X,3917.00,3917.00,0.03937,0.03937,3852.00,3852.00,X,40,1.05,X,X,100.000,X,X,X,X,X,X,X,X,X,X,X,X,X,X,X,X,X,X,X,369,309,80,107.0,
Arta\Arta-38.367,02/28/17 - 10:46,Arta-38,3.500,X,3917.00,3917.00,0.03937,0.03937,3852.00,3852.00,X,40,1.05,X,X,100.000,X,X,X,X,X,X,X,X,X,X,X,X,X,X,X,X,X,X,X,1087,1087,100,368.4,
Arta\Arta-38.368,03/08/17 - 08:48,Arta-38,3.500,X,3917.00,3917.00,0.03937,0.03937,3852.00,3852.00,X,40,1.05,X,X,100.000,X,X,X,X,X,X,X,X,X,X,X,X,X,X,X,X,X,X,X,1238,1238,100,418.8,
Arta\Arta-38.369,03/12/17 - 09:29,Arta-38,3.500,X,3917.00,3917.00,0.03937,0.03937,3852.00,3852.00,X,40,1.05,X,X,100.000,X,X,X,X,X,X,X,X,X,X,X,X,X,X,X,X,X,X,X,1282,1251,97,423.1,
Arta\Arta-38.370,03/15/17 - 10:16,Arta-38,3.500,X,3917.00,3917.00,0.03937,0.03937,3852.00,3852.00,X,40,1.05,X,X,100.000,X,X,X,X,X,X,X,X,X,X,X,X,X,X,X,X,X,X,X,1271,1271,100,429.3,
Arta\Arta-38.371,03/17/17 - 08:18,Arta-38,3.500,X,3917.00,3917.00,0.03937,0.03937,3852.00,3852.00,X,40,1.05,X,X,100.000,X,X,X,X,X,X,X,X,X,X,X,X,X,X,X,X,X,X,X,1329,1329,100,431.7,
Arta\Arta-38.372,03/20/17 - 08:22,Arta-38,3.500,X,3917.00,3917.00,0.03937,0.03937,3852.00,3852.00,X,40,1.05,X,X,100.000,X,X,X,X,X,X,X,X,X,X,X,X,X,X,X,X,X,X,X,1177,895,75,302.6,
Arta\Arta-38.373,03/22/17 - 09:38,Arta-38,3.500,X,3917.00,3917.00,0.03937,0.03937,3852.00,3852.00,X,40,1.05,X,X,100.000,X,X,X,X,X,X,X,X,X,X,X,X,X,X,X,X,X,X,X,849,687,79,232.9,
Arta\Arta-38.374,03/23/17 - 09:52,Arta-38,3.500,X,3917.00,3917.00,0.03937,0.03937,3852.00,3852.00,X,40,1.05,X,X,100.000,X,X,X,X,X,X,X,X,X,X,X,X,X,X,X,X,X,X,X,831,631,74,214.5,
Arta\Arta-38.375,03/26/17 - 09:21,Arta-38,3.500,X,3917.00,3917.00,0.03937,0.03937,3852.00,3852.00,X,40,1.05,X,X,100.000,X,X,X,X,X,X,X,X,X,X,X,X,X,X,X,X,X,X,X,653,557,84,189.4,
Arta\Arta-38.376,03/29/17 - 09:11,Arta-38,3.500,X,3917.00,3917.00,0.03937,0.03937,3852.00,3852.00,X,40,1.05,X,X,100.000,X,X,X,X,X,X,X,X,X,X,X,X,X,X,X,X,X,X,X,904,739,80,251.0,
Arta\Arta-38.377,04/02/17 - 09:52,Arta-38,3.500,X,3917.00,3917.00,0.03937,0.03937,3852.00,3852.00,X,40,1.05,X,X,100.000,X,X,X,X,X,X,X,X,X,X,X,X,X,X,X,X,X,X,X,728,589,79,200.9,
Arta\Arta-38.378,04/05/17 - 10:30,Arta-38,3.500,X,3917.00,3917.00,0.03937,0.03937,3852.00,3852.00,X,40,1.05,X,X,100.000,X,X,X,X,X,X,X,X,X,X,X,X,X,X,X,X,X,X,X,588,508,85,172.8,
Arta\Arta-38.379,04/13/17 - 14:27,Arta-38,3.500,X,3917.00,3917.00,0.03937,0.03937,3852.00,3852.00,X,40,1.05,X,X,100.000,X,X,X,X,X,X,X,X,X,X,X,X,X,X,X,X,X,X,X,396,337,82,116.2,
Arta\Arta-38.380,04/15/17 - 15:10,Arta-38,3.500,X,3917.00,3917.00,0.03937,0.03937,3852.00,3852.00,X,40,1.05,X,X,100.000,X,X,X,X,X,X,X,X,X,X,X,X,X,X,X,X,X,X,X,326,301,91,104.1,
Arta\Arta-38.381,04/16/17 - 08:15,Arta-38,3.500,X,3917.00,3917.00,0.03937,0.03937,3852.00,3852.00,X,40,1.05,X,X,100.000,X,X,X,X,X,X,X,X,X,X,X,X,X,X,X,X,X,X,X,334,294,85,101.9,
Arta\Arta-38.382,04/19/17 - 09:02,Arta-38,3.500,X,3917.00,3917.00,0.03937,0.03937,3852.00,3852.00,X,40,1.05,X,X,100.000,X,X,X,X,X,X,X,X,X,X,X,X,X,X,X,X,X,X,X,1124,1124,100,381.1,
Arta\Arta-38.383,05/03/17 - 15:41,Arta-38,3.500,X,3917.00,3917.00,0.03937,0.03937,3852.00,3852.00,X,40,1.05,X,X,100.000,X,X,X,X,X,X,X,X,X,X,X,X,X,X,X,X,X,X,X,1228,1194,97,403.8,
Arta\Arta-38.384,05/10/17 - 08:50,Arta-38,3.500,X,3917.00,3917.00,0.03937,0.03937,3852.00,3852.00,X,40,1.05,X,X,100.000,X,X,X,X,X,X,X,X,X,X,X,X,X,X,X,X,X,X,X,1444,1341,93,453.2,
Arta\Arta-38.385,05/17/17 - 08:32,Arta-38,3.500,X,3917.00,3917.00,0.03937,0.03937,3852.00,3852.00,X,40,1.05,X,X,100.000,X,X,X,X,X,X,X,X,X,X,X,X,X,X,X,X,X,X,X,1295,1226,94,414.1,
Arta\Arta-38.386,05/18/17 - 09:19,Arta-38,3.500,X,3917.00,3917.00,0.03937,0.03937,3852.00,3852.00,X,40,1.05,X,X,100.000,X,X,X,X,X,X,X,X,X,X,X,X,X,X,X,X,X,X,X,1364,985,71,332.6,
Arta\Arta-38.387,05/21/17 - 08:51,Arta-38,3.500,X,3917.00,3917.00,0.03937,0.03937,3852.00,3852.00,X,40,1.05,X,X,100.000,X,X,X,X,X,X,X,X,X,X,X,X,X,X,X,X,X,X,X,182,155,77,55.1,
Arta\Arta-38.388,05/22/17 - 08:41,Arta-38,3.500,X,3917.00,3917.00,0.03937,0.03937,3852.00,3852.00,X,40,1.05,X,X,100.000,X,X,X,X,X,X,X,X,X,X,X,X,X,X,X,X,X,X,X,832,809,97,275.0,
Arta\Arta-38.389,05/23/17 - 08:20,Arta-38,3.500,X,3917.00,3917.00,0.03937,0.03937,3852.00,3852.00,X,40,1.05,X,X,100.000,X,X,X,X,X,X,X,X,X,X,X,X,X,X,X,X,X,X,X,1014,862,84,292.5,
Arta\Arta-38.390,05/25/17 - 08:50,Arta-38,3.500,X,3917.00,3917.00,0.03937,0.03937,3852.00,3852.00,X,40,1.05,X,X,100.000,X,X,X,X,X,X,X,X,X,X,X,X,X,X,X,X,X,X,X,849,714,83,242.6,
Arta\Arta-38.391,05/28/17 - 08:08,Arta-38,3.500,X,3917.00,3917.00,0.03937,0.03937,3852.00,3852.00,X,40,1.05,X,X,100.000,X,X,X,X,X,X,X,X,X,X,X,X,X,X,X,X,X,X,X,669,579,85,197.0,
Arta\Arta-38.392,05/31/17 - 08:03,Arta-38,3.500,X,3917.00,3917.00,0.03937,0.03937,3852.00,3852.00,X,40,1.05,X,X,100.000,X,X,X,X,X,X,X,X,X,X,X,X,X,X,X,X,X,X,X,947,947,100,320.8,
Arta\Arta-38.393,06/05/17 - 08:20,Arta-38,3.500,X,3917.00,3917.00,0.03937,0.03937,3852.00,3852.00,X,40,1.05,X,X,100.000,X,X,X,X,X,X,X,X,X,X,X,X,X,X,X,X,X,X,X,1236,1198,97,406.0,
Arta\Arta-38.394,06/07/17 - 08:35,Arta-38,3.500,X,3917.00,3917.00,0.03937,0.03937,3852.00,3852.00,X,40,1.05,X,X,100.000,X,X,X,X,X,X,X,X,X,X,X,X,X,X,X,X,X,X,X,1063,1063,100,359.9,
Arta\Arta-38.395,06/09/17 - 07:48,Arta-38,3.500,X,3917.00,3917.00,0.03937,0.03937,3852.00,3852.00,X,40,1.05,X,X,100.000,X,X,X,X,X,X,X,X,X,X,X,X,X,X,X,X,X,X,X,1344,1344,100,454.1,
Arta\Arta-38.396,06/12/17 - 08:31,Arta-38,3.500,X,3917.00,3917.00,0.03937,0.03937,3852.00,3852.00,X,40,1.05,X,X,100.000,X,X,X,X,X,X,X,X,X,X,X,X,X,X,X,X,X,X,X,1271,1270,100,430.1,
Arta\Arta-38.397,06/16/17 - 08:50,Arta-38,3.500,X,3917.00,3917.00,0.03937,0.03937,3852.00,3852.00,X,40,1.05,X,X,100.000,X,X,X,X,X,X,X,X,X,X,X,X,X,X,X,X,X,X,X,1198,1198,100,406.1,
Arta\Arta-38.398,06/21/17 - 08:00,Arta-38,3.500,X,3917.00,3917.00,0.03937,0.03937,3852.00,3852.00,X,40,1.05,X,X,100.000,X,X,X,X,X,X,X,X,X,X,X,X,X,X,X,X,X,X,X,1229,1229,100,416.5,
Arta\Arta-38.399,06/21/17 - 08:07,Arta-38,3.500,X,3917.00,3917.00,0.03937,0.03937,3852.00,3852.00,X,40,1.05,X,X,100.000,X,X,X,X,X,X,X,X,X,X,X,X,X,X,X,X,X,X,X,1176,1176,100,397.1,
Arta\Arta-38.400,07/13/17 - 12:03,Arta-38,3.500,X,3917.00,3917.00,0.03937,0.03937,3852.00,3852.00,X,40,1.05,X,X,100.000,X,X,X,X,X,X,X,X,X,X,X,X,X,X,X,X,X,X,X,1282,1242,97,420.9,
Arta\Arta-38.401,07/20/17 - 10:25,Arta-38,3.500,X,3917.00,3917.00,0.03937,0.03937,3852.00,3852.00,X,40,1.05,X,X,100.000,X,X,X,X,X,X,X,X,X,X,X,X,X,X,X,X,X,X,X,1345,1241,92,420.8,
Arta\Arta-38.402,07/24/17 - 08:17,Arta-38,3.500,X,3917.00,3917.00,0.03937,0.03937,3852.00,3852.00,X,40,1.05,X,X,100.000,X,X,X,X,X,X,X,X,X,X,X,X,X,X,X,X,X,X,X,1313,1252,95,424.2,
Arta\Arta-38.403,07/29/17 - 09:16,Arta-38,3.500,X,3952.00,3952.00,0.03937,0.03937,3852.00,3852.00,X,40,1.05,X,X,100.000,X,X,X,X,X,X,X,X,X,X,X,X,X,X,X,X,X,X,X,1218,934,75,315.9,
Arta\Arta-38.404,07/30/17 - 08:37,Arta-38,3.500,X,3952.00,3952.00,0.03937,0.03937,3852.00,3852.00,X,40,1.05,X,X,100.000,X,X,X,X,X,X,X,X,X,X,X,X,X,X,X,X,X,X,X,1137,795,67,269.2,
Arta\Arta-38.405,07/31/17 - 08:16,Arta-38,3.500,X,3952.00,3952.00,0.03937,0.03937,3852.00,3852.00,X,40,1.05,X,X,100.000,X,X,X,X,X,X,X,X,X,X,X,X,X,X,X,X,X,X,X,1036,736,68,249.0,
Arta\Arta-38.406,08/01/17 - 08:18,Arta-38,3.500,X,3952.00,3952.00,0.03937,0.03937,3852.00,3852.00,X,40,1.05,X,X,100.000,X,X,X,X,X,X,X,X,X,X,X,X,X,X,X,X,X,X,X,937,693,71,234.5,
Arta\Arta-38.407,08/02/17 - 09:15,Arta-38,3.500,X,3952.00,3952.00,0.03937,0.03937,3852.00,3852.00,X,40,1.05,X,X,100.000,X,X,X,X,X,X,X,X,X,X,X,X,X,X,X,X,X,X,X,910,653,68,221.2,
Arta\Arta-38.408,08/03/17 - 14:33,Arta-38,3.500,X,3952.00,3952.00,0.03937,0.03937,3852.00,3852.00,X,40,1.05,X,X,100.000,X,X,X,X,X,X,X,X,X,X,X,X,X,X,X,X,X,X,X,831,785,94,265.3,
Arta\Arta-38.409,08/04/17 - 09:04,Arta-38,3.500,X,3952.00,3952.00,0.03937,0.03937,3852.00,3852.00,X,40,1.05,X,X,100.000,X,X,X,X,X,X,X,X,X,X,X,X,X,X,X,X,X,X,X,770,721,93,244.0,
Arta\Arta-38.410,08/06/17 - 08:54,Arta-38,3.500,X,3952.00,3952.00,0.03937,0.03937,3852.00,3852.00,X,40,1.05,X,X,100.000,X,X,X,X,X,X,X,X,X,X,X,X,X,X,X,X,X,X,X,676,676,100,229.2,
Arta\Arta-38.411,08/09/17 - 09:02,Arta-38,3.500,X,3952.00,3952.00,0.03937,0.03937,3852.00,3852.00,X,40,1.05,X,X,100.000,X,X,X,X,X,X,X,X,X,X,X,X,X,X,X,X,X,X,X,566,485,83,165.3,
Arta\Arta-38.412,08/13/17 - 09:26,Arta-38,3.500,X,3952.00,3952.00,0.03937,0.03937,3852.00,3852.00,X,40,1.05,X,X,100.000,X,X,X,X,X,X,X,X,X,X,X,X,X,X,X,X,X,X,X,475,448,93,153.5,
Arta\Arta-38.413,08/15/17 - 09:15,Arta-38,3.500,X,3952.00,3952.00,0.03937,0.03937,3852.00,3852.00,X,40,1.05,X,X,100.000,X,X,X,X,X,X,X,X,X,X,X,X,X,X,X,X,X,X,X,335,334,99,114.7,
Arta\Arta-38.414,08/16/17 - 08:40,Arta-38,3.500,X,3952.00,3952.00,0.03937,0.03937,3852.00,3852.00,X,40,1.05,X,X,100.000,X,X,X,X,X,X,X,X,X,X,X,X,X,X,X,X,X,X,X,340,329,95,113.6,
Arta\Arta-38.415,08/17/17 - 09:20,Arta-38,3.500,X,3952.00,3952.00,0.03937,0.03937,3852.00,3852.00,X,40,1.05,X,X,100.000,X,X,X,X,X,X,X,X,X,X,X,X,X,X,X,X,X,X,X,235,230,96,80.1,
Arta\Arta-38.416,08/18/17 - 09:43,Arta-38,3.500,X,3952.00,3952.00,0.03937,0.03937,3852.00,3852.00,X,40,1.05,X,X,100.000,X,X,X,X,X,X,X,X,X,X,X,X,X,X,X,X,X,X,X,757,706,92,237.6,
Arta\Arta-38.417,08/21/17 - 10:42,Arta-38,3.500,X,3952.00,3952.00,0.03937,0.03937,3852.00,3852.00,X,40,1.05,X,X,100.000,X,X,X,X,X,X,X,X,X,X,X,X,X,X,X,X,X,X,X,804,773,96,259.2,
Arta\Arta-38.418,08/25/17 - 10:12,Arta-38,3.500,X,3952.00,3952.00,0.03937,0.03937,3852.00,3852.00,X,40,1.05,X,X,100.000,X,X,X,X,X,X,X,X,X,X,X,X,X,X,X,X,X,X,X,862,781,89,265.0,
Arta\Arta-38.419,08/27/17 - 13:59,Arta-38,3.500,X,3952.00,3952.00,0.03937,0.03937,3852.00,3852.00,X,40,1.05,X,X,100.000,X,X,X,X,X,X,X,X,X,X,X,X,X,X,X,X,X,X,X,889,889,100,300.5,
Arta\Arta-38.420,08/31/17 - 08:05,Arta-38,3.500,X,3952.00,3952.00,0.03937,0.03937,3852.00,3852.00,X,40,1.05,X,X,100.000,X,X,X,X,X,X,X,X,X,X,X,X,X,X,X,X,X,X,X,915,915,100,309.3,
Arta\Arta-38.421,09/06/17 - 08:55,Arta-38,3.500,X,3952.00,3952.00,0.03937,0.03937,3852.00,3852.00,X,40,1.05,X,X,100.000,X,X,X,X,X,X,X,X,X,X,X,X,X,X,X,X,X,X,X,910,910,100,307.6,
Arta\Arta-38.422,09/11/17 - 08:42,Arta-38,3.500,X,3952.00,3952.00,0.03937,0.03937,3852.00,3852.00,X,40,1.05,X,X,100.000,X,X,X,X,X,X,X,X,X,X,X,X,X,X,X,X,X,X,X,898,898,100,303.5,
Arta\Arta-38.423,09/18/17 - 10:23,Arta-38,3.500,X,3952.00,3952.00,0.03937,0.03937,3852.00,3852.00,X,40,1.05,X,X,100.000,X,X,X,X,X,X,X,X,X,X,X,X,X,X,X,X,X,X,X,910,880,96,297.4,
Arta\Arta-38.424,09/20/17 - 08:36,Arta-38,3.500,X,3952.00,3952.00,0.03937,0.03937,3852.00,3852.00,X,40,1.05,X,X,100.000,X,X,X,X,X,X,X,X,X,X,X,X,X,X,X,X,X,X,X,924,924,100,312.0,
Arta\Arta-38.425,09/27/17 - 08:55,Arta-38,3.500,X,3952.00,3952.00,0.03937,0.03937,3852.00,3852.00,X,40,1.05,X,X,100.000,X,X,X,X,X,X,X,X,X,X,X,X,X,X,X,X,X,X,X,925,925,100,312.5,
Arta\Arta-38.426,10/04/17 - 08:40,Arta-38,3.500,X,3952.00,3952.00,0.03937,0.03937,3852.00,3852.00,X,40,1.05,X,X,100.000,X,X,X,X,X,X,X,X,X,X,X,X,X,X,X,X,X,X,X,954,948,99,320.1,
Arta\Arta-38.427,10/09/17 - 08:12,Arta-38,3.500,X,3952.00,3952.00,0.03937,0.03937,3852.00,3852.00,X,40,1.05,X,X,100.000,X,X,X,X,X,X,X,X,X,X,X,X,X,X,X,X,X,X,X,964,964,100,325.5,
Arta\Arta-38.428,10/16/17 - 09:02,Arta-38,3.500,X,3952.00,3952.00,0.03937,0.03937,3852.00,3852.00,X,40,1.05,X,X,100.000,X,X,X,X,X,X,X,X,X,X,X,X,X,X,X,X,X,X,X,935,935,100,315.9,
Arta\Arta-38.429,10/23/17 - 09:58,Arta-38,3.500,X,3952.00,3952.00,0.03937,0.03937,3852.00,3852.00,X,40,1.05,X,X,100.000,X,X,X,X,X,X,X,X,X,X,X,X,X,X,X,X,X,X,X,976,976,100,329.4,
Arta\Arta-38.430,11/04/17 - 08:50,Arta-38,3.500,X,3952.00,3952.00,0.03937,0.03937,3852.00,3852.00,X,40,1.05,X,X,100.000,X,X,X,X,X,X,X,X,X,X,X,X,X,X,X,X,X,X,X,951,951,100,321.3,
Arta\Arta-38.431,11/08/17 - 09:07,Arta-38,3.500,X,3952.00,3952.00,0.03937,0.03937,3852.00,3852.00,X,40,1.05,X,X,100.000,X,X,X,X,X,X,X,X,X,X,X,X,X,X,X,X,X,X,X,945,855,89,289.1,
Arta\Arta-38.432,11/17/17 - 10:46,Arta-38,3.500,X,3952.00,3952.00,0.03937,0.03937,3852.00,3852.00,X,40,1.05,X,X,100.000,X,X,X,X,X,X,X,X,X,X,X,X,X,X,X,X,X,X,X,950,950,100,320.8,
Arta\Arta-38.433,11/20/17 - 10:38,Arta-38,3.500,X,3952.00,3952.00,0.03937,0.03937,3852.00,3852.00,X,40,1.05,X,X,100.000,X,X,X,X,X,X,X,X,X,X,X,X,X,X,X,X,X,X,X,952,952,100,321.4,
Arta\Arta-38.434,12/03/17 - 08:42,Arta-38,3.500,X,3952.00,3952.00,0.03937,0.03937,3852.00,3852.00,X,40,1.05,X,X,100.000,X,X,X,X,X,X,X,X,X,X,X,X,X,X,X,X,X,X,X,1236,1236,100,418.5,
Arta\Arta-38.435,12/19/17 - 09:17,Arta-38,3.500,X,3952.00,3952.00,0.03937,0.03937,3852.00,3852.00,X,40,1.05,X,X,100.000,X,X,X,X,X,X,X,X,X,X,X,X,X,X,X,X,X,X,X,1429,1429,100,482.2,
Arta\Arta-38.436,12/25/17 - 09:18,Arta-38,3.500,X,3952.00,3952.00,0.03937,0.03937,3852.00,3852.00,X,40,1.05,X,X,100.000,X,X,X,X,X,X,X,X,X,X,X,X,X,X,X,X,X,X,X,1375,1375,100,462.3,
Arta\Arta-4.111,01/27/17 - 09:49,Arta-4,3.500,1.250,3014.00,3014.00,0.02989,0.02989,2933.00,2933.00,X,19,1.05,X,X,100.000,X,X,X,X,X,X,X,X,X,X,X,X,X,X,X,X,X,X,X,295,189,50,75.6,
Arta\Arta-4.112,02/10/17 - 09:20,Arta-4,3.500,1.250,3014.00,3014.00,0.02989,0.02989,2933.00,2933.00,X,19,1.05,X,X,100.000,X,X,X,X,X,X,X,X,X,X,X,X,X,X,X,X,X,X,X,311,197,50,78.3,
Arta\Arta-4.113,02/26/17 - 14:59,Arta-4,3.500,1.250,3014.00,3014.00,0.02989,0.02989,2933.00,2933.00,X,19,1.05,X,X,100.000,X,X,X,X,X,X,X,X,X,X,X,X,X,X,X,X,X,X,X,284,183,50,73.3,
Arta\Arta-4.114,03/12/17 - 09:08,Arta-4,3.500,1.250,3014.00,3014.00,0.02989,0.02989,2933.00,2933.00,X,19,1.05,X,X,100.000,X,X,X,X,X,X,X,X,X,X,X,X,X,X,X,X,X,X,X,310,191,48,76.1,
Arta\Arta-4.115,05/05/17 - 08:54,Arta-4,3.500,1.250,3014.00,3014.00,0.02989,0.02989,2933.00,2933.00,X,19,1.05,X,X,100.000,X,05/05/17 - 09:07,13612,5932,4215,-1515,4.5,95.3,6.452,11.53,11.0,12.9,1515.3,X,0,9350,7405,6976,1683,311,191,48,76.8,
Arta\Arta-4.116,05/14/17 - 08:30,Arta-4,3.500,1.250,3014.00,3014.00,0.02989,0.02989,2933.00,2933.00,X,19,1.05,X,X,100.000,X,X,X,X,X,X,X,X,X,X,X,X,X,X,X,X,X,X,X,286,182,49,67.2,
Arta\Arta-4.117,06/11/17 - 08:27,Arta-4,3.500,1.250,3014.00,3014.00,0.02989,0.02989,2933.00,2933.00,X,19,1.05,X,X,100.000,X,X,X,X,X,X,X,X,X,X,X,X,X,X,X,X,X,X,X,288,170,43,67.8,
Arta\Arta-4.118,07/23/17 - 09:11,Arta-4,3.500,1.250,3014.00,3014.00,0.02989,0.02989,2933.00,2933.00,X,19,1.05,X,X,100.000,X,X,X,X,X,X,X,X,X,X,X,X,X,X,X,X,X,X,X,289,154,35,62.9,
Arta\Arta-4.119,09/03/17 - 08:25,Arta-4,3.500,1.250,3014.00,3014.00,0.02989,0.02989,2933.00,2933.00,X,19,1.05,X,X,100.000,X,X,X,X,X,X,X,X,X,X,X,X,X,X,X,X,X,X,X,309,155,32,62.3,
Arta\Arta-4.120,09/17/17 - 10:04,Arta-4,3.500,1.250,3014.00,3014.00,0.02989,0.02989,2933.00,2933.00,X,19,1.05,X,X,100.000,X,X,X,X,X,X,X,X,X,X,X,X,X,X,X,X,X,X,X,285,146,32,59.2,
Arta\Arta-4.121,10/01/17 - 09:06,Arta-4,3.500,1.250,3014.00,3014.00,0.02989,0.02989,2933.00,2933.00,X,19,1.05,X,X,100.000,X,X,X,X,X,X,X,X,X,X,X,X,X,X,X,X,X,X,X,278,143,31,58.3,
Arta\Arta-4.122,11/19/17 - 11:35,Arta-4,3.500,1.250,3014.00,3014.00,0.02989,0.02989,2933.00,2933.00,X,19,1.05,X,X,100.000,X,X,X,X,X,X,X,X,X,X,X,X,X,X,X,X,X,X,X,313,150,29,60.8,
Arta\Arta-4.123,12/24/17 - 08:56,Arta-4,3.500,1.250,3014.00,3014.00,0.02989,0.02989,2933.00,2933.00,X,19,1.05,X,X,100.000,X,X,X,X,X,X,X,X,X,X,X,X,X,X,X,X,X,X,X,1178,415,30,164.8,
Arta\Arta-40.190,01/15/17 - 09:36,Arta-40,3.500,1.750,3397.00,3397.00,0.03397,0.03397,3284.00,3284.00,X,19,1.05,X,456000,102.000,X,X,X,X,X,X,X,X,X,X,X,X,X,X,X,X,X,X,X,14,14,100,7.0,
Arta\Arta-40.191,02/10/17 - 10:06,Arta-40,3.500,1.750,3397.00,3397.00,0.03397,0.03397,3284.00,3284.00,X,19,1.05,X,456000,102.000,X,X,X,X,X,X,X,X,X,X,X,X,X,X,X,X,X,X,X,18,18,100,8.3,
Arta\Arta-40.192,03/12/17 - 09:14,Arta-40,3.500,1.750,3397.00,3397.00,0.03397,0.03397,3284.00,3284.00,X,19,1.05,X,456000,102.000,X,X,X,X,X,X,X,X,X,X,X,X,X,X,X,X,X,X,X,28,28,100,12.5,
Arta\Arta-40.193,05/14/17 - 09:15,Arta-40,3.500,1.750,3397.00,3397.00,0.03397,0.03397,3284.00,3284.00,X,19,1.05,X,456000,102.000,X,X,X,X,X,X,X,X,X,X,X,X,X,X,X,X,X,X,X,X,X,100,-4.6,
Arta\Arta-40.194,05/21/17 - 09:27,Arta-40,3.500,1.750,3397.00,3397.00,0.03397,0.03397,3284.00,3284.00,X,19,1.05,X,456000,102.000,X,X,X,X,X,X,X,X,X,X,X,X,X,X,X,X,X,X,X,61,61,100,25.5,
Arta\Arta-40.195,06/11/17 - 09:20,Arta-40,3.500,1.750,3397.00,3397.00,0.03397,0.03397,3284.00,3284.00,X,19,1.05,X,456000,102.000,X,X,X,X,X,X,X,X,X,X,X,X,X,X,X,X,X,X,X,1,1,100,1.3,
Arta\Arta-40.196,07/13/17 - 11:09,Arta-40,3.500,1.750,3397.00,3397.00,0.03397,0.03397,3284.00,3284.00,X,19,1.05,X,456000,102.000,X,07/13/17 - 11:40,14213,7665,3720,-111,2.8,99.4,6.818,12.22,12.1,29.6,110.6,702128.0,0,X,X,X,X,50,50,100,21.0,
Arta\Arta-40.197,07/13/17 - 11:47,Arta-40,3.500,1.750,3397.00,3397.00,0.03397,0.03397,3284.00,3284.00,X,19,1.05,X,456000,102.000,X,X,X,X,X,X,X,X,X,X,X,X,X,X,X,10182,8573,8131,3718,X,X,X,X,
Arta\Arta-40.198,07/23/17 - 09:52,Arta-40,3.500,1.750,3397.00,3397.00,0.03397,0.03397,3284.00,3284.00,X,19,1.05,X,456000,102.000,X,X,X,X,X,X,X,X,X,X,X,X,X,X,X,X,X,X,X,36,36,100,15.5,
Arta\Arta-40.199,09/03/17 - 08:54,Arta-40,3.500,1.750,3397.00,3397.00,0.03397,0.03397,3284.00,3284.00,X,19,1.05,X,456000,102.000,X,X,X,X,X,X,X,X,X,X,X,X,X,X,X,X,X,X,X,52,52,100,21.4,
Arta\Arta-40.200,09/17/17 - 09:24,Arta-40,3.500,1.750,3397.00,3397.00,0.03397,0.03397,3284.00,3284.00,X,19,1.05,X,456000,102.000,X,X,X,X,X,X,X,X,X,X,X,X,X,X,X,X,X,X,X,32,32,100,14.0,
Arta\Arta-40.201,09/22/17 - 09:18,Arta-40,3.500,1.750,3397.00,3397.00,0.03397,0.03397,3284.00,3284.00,X,19,1.05,X,456000,102.000,X,09/22/17 - 09:25,13995,7621,3438,-139,2.2,99.3,6.870,11.03,11.0,26.9,139.4,693097.6,0,11505,8573,8910,3718,40,40,100,17.1,
Arta\Arta-40.202,10/01/17 - 09:41,Arta-40,3.500,1.750,3397.00,3397.00,0.03397,0.03397,3284.00,3284.00,X,19,1.05,X,456000,102.000,X,X,X,X,X,X,X,X,X,X,X,X,X,X,X,X,X,X,X,986,748,73,297.0,
Arta\Arta-40.203,10/02/17 - 09:11,Arta-40,3.500,1.750,3397.00,3397.00,0.03397,0.03397,3284.00,3284.00,X,19,1.05,X,456000,102.000,X,X,X,X,X,X,X,X,X,X,X,X,X,X,X,X,X,X,X,34,34,100,14.7,
Arta\Arta-40.204,10/22/17 - 09:19,Arta-40,3.500,1.750,3397.00,3397.00,0.03397,0.03397,3284.00,3284.00,X,19,1.05,X,456000,102.000,X,10/22/17 - 09:26,14403,7533,3930,-246,2.7,99.6,6.818,8.79,8.8,21.3,245.6,701682.2,0,11700,8573,8685,3718,68,68,100,27.7,
Arta\Arta-40.205,10/22/17 - 16:14,Arta-40,3.500,1.750,3397.00,3397.00,0.03397,0.03397,3284.00,3284.00,X,19,1.05,X,456000,102.000,X,X,X,X,X,X,X,X,X,X,X,X,X,X,X,16293,8573,12665,3718,X,X,X,X,
Arta\Arta-40.206,11/01/17 - 09:34,Arta-40,3.500,1.750,3397.00,3397.00,0.03397,0.03397,3284.00,3284.00,X,19,1.05,X,456000,102.000,X,11/01/17 - 09:43,14302,6629,4175,-181,1.9,99.3,4.592,15.24,15.1,24.8,180.6,703367.5,0,10915,8573,8342,3718,4,4,100,3.0,
Arta\Arta-40.207,12/03/17 - 09:28,Arta-40,3.500,1.750,3397.00,3397.00,0.03397,0.03397,3284.00,3284.00,X,19,1.05,X,456000,102.000,X,X,X,X,X,X,X,X,X,X,X,X,X,X,X,X,X,X,X,63,63,100,26.1,
Arta\Arta-40.208,12/24/17 - 09:54,Arta-40,3.500,1.750,3397.00,3397.00,0.03397,0.03397,3284.00,3284.00,X,19,1.05,X,456000,102.000,X,X,X,X,X,X,X,X,X,X,X,X,X,X,X,X,X,X,X,8,8,100,2.3,
Arta\Arta-42.219,01/15/17 - 09:21,Arta-42,3.500,2.250,3465.00,3465.00,0.03678,0.03678,3640.00,3640.00,X,19,1.05,X,912000,121.070,X,X,X,X,X,X,X,X,X,X,X,X,X,X,X,X,X,X,X,345,345,100,137.9,
Arta\Arta-42.220,02/07/17 - 15:00,Arta-42,3.500,2.250,3465.00,3465.00,0.03678,0.03678,3640.00,3640.00,X,19,1.05,X,912000,121.070,X,X,X,X,X,X,X,X,X,X,X,X,X,X,X,X,X,X,X,351,344,98,137.9,
Arta\Arta-42.221,02/26/17 - 15:13,Arta-42,3.500,2.250,3465.00,3465.00,0.03678,0.03678,3640.00,3640.00,X,19,1.05,X,912000,121.070,X,X,X,X,X,X,X,X,X,X,X,X,X,X,X,X,X,X,X,157,157,100,63.8,
Arta\Arta-42.222,03/12/17 - 08:51,Arta-42,3.500,2.250,3465.00,3465.00,0.03678,0.03678,3640.00,3640.00,X,19,1.05,X,912000,121.070,X,X,X,X,X,X,X,X,X,X,X,X,X,X,X,X,X,X,X,313,313,100,125.4,
Arta\Arta-42.223,05/06/17 - 09:30,Arta-42,3.500,2.250,3465.00,3465.00,0.03678,0.03678,3640.00,3640.00,X,19,1.05,X,912000,121.070,X,05/06/17 - 09:42,16224,5646,5559,-61,5.2,116.5,6.000,39.96,46.6,164.9,61.1,935243.2,0,13373,8746,9309,6269,164,164,100,66.7,
Arta\Arta-42.224,05/14/17 - 09:08,Arta-42,3.500,2.250,3465.00,3465.00,0.03678,0.03678,3640.00,3640.00,X,19,1.05,X,912000,121.070,X,X,X,X,X,X,X,X,X,X,X,X,X,X,X,X,X,X,X,316,316,100,120.6,
Arta\Arta-42.225,05/28/17 - 08:43,Arta-42,3.500,2.250,3465.00,3465.00,0.03678,0.03678,3640.00,3640.00,X,19,1.05,X,912000,121.070,X,X,X,X,X,X,X,X,X,X,X,X,X,X,X,X,X,X,X,141,107,76,44.2,
Arta\Arta-42.226,06/08/17 - 09:01,Arta-42,3.500,2.250,3465.00,3465.00,0.03678,0.03678,3640.00,3640.00,X,19,1.05,X,912000,121.070,X,X,X,X,X,X,X,X,X,X,X,X,X,X,X,X,X,X,X,250,250,100,100.4,
Arta\Arta-42.227,07/09/17 - 09:59,Arta-42,3.500,2.250,3465.00,3465.00,0.03678,0.03678,3640.00,3640.00,X,19,1.05,X,912000,121.070,X,X,X,X,X,X,X,X,X,X,X,X,X,X,X,X,X,X,X,368,346,94,138.4,
Arta\Arta-42.228,07/23/17 - 09:43,Arta-42,3.500,2.250,3465.00,3465.00,0.03678,0.03678,3640.00,3640.00,X,19,1.05,X,912000,121.070,X,X,X,X,X,X,X,X,X,X,X,X,X,X,X,X,X,X,X,352,337,96,134.8,
Arta\Arta-42.229,08/13/17 - 08:30,Arta-42,3.500,2.250,3465.00,3465.00,0.03678,0.03678,3640.00,3640.00,X,19,1.05,X,912000,121.070,X,X,X,X,X,X,X,X,X,X,X,X,X,X,X,X,X,X,X,199,199,100,87.5,
Arta\Arta-42.230,09/03/17 - 08:48,Arta-42,3.500,2.250,3465.00,3465.00,0.03678,0.03678,3640.00,3640.00,X,19,1.05,X,912000,121.070,X,X,X,X,X,X,X,X,X,X,X,X,X,X,X,X,X,X,X,550,539,98,214.2,
Arta\Arta-42.231,09/04/17 - 08:50,Arta-42,3.500,2.250,3465.00,3465.00,0.03678,0.03678,3640.00,3640.00,X,19,1.05,X,912000,121.070,X,X,X,X,X,X,X,X,X,X,X,X,X,X,X,X,X,X,X,182,168,92,68.2,
Arta\Arta-42.232,09/13/17 - 10:15,Arta-42,3.500,2.250,3465.00,3465.00,0.03678,0.03678,3640.00,3640.00,X,19,1.05,X,912000,121.070,X,X,X,X,X,X,X,X,X,X,X,X,X,X,X,X,X,X,X,1808,1515,84,597.1,
Arta\Arta-42.233,09/13/17 - 10:19,Arta-42,3.500,2.250,3465.00,3465.00,0.03678,0.03678,3640.00,3640.00,X,19,1.05,X,912000,121.070,X,09/13/17 - 10:31,15355,5533,5331,-720,5.2,122.0,7.347,43.32,52.8,229.1,719.6,847320.5,12,14940,8746,11963,6269,173,144,83,59.3,
Arta\Arta-42.234,09/17/17 - 09:30,Arta-42,3.500,2.250,3465.00,3465.00,0.03678,0.03678,3640.00,3640.00,X,19,1.05,X,912000,121.070,X,X,X,X,X,X,X,X,X,X,X,X,X,X,X,X,X,X,X,131,131,100,53.5,
Arta\Arta-42.236,10/01/17 - 09:22,Arta-42,3.500,2.250,3465.00,3465.00,0.03678,0.03678,3640.00,3640.00,X,19,1.05,X,912000,121.070,X,X,X,X,X,X,X,X,X,X,X,X,X,X,X,X,X,X,X,161,161,100,65.9,
Arta\Arta-42.237,10/04/17 - 09:39,Arta-42,3.500,2.250,3465.00,3465.00,0.03678,0.03678,3640.00,3640.00,X,19,1.05,X,912000,145.127,X,10/04/17 - 09:57,17828,4891,5986,-467,8.2,142.1,7.725,33.86,48.1,219.5,467.5,1227585.3,0,13512,8746,13301,6269,176,140,80,58.7,
Arta\Arta-42.238,11/19/17 - 11:24,Arta-42,3.500,2.250,3465.00,3465.00,0.03678,0.03678,3640.00,3640.00,X,19,1.05,X,912000,121.070,X,X,X,X,X,X,X,X,X,X,X,X,X,X,X,X,X,X,X,363,328,90,131.3,
Arta\Arta-42.239,11/21/17 - 08:07,Arta-42,3.500,2.250,3465.00,3465.00,0.03678,0.03678,3640.00,3640.00,X,19,1.05,X,912000,121.070,X,X,X,X,X,X,X,X,X,X,X,X,X,X,X,X,X,X,X,1205,1152,96,455.1,
Arta\Arta-42.240,11/22/17 - 10:14,Arta-42,3.500,2.250,3465.00,3465.00,0.03678,0.03678,3640.00,3640.00,X,19,1.05,X,912000,121.070,X,X,X,X,X,X,X,X,X,X,X,X,X,X,X,X,X,X,X,184,151,82,62.5,
Arta\Arta-42.241,12/13/17 - 08:55,Arta-42,3.500,2.250,3465.00,3465.00,0.03678,0.03678,3640.00,3640.00,X,19,1.05,X,912000,121.070,X,X,X,X,X,X,X,X,X,X,X,X,X,X,X,X,X,X,X,167,132,79,54.6,
Arta\Arta-42.242,12/24/17 - 09:15,Arta-42,3.500,2.250,3465.00,3465.00,0.03678,0.03678,3640.00,3640.00,X,19,1.05,X,912000,121.070,X,X,X,X,X,X,X,X,X,X,X,X,X,X,X,X,X,X,X,129,103,80,40.9,
Arta\Arta-43.347,01/05/17 - 09:17,Arta-43,3.500,2.250,4063.00,4063.00,0.03947,0.03947,3886.00,3886.00,X,19,1.05,X,912000,144.000,X,X,X,X,X,X,X,X,X,X,X,X,X,X,X,X,X,X,X,1287,1287,100,499.8,
Arta\Arta-43.348,01/08/17 - 08:59,Arta-43,3.500,2.250,4063.00,4063.00,0.03947,0.03947,3886.00,3886.00,X,19,1.05,X,912000,144.000,X,X,X,X,X,X,X,X,X,X,X,X,X,X,X,X,X,X,X,1103,1103,100,433.4,
Arta\Arta-43.349,01/13/17 - 08:30,Arta-43,3.500,2.250,4063.00,4063.00,0.03947,0.03947,3886.00,3886.00,X,19,1.05,X,912000,144.000,X,X,X,X,X,X,X,X,X,X,X,X,X,X,X,X,X,X,X,758,672,85,264.9,
Arta\Arta-43.350,01/18/17 - 09:15,Arta-43,3.500,2.250,4063.00,4063.00,0.03947,0.03947,3886.00,3886.00,X,19,1.05,X,912000,144.000,X,01/18/17 - 09:31,16615,6778,5871,-207,9.1,132.1,5.882,72.87,96.3,334.3,206.8,1109180.2,17,14934,9255,10091,6577,620,516,76,204.3,
Arta\Arta-43.351,01/19/17 - 10:02,Arta-43,3.500,2.250,4063.00,4063.00,0.03947,0.03947,3886.00,3886.00,X,19,1.05,X,912000,144.000,X,01/19/17 - 10:14,17495,6746,5891,-71,9.1,134.6,5.921,68.04,91.6,320.1,71.4,1180784.9,27,14670,9255,8640,6577,633,524,76,207.7,
Arta\Arta-43.352,01/23/17 - 09:42,Arta-43,3.500,2.250,4063.00,4063.00,0.03947,0.03947,3886.00,3886.00,X,19,1.05,X,912000,144.000,X,X,X,X,X,X,X,X,X,X,X,X,X,X,X,X,X,X,X,607,607,100,240.1,
Arta\Arta-43.353,01/26/17 - 09:01,Arta-43,3.500,2.250,4063.00,4063.00,0.03947,0.03947,3886.00,3886.00,X,19,1.05,X,912000,144.000,X,X,X,X,X,X,X,X,X,X,X,X,X,X,X,X,X,X,X,17,17,100,11.9,
Arta\Arta-43.354,01/27/17 - 08:56,Arta-43,3.500,2.250,4063.00,4063.00,0.03947,0.03947,3886.00,3886.00,X,19,1.05,X,912000,144.000,X,X,X,X,X,X,X,X,X,X,X,X,X,X,X,X,X,X,X,30,30,100,16.6,
Arta\Arta-43.355,01/27/17 - 09:32,Arta-43,3.500,2.250,4063.00,4063.00,0.03947,0.03947,3886.00,3886.00,X,19,1.05,X,912000,144.000,X,01/27/17 - 09:32,28240,-3245,16183,-5499,15.4,127.6,5.438,18.89,24.1,77.4,5499.4,1924969.1,0,17875,9255,16141,6577,X,X,X,X,
Arta\Arta-43.356,01/29/17 - 08:25,Arta-43,3.500,2.250,4063.00,4063.00,0.03947,0.03947,3886.00,3886.00,X,19,1.05,X,912000,144.000,X,01/29/17 - 08:46,17498,6073,6118,-1678,11.0,140.0,5.233,97.09,135.9,419.8,1677.6,1173314.0,16,X,X,X,X,61,61,100,26.6,
Arta\Arta-43.357,01/29/17 - 09:05,Arta-43,3.500,2.250,4063.00,4063.00,0.03947,0.03947,3886.00,3886.00,X,19,1.05,X,912000,144.000,X,01/29/17 - 09:05,20698,3620,9806,-2953,12.8,119.4,5.233,97.33,116.2,358.9,2952.9,1435793.3,0,8191,9255,4572,6577,X,X,X,X,
Arta\Arta-43.358,01/31/17 - 08:59,Arta-43,3.500,2.250,4063.00,4063.00,0.03947,0.03947,3886.00,3886.00,X,19,1.05,X,912000,144.000,X,X,X,X,X,X,X,X,X,X,X,X,X,X,X,X,X,X,X,182,180,59,75.8,
Arta\Arta-43.359,02/01/17 - 08:55,Arta-43,3.500,2.250,4063.00,4063.00,0.03947,0.03947,3886.00,3886.00,X,19,1.05,X,912000,144.000,X,X,X,X,X,X,X,X,X,X,X,X,X,X,X,X,X,X,X,57,57,100,25.3,
Arta\Arta-43.360,02/02/17 - 08:35,Arta-43,3.500,2.250,4063.00,4063.00,0.03947,0.03947,3886.00,3886.00,X,19,1.05,X,912000,144.000,X,X,X,X,X,X,X,X,X,X,X,X,X,X,X,X,X,X,X,78,78,100,33.5,
Arta\Arta-43.361,02/05/17 - 17:38,Arta-43,3.500,2.250,4063.00,4063.00,0.03947,0.03947,3886.00,3886.00,X,19,1.05,X,912000,144.000,X,X,X,X,X,X,X,X,X,X,X,X,X,X,X,X,X,X,X,72,72,100,31.2,
Arta\Arta-43.362,02/07/17 - 15:19,Arta-43,3.500,2.250,4063.00,4063.00,0.03947,0.03947,3886.00,3886.00,X,19,1.05,X,912000,144.000,X,02/07/17 - 15:35,65006,60056,103698,-4823,221.6,96.2,14.173,24.14,23.2,194.3,4822.7,4780802.0,0,-15491,9255,-24837,6577,109,109,100,45.9,
Arta\Arta-43.363,02/09/17 - 10:58,Arta-43,3.500,2.250,4063.00,4063.00,0.03947,0.03947,3886.00,3886.00,X,19,1.05,X,912000,144.000,X,X,X,X,X,X,X,X,X,X,X,X,X,X,X,X,X,X,X,76,76,100,32.4,
Arta\Arta-43.364,02/09/17 - 11:38,Arta-43,3.500,2.250,4063.00,4063.00,0.03947,0.03947,3886.00,3886.00,X,19,1.05,X,912000,144.000,X,02/09/17 - 11:38,30634,26494,42544,-3717,6.3,98.3,35.294,25.35,24.9,519.2,3716.9,2303946.9,51,35850,9255,28344,6577,X,X,X,X,
Arta\Arta-43.365,02/16/17 - 10:00,Arta-43,3.500,2.250,4063.00,4063.00,0.03947,0.03947,3886.00,3886.00,X,19,1.05,X,912000,144.000,X,X,X,X,X,X,X,X,X,X,X,X,X,X,X,X,X,X,X,77,77,100,33.0,
Arta\Arta-43.366,03/02/17 - 08:56,Arta-43,3.500,2.250,4063.00,4063.00,0.03947,0.03947,3886.00,3886.00,X,19,1.05,X,912000,144.000,X,X,X,X,X,X,X,X,X,X,X,X,X,X,X,X,X,X,X,52,52,100,23.1,
Arta\Arta-43.367,03/09/17 - 08:56,Arta-43,3.500,2.250,4063.00,4063.00,0.03947,0.03947,3886.00,3886.00,X,19,1.05,X,912000,144.000,X,X,X,X,X,X,X,X,X,X,X,X,X,X,X,X,X,X,X,72,72,100,31.0,
Arta\Arta-43.368,03/16/17 - 08:51,Arta-43,3.500,2.250,4063.00,4063.00,0.03947,0.03947,3886.00,3886.00,X,19,1.05,X,912000,144.000,X,X,X,X,X,X,X,X,X,X,X,X,X,X,X,X,X,X,X,45,45,100,20.6,
Arta\Arta-43.369,03/23/17 - 08:55,Arta-43,3.500,2.250,4063.00,4063.00,0.03947,0.03947,3886.00,3886.00,X,19,1.05,X,912000,144.000,X,X,X,X,X,X,X,X,X,X,X,X,X,X,X,X,X,X,X,45,45,100,20.2,
Arta\Arta-43.370,04/06/17 - 08:56,Arta-43,3.500,2.250,4063.00,4063.00,0.03947,0.03947,3886.00,3886.00,X,19,1.05,X,912000,144.000,X,X,X,X,X,X,X,X,X,X,X,X,X,X,X,X,X,X,X,49,49,100,21.2,
Arta\Arta-43.371,04/20/17 - 08:19,Arta-43,3.500,2.250,4063.00,4063.00,0.03947,0.03947,3886.00,3886.00,X,19,1.05,X,912000,144.000,X,X,X,X,X,X,X,X,X,X,X,X,X,X,