Well,Date,Well,Tubing OD (in),Plunger Diameter (in),Pump Intake Depth (ft),Pump Intake Depth TVD (ft),Damp Up,Damp Down,Formation Depth (ft),Formation Depth TVD (ft),Tubing Pressure (psi (g)),Oil API (deg.API),Water Specific Gravity (Sp.Gr.H2O),Gas Specific Gravity (Sp.Gr.AIR),Gearbox Rating (in-lb),Measured Stroke Length (in),Rated HP (HP),Dynamometer Date,PPRL (lb),MPRL (lb),PPMPL (lb),MPMPL (lb),Polished Rod Power (HP),Plunger Stroke (in),SPM (spm),Pump Volumetric Fillage (%),Effective Plunger Stroke (in),Pump Displacement (BBL/D),Unaccounted Friction (lb),Gearbox Peak Existing (in-lb),Stroke,Measured Load TV (lbf),Calculate Buoyant Rod Weight (lbf),Measured Load SV (lbf),Calc. Fluid Load (lbf),Total Gaseous Liquid Column HT (TVD) (ft),Equivalent Gas Free Liquid HT (TVD) (ft),-1296773676quid (%),Pump Intake Pressure (psi (g)),
.,04/08/16 - 09:05,Arta 1,3.500,1.250,3221.00,3221.00,0.03196,0.03196,3094.00,3094.00,X,19,1.05,X,228000,86.000,X,X,X,X,X,X,X,X,X,X,X,X,X,X,X,X,X,X,X,1235,1181,95,465.2,
.,05/06/16 - 07:51,Arta 1,3.500,1.250,3221.00,3221.00,0.03196,0.03196,3094.00,3094.00,X,19,1.05,X,228000,86.000,X,X,X,X,X,X,X,X,X,X,X,X,X,X,X,X,X,X,X,1232,1232,100,484.5,
.,07/08/16 - 09:00,Arta 1,3.500,1.250,3221.00,3221.00,0.03196,0.03196,3094.00,3094.00,X,19,1.05,X,228000,86.000,X,X,X,X,X,X,X,X,X,X,X,X,X,X,X,X,X,X,X,1274,1274,100,504.4,
Arta\Arta-11.014,06/27/16 - 07:56,Arta-11,3.500,1.250,3286.00,3286.00,0.0326,0.0326,3297.00,3297.00,X,19,1.05,X,912000,122.013,X,X,X,X,X,X,X,X,X,X,X,X,X,X,X,X,X,X,X,1469,1469,100,575.8,
Arta\Arta-11.015,07/20/16 - 09:35,Arta-11,3.500,1.250,3286.00,3286.00,0.0326,0.0326,3297.00,3297.00,X,19,1.05,X,912000,122.013,X,X,X,X,X,X,X,X,X,X,X,X,X,X,X,X,X,X,X,1440,1440,100,565.3,
Arta\Arta-13.055,05/20/16 - 09:31,Arta-13,3.500,1.250,3675.00,3675.00,0.03112,0.03112,3640.00,3640.00,X,19,1.05,X,320000,120.000,X,X,X,X,X,X,X,X,X,X,X,X,X,X,X,X,X,X,X,1158,1158,100,453.5,
Arta\Arta-13.056,07/08/16 - 09:06,Arta-13,3.500,1.250,3675.00,3675.00,0.03112,0.03112,3640.00,3640.00,X,19,1.05,X,320000,120.000,X,X,X,X,X,X,X,X,X,X,X,X,X,X,X,X,X,X,X,1147,1147,100,448.7,
Arta\Arta-14.081,07/08/16 - 09:40,Arta-14,3.500,1.250,3636.00,3636.00,0.03636,0.03636,3596.00,3596.00,X,19,1.05,X,320000,144.000,X,X,X,X,X,X,X,X,X,X,X,X,X,X,X,X,X,X,X,1398,1398,100,547.0,
Arta\Arta-15.074,04/03/16 - 15:13,Arta-15,3.500,1.750,3503.00,3503.00,0.03509,0.03509,3390.00,3390.00,X,19,1.05,X,320000,85.535,X,X,X,X,X,X,X,X,X,X,X,X,X,X,X,X,X,X,X,150,123,27,51.0,
Arta\Arta-15.075,04/17/16 - 09:19,Arta-15,3.500,1.750,3503.00,3503.00,0.03509,0.03509,3390.00,3390.00,X,19,1.05,X,320000,85.535,X,X,X,X,X,X,X,X,X,X,X,X,X,X,X,X,X,X,X,168,133,36,54.1,
Arta\Arta-15.076,05/01/16 - 08:26,Arta-15,3.500,1.750,3503.00,3503.00,0.03509,0.03509,3390.00,3390.00,X,19,1.05,X,320000,85.535,X,X,X,X,X,X,X,X,X,X,X,X,X,X,X,X,X,X,X,190,157,57,64.2,
Arta\Arta-15.077,05/29/16 - 10:14,Arta-15,3.500,1.750,3503.00,3503.00,0.03509,0.03509,3390.00,3390.00,X,19,1.05,X,320000,85.535,X,X,X,X,X,X,X,X,X,X,X,X,X,X,X,X,X,X,X,171,167,93,66.7,
Arta\Arta-15.078,06/19/16 - 09:33,Arta-15,3.500,1.750,3503.00,3503.00,0.03509,0.03509,3390.00,3390.00,X,19,1.05,X,320000,85.535,X,X,X,X,X,X,X,X,X,X,X,X,X,X,X,X,X,X,X,158,157,99,63.3,
Arta\Arta-15.079,07/03/16 - 09:24,Arta-15,3.500,1.750,3503.00,3503.00,0.03509,0.03509,3390.00,3390.00,X,19,1.05,X,320000,85.535,X,X,X,X,X,X,X,X,X,X,X,X,X,X,X,X,X,X,X,184,183,99,73.1,
Arta\arta-16.083,04/03/16 - 14:46,Arta-16,3.500,1.750,2998.00,2998.00,0.02998,0.02998,2998.00,2998.00,X,40,1.05,X,320000,102.243,X,X,X,X,X,X,X,X,X,X,X,X,X,X,X,X,X,X,X,X,X,100,4.5,
Arta\arta-16.084,04/17/16 - 09:33,Arta-16,3.500,1.750,2998.00,2998.00,0.02998,0.02998,2998.00,2998.00,X,40,1.05,X,320000,102.243,X,X,X,X,X,X,X,X,X,X,X,X,X,X,X,X,X,X,X,X,X,100,3.2,
Arta\arta-16.085,05/01/16 - 08:51,Arta-16,3.500,1.750,2998.00,2998.00,0.02998,0.02998,2998.00,2998.00,X,40,1.05,X,320000,102.243,X,X,X,X,X,X,X,X,X,X,X,X,X,X,X,X,X,X,X,X,X,100,3.8,
Arta\arta-16.086,05/29/16 - 09:49,Arta-16,3.500,1.750,2998.00,2998.00,0.02998,0.02998,2998.00,2998.00,X,40,1.05,X,320000,102.243,X,X,X,X,X,X,X,X,X,X,X,X,X,X,X,X,X,X,X,X,X,100,5.0,
Arta\arta-16.087,06/19/16 - 09:04,Arta-16,3.500,1.750,2998.00,2998.00,0.02998,0.02998,2998.00,2998.00,X,40,1.05,X,320000,102.243,X,X,X,X,X,X,X,X,X,X,X,X,X,X,X,X,X,X,X,X,X,100,3.3,
Arta\arta-16.088,07/03/16 - 09:07,Arta-16,3.500,1.750,2998.00,2998.00,0.02998,0.02998,2998.00,2998.00,X,40,1.05,X,320000,102.243,X,X,X,X,X,X,X,X,X,X,X,X,X,X,X,X,X,X,X,X,X,100,2.9,
Arta\Arta-17.194,04/29/16 - 09:49,Arta-17,3.500,2.250,3716.00,3716.00,0.0369,0.0369,3681.00,3681.00,X,19,1.05,X,640000,144.000,X,X,X,X,X,X,X,X,X,X,X,X,X,X,X,X,X,X,X,2099,2099,100,822.2,
Arta\Arta-17.195,05/20/16 - 09:14,Arta-17,3.500,2.250,3716.00,3716.00,0.0369,0.0369,3681.00,3681.00,X,19,1.05,X,640000,144.000,X,X,X,X,X,X,X,X,X,X,X,X,X,X,X,X,X,X,X,2144,2134,100,836.6,
Arta\Arta-17.196,06/17/16 - 08:43,Arta-17,3.500,2.250,3716.00,3716.00,0.0369,0.0369,3681.00,3681.00,X,19,1.05,X,640000,144.000,X,X,X,X,X,X,X,X,X,X,X,X,X,X,X,X,X,X,X,2152,2152,100,843.1,
Arta\Arta-17.197,07/08/16 - 09:23,Arta-17,3.500,2.250,3716.00,3716.00,0.0369,0.0369,3681.00,3681.00,X,19,1.05,X,640000,144.000,X,X,X,X,X,X,X,X,X,X,X,X,X,X,X,X,X,X,X,2166,2166,100,848.0,
Arta\Arta-2.101,04/10/16 - 08:39,Arta-2,3.500,1.250,2881.00,2881.00,0.01,0.01,2948.00,2948.00,X,19,1.05,X,228000,86.000,X,X,X,X,X,X,X,X,X,X,X,X,X,X,X,X,X,X,X,121,80,66,40.2,
Arta\Arta-2.102,04/17/16 - 09:04,Arta-2,3.500,1.250,2881.00,2881.00,0.01,0.01,2948.00,2948.00,X,19,1.05,X,228000,86.000,X,X,X,X,X,X,X,X,X,X,X,X,X,X,X,X,X,X,X,120,78,65,37.0,
Arta\Arta-2.103,04/24/16 - 09:00,Arta-2,3.500,1.250,2881.00,2881.00,0.01,0.01,2948.00,2948.00,X,19,1.05,X,228000,86.000,X,X,X,X,X,X,X,X,X,X,X,X,X,X,X,X,X,X,X,114,74,64,32.2,
Arta\Arta-2.104,05/08/16 - 08:33,Arta-2,3.500,1.250,2881.00,2881.00,0.01,0.01,2948.00,2948.00,X,19,1.05,X,228000,86.000,X,X,X,X,X,X,X,X,X,X,X,X,X,X,X,X,X,X,X,118,78,66,34.2,
Arta\Arta-2.105,05/15/16 - 08:14,Arta-2,3.500,1.250,2881.00,2881.00,0.01,0.01,2948.00,2948.00,X,19,1.05,X,228000,86.000,X,X,X,X,X,X,X,X,X,X,X,X,X,X,X,X,X,X,X,126,85,67,36.7,
Arta\Arta-2.106,06/05/16 - 08:49,Arta-2,3.500,1.250,2881.00,2881.00,0.01,0.01,2948.00,2948.00,X,19,1.05,X,228000,86.000,X,X,X,X,X,X,X,X,X,X,X,X,X,X,X,X,X,X,X,113,73,65,33.8,
Arta\Arta-2.107,06/26/16 - 08:42,Arta-2,3.500,1.250,2881.00,2881.00,0.01,0.01,2948.00,2948.00,X,19,1.05,X,228000,86.000,X,X,X,X,X,X,X,X,X,X,X,X,X,X,X,X,X,X,X,127,82,64,37.9,
Arta\Arta-26.286,04/02/16 - 08:41,Arta-26,3.500,X,3682.00,3682.00,0.03888,0.03888,3916.00,3916.00,X,19,1.05,X,X,100.000,X,X,X,X,X,X,X,X,X,X,X,X,X,X,X,X,X,X,X,1467,1467,100,576.1,
Arta\Arta-26.287,04/06/16 - 09:27,Arta-26,3.500,X,3682.00,3682.00,0.03888,0.03888,3916.00,3916.00,X,19,1.05,X,X,100.000,X,X,X,X,X,X,X,X,X,X,X,X,X,X,X,X,X,X,X,1460,1400,96,549.9,
Arta\Arta-26.288,04/13/16 - 10:02,Arta-26,3.500,X,3682.00,3682.00,0.03888,0.03888,3916.00,3916.00,X,19,1.05,X,X,100.000,X,X,X,X,X,X,X,X,X,X,X,X,X,X,X,X,X,X,X,1420,1420,100,557.1,
Arta\Arta-26.289,04/20/16 - 08:33,Arta-26,3.500,X,3682.00,3682.00,0.03888,0.03888,3916.00,3916.00,X,19,1.05,X,X,100.000,X,X,X,X,X,X,X,X,X,X,X,X,X,X,X,X,X,X,X,1469,1469,100,576.7,
Arta\Arta-26.290,04/22/16 - 08:13,Arta-26,3.500,X,3682.00,3682.00,0.03888,0.03888,3916.00,3916.00,X,19,1.05,X,X,100.000,X,X,X,X,X,X,X,X,X,X,X,X,X,X,X,X,X,X,X,1507,1428,95,561.0,
Arta\Arta-26.291,04/25/16 - 07:28,Arta-26,3.500,X,3682.00,3682.00,0.03888,0.03888,3916.00,3916.00,X,19,1.05,X,X,100.000,X,X,X,X,X,X,X,X,X,X,X,X,X,X,X,X,X,X,X,1438,1438,100,564.2,
Arta\Arta-26.292,04/27/16 - 09:52,Arta-26,3.500,X,3682.00,3682.00,0.03888,0.03888,3916.00,3916.00,X,19,1.05,X,X,100.000,X,X,X,X,X,X,X,X,X,X,X,X,X,X,X,X,X,X,X,1428,1428,100,560.7,
Arta\Arta-26.293,05/04/16 - 08:27,Arta-26,3.500,X,3682.00,3682.00,0.03888,0.03888,3916.00,3916.00,X,19,1.05,X,X,100.000,X,X,X,X,X,X,X,X,X,X,X,X,X,X,X,X,X,X,X,1414,1387,98,544.9,
Arta\Arta-26.294,05/09/16 - 09:04,Arta-26,3.500,X,3682.00,3682.00,0.03888,0.03888,3916.00,3916.00,X,19,1.05,X,X,100.000,X,X,X,X,X,X,X,X,X,X,X,X,X,X,X,X,X,X,X,1422,1359,96,534.1,
Arta\Arta-26.295,05/18/16 - 08:58,Arta-26,3.500,X,3682.00,3682.00,0.03888,0.03888,3916.00,3916.00,X,19,1.05,X,X,100.000,X,X,X,X,X,X,X,X,X,X,X,X,X,X,X,X,X,X,X,1446,1366,94,536.4,
Arta\Arta-26.296,05/25/16 - 08:57,Arta-26,3.500,X,3682.00,3682.00,0.03888,0.03888,3916.00,3916.00,X,19,1.05,X,X,100.000,X,X,X,X,X,X,X,X,X,X,X,X,X,X,X,X,X,X,X,1420,1420,100,558.2,
Arta\Arta-26.297,06/01/16 - 10:08,Arta-26,3.500,X,3682.00,3682.00,0.03888,0.03888,3916.00,3916.00,X,19,1.05,X,X,100.000,X,X,X,X,X,X,X,X,X,X,X,X,X,X,X,X,X,X,X,1434,1434,100,563.1,
Arta\Arta-26.298,06/08/16 - 08:29,Arta-26,3.500,X,3682.00,3682.00,0.03888,0.03888,3916.00,3916.00,X,19,1.05,X,X,100.000,X,X,X,X,X,X,X,X,X,X,X,X,X,X,X,X,X,X,X,1429,1429,100,560.5,
Arta\Arta-26.299,06/15/16 - 08:04,Arta-26,3.500,X,3682.00,3682.00,0.03888,0.03888,3916.00,3916.00,X,19,1.05,X,X,100.000,X,X,X,X,X,X,X,X,X,X,X,X,X,X,X,X,X,X,X,1411,1411,100,553.7,
Arta\Arta-26.300,06/22/16 - 08:02,Arta-26,3.500,X,3682.00,3682.00,0.03888,0.03888,3916.00,3916.00,X,19,1.05,X,X,100.000,X,X,X,X,X,X,X,X,X,X,X,X,X,X,X,X,X,X,X,1459,1459,100,573.1,
Arta\Arta-26.301,06/29/16 - 08:39,Arta-26,3.500,X,3682.00,3682.00,0.03888,0.03888,3916.00,3916.00,X,19,1.05,X,X,100.000,X,X,X,X,X,X,X,X,X,X,X,X,X,X,X,X,X,X,X,1554,1554,100,609.1,
Arta\Arta-26.302,07/13/16 - 09:35,Arta-26,3.500,X,3682.00,3682.00,0.03888,0.03888,3916.00,3916.00,X,19,1.05,X,X,100.000,X,X,X,X,X,X,X,X,X,X,X,X,X,X,X,X,X,X,X,1425,1425,100,559.5,
Arta\Arta-26.303,07/14/16 - 17:22,Arta-26,3.500,X,3682.00,3682.00,0.03888,0.03888,3916.00,3916.00,X,19,1.05,X,X,100.000,X,X,X,X,X,X,X,X,X,X,X,X,X,X,X,X,X,X,X,1406,1406,100,551.8,
Arta\Arta-26.304,07/16/16 - 09:07,Arta-26,3.500,X,3682.00,3682.00,0.03888,0.03888,3916.00,3916.00,X,19,1.05,X,X,100.000,X,X,X,X,X,X,X,X,X,X,X,X,X,X,X,X,X,X,X,1409,1409,100,553.0,
Arta\Arta-26.305,07/18/16 - 10:05,Arta-26,3.500,X,3682.00,3682.00,0.03888,0.03888,3916.00,3916.00,X,19,1.05,X,X,100.000,X,X,X,X,X,X,X,X,X,X,X,X,X,X,X,X,X,X,X,1429,1429,100,561.3,
Arta\Arta-26.306,07/22/16 - 08:52,Arta-26,3.500,X,3682.00,3682.00,0.03888,0.03888,3916.00,3916.00,X,19,1.05,X,X,100.000,X,X,X,X,X,X,X,X,X,X,X,X,X,X,X,X,X,X,X,1423,1423,100,558.5,
Arta\Arta-26.307,07/26/16 - 08:44,Arta-26,3.500,X,3682.00,3682.00,0.03888,0.03888,3916.00,3916.00,X,19,1.05,X,X,100.000,X,X,X,X,X,X,X,X,X,X,X,X,X,X,X,X,X,X,X,1374,1374,100,536.4,
Arta\Arta-26.308,08/03/16 - 10:36,Arta-26,3.500,X,3682.00,3682.00,0.03888,0.03888,3916.00,3916.00,X,19,1.05,X,X,100.000,X,X,X,X,X,X,X,X,X,X,X,X,X,X,X,X,X,X,X,1391,1391,100,546.3,
Arta\Arta-26.309,08/10/16 - 08:37,Arta-26,3.500,X,3682.00,3682.00,0.03888,0.03888,3916.00,3916.00,X,19,1.05,X,X,100.000,X,X,X,X,X,X,X,X,X,X,X,X,X,X,X,X,X,X,X,1402,1402,100,550.3,
Arta\Arta-27.337,04/06/16 - 09:33,Arta-27,3.500,X,3587.00,3587.00,0.03587,0.03587,3684.00,3684.00,X,19,1.05,X,X,100.000,X,X,X,X,X,X,X,X,X,X,X,X,X,X,X,X,X,X,X,1358,1358,100,532.6,
Arta\Arta-27.338,04/13/16 - 10:07,Arta-27,3.500,X,3587.00,3587.00,0.03587,0.03587,3684.00,3684.00,X,19,1.05,X,X,100.000,X,X,X,X,X,X,X,X,X,X,X,X,X,X,X,X,X,X,X,1379,1379,100,540.3,
Arta\Arta-27.339,04/20/16 - 08:28,Arta-27,3.500,X,3587.00,3587.00,0.03587,0.03587,3684.00,3684.00,X,19,1.05,X,X,100.000,X,X,X,X,X,X,X,X,X,X,X,X,X,X,X,X,X,X,X,1455,1455,100,570.5,
Arta\Arta-27.340,04/22/16 - 08:08,Arta-27,3.500,X,3587.00,3587.00,0.03587,0.03587,3684.00,3684.00,X,19,1.05,X,X,100.000,X,X,X,X,X,X,X,X,X,X,X,X,X,X,X,X,X,X,X,1388,1388,100,544.5,
Arta\Arta-27.341,04/25/16 - 09:00,Arta-27,3.500,X,3587.00,3587.00,0.03587,0.03587,3684.00,3684.00,X,19,1.05,X,X,100.000,X,X,X,X,X,X,X,X,X,X,X,X,X,X,X,X,X,X,X,1349,1349,100,528.8,
Arta\Arta-27.342,04/27/16 - 09:58,Arta-27,3.500,X,3587.00,3587.00,0.03587,0.03587,3684.00,3684.00,X,19,1.05,X,X,100.000,X,X,X,X,X,X,X,X,X,X,X,X,X,X,X,X,X,X,X,1353,1353,100,530.6,
Arta\Arta-27.343,05/04/16 - 08:21,Arta-27,3.500,X,3587.00,3587.00,0.03587,0.03587,3684.00,3684.00,X,19,1.05,X,X,100.000,X,X,X,X,X,X,X,X,X,X,X,X,X,X,X,X,X,X,X,1339,1339,100,525.6,
Arta\Arta-27.344,05/09/16 - 08:58,Arta-27,3.500,X,3587.00,3587.00,0.03587,0.03587,3684.00,3684.00,X,19,1.05,X,X,100.000,X,X,X,X,X,X,X,X,X,X,X,X,X,X,X,X,X,X,X,1342,1342,100,526.9,
Arta\Arta-27.345,05/18/16 - 08:53,Arta-27,3.500,X,3587.00,3587.00,0.03587,0.03587,3684.00,3684.00,X,19,1.05,X,X,100.000,X,X,X,X,X,X,X,X,X,X,X,X,X,X,X,X,X,X,X,1432,1368,96,536.4,
Arta\Arta-27.346,05/25/16 - 09:07,Arta-27,3.500,X,3587.00,3587.00,0.03587,0.03587,3684.00,3684.00,X,19,1.05,X,X,100.000,X,X,X,X,X,X,X,X,X,X,X,X,X,X,X,X,X,X,X,1391,1391,100,545.9,
Arta\Arta-27.347,06/01/16 - 09:57,Arta-27,3.500,X,3587.00,3587.00,0.03587,0.03587,3684.00,3684.00,X,19,1.05,X,X,100.000,X,X,X,X,X,X,X,X,X,X,X,X,X,X,X,X,X,X,X,1419,1419,100,556.2,
Arta\Arta-27.348,06/08/16 - 08:23,Arta-27,3.500,X,3587.00,3587.00,0.03587,0.03587,3684.00,3684.00,X,19,1.05,X,X,100.000,X,X,X,X,X,X,X,X,X,X,X,X,X,X,X,X,X,X,X,1362,1362,100,534.0,
Arta\Arta-27.349,06/14/16 - 08:32,Arta-27,3.500,X,3587.00,3587.00,0.03587,0.03587,3684.00,3684.00,X,19,1.05,X,X,100.000,X,X,X,X,X,X,X,X,X,X,X,X,X,X,X,X,X,X,X,1365,1365,100,535.0,
Arta\Arta-27.350,06/15/16 - 07:59,Arta-27,3.500,X,3587.00,3587.00,0.03587,0.03587,3684.00,3684.00,X,19,1.05,X,X,100.000,X,X,X,X,X,X,X,X,X,X,X,X,X,X,X,X,X,X,X,1386,1386,100,543.3,
Arta\Arta-27.351,06/22/16 - 07:56,Arta-27,3.500,X,3587.00,3587.00,0.03587,0.03587,3684.00,3684.00,X,19,1.05,X,X,100.000,X,X,X,X,X,X,X,X,X,X,X,X,X,X,X,X,X,X,X,1360,1360,100,533.6,
Arta\Arta-27.352,06/29/16 - 08:34,Arta-27,3.500,X,3587.00,3587.00,0.03587,0.03587,3684.00,3684.00,X,19,1.05,X,X,100.000,X,X,X,X,X,X,X,X,X,X,X,X,X,X,X,X,X,X,X,1421,1421,100,556.4,
Arta\Arta-27.353,07/13/16 - 09:29,Arta-27,3.500,X,3587.00,3587.00,0.03587,0.03587,3684.00,3684.00,X,19,1.05,X,X,100.000,X,X,X,X,X,X,X,X,X,X,X,X,X,X,X,X,X,X,X,1394,1391,100,545.6,
Arta\Arta-27.354,07/16/16 - 09:00,Arta-27,3.500,X,3587.00,3587.00,0.03587,0.03587,3684.00,3684.00,X,19,1.05,X,X,100.000,X,X,X,X,X,X,X,X,X,X,X,X,X,X,X,X,X,X,X,1410,1410,100,552.7,
Arta\Arta-27.355,07/18/16 - 10:10,Arta-27,3.500,X,3587.00,3587.00,0.03587,0.03587,3684.00,3684.00,X,19,1.05,X,X,100.000,X,X,X,X,X,X,X,X,X,X,X,X,X,X,X,X,X,X,X,1404,1404,100,550.4,
Arta\Arta-27.356,07/20/16 - 09:43,Arta-27,3.500,X,3587.00,3587.00,0.03587,0.03587,3684.00,3684.00,X,19,1.05,X,X,100.000,X,X,X,X,X,X,X,X,X,X,X,X,X,X,X,X,X,X,X,1389,1373,99,538.3,
Arta\Arta-27.357,07/26/16 - 08:35,Arta-27,3.500,X,3533.20,3533.20,0.03587,0.03587,3711.00,3711.00,X,19,1.05,X,X,100.000,X,X,X,X,X,X,X,X,X,X,X,X,X,X,X,X,X,X,X,1356,1356,100,529.2,
Arta\Arta-27.358,07/29/16 - 15:20,Arta-27,3.500,X,3533.20,3533.20,0.03587,0.03587,3711.00,3711.00,X,19,1.05,X,X,100.000,X,X,X,X,X,X,X,X,X,X,X,X,X,X,X,X,X,X,X,1349,1264,94,492.4,
Arta\Arta-27.359,07/31/16 - 08:30,Arta-27,3.500,X,3533.20,3533.20,0.03587,0.03587,3711.00,3711.00,X,19,1.05,X,X,100.000,X,X,X,X,X,X,X,X,X,X,X,X,X,X,X,X,X,X,X,1371,1371,100,538.0,
Arta\Arta-27.360,08/01/16 - 09:26,Arta-27,3.500,X,3533.20,3533.20,0.03587,0.03587,3711.00,3711.00,X,19,1.05,X,X,100.000,X,X,X,X,X,X,X,X,X,X,X,X,X,X,X,X,X,X,X,1369,1369,100,537.1,
Arta\Arta-27.361,08/02/16 - 10:45,Arta-27,3.500,X,3533.20,3533.20,0.03587,0.03587,3711.00,3711.00,X,19,1.05,X,X,100.000,X,X,X,X,X,X,X,X,X,X,X,X,X,X,X,X,X,X,X,1342,1342,100,526.4,
Arta\Arta-27.362,08/03/16 - 10:42,Arta-27,3.500,X,3533.20,3533.20,0.03587,0.03587,3711.00,3711.00,X,19,1.05,X,X,100.000,X,X,X,X,X,X,X,X,X,X,X,X,X,X,X,X,X,X,X,1327,1323,100,519.1,
Arta\Arta-27.363,08/10/16 - 08:30,Arta-27,3.500,X,3533.20,3533.20,0.03587,0.03587,3711.00,3711.00,X,19,1.05,X,X,100.000,X,X,X,X,X,X,X,X,X,X,X,X,X,X,X,X,X,X,X,1342,1342,100,526.0,
Arta\Arta-28.132,04/03/16 - 14:32,Arta-28,3.500,1.750,3690.00,3690.00,0.03694,0.03694,3692.00,3692.00,X,19,1.05,X,X,144.153,X,X,X,X,X,X,X,X,X,X,X,X,X,X,X,X,X,X,X,1046,996,95,389.4,
Arta\Arta-28.133,04/17/16 - 09:40,Arta-28,3.500,1.750,3690.00,3690.00,0.03694,0.03694,3692.00,3692.00,X,19,1.05,X,X,144.153,X,X,X,X,X,X,X,X,X,X,X,X,X,X,X,X,X,X,X,1778,1547,87,608.9,
Arta\Arta-28.134,04/21/16 - 10:08,Arta-28,3.500,1.750,3690.00,3690.00,0.03694,0.03694,3692.00,3692.00,X,19,1.05,X,X,144.153,X,04/21/16 - 10:10,12216,6577,4401,-960,2.0,134.4,3.077,7.02,9.4,10.4,960.3,X,0,9299,7445,6074,4038,X,X,X,X,
Arta\Arta-28.135,07/08/16 - 09:30,Arta-28,3.500,1.750,3690.00,3690.00,0.03694,0.03694,3692.00,3692.00,X,19,1.05,X,X,144.153,X,X,X,X,X,X,X,X,X,X,X,X,X,X,X,X,X,X,X,1825,1164,64,461.8,
Arta\Arta-28.136,07/24/16 - 09:30,Arta-28,3.500,1.750,3690.00,3690.00,0.03694,0.03694,3692.00,3692.00,X,19,1.05,X,X,144.153,X,X,X,X,X,X,X,X,X,X,X,X,X,X,X,X,X,X,X,965,965,100,378.6,
Arta\Arta-28.137,07/26/16 - 09:18,Arta-28,3.500,1.750,3690.00,3690.00,0.03694,0.03694,3692.00,3692.00,X,19,1.05,X,X,144.153,X,X,X,X,X,X,X,X,X,X,X,X,X,X,X,X,X,X,X,913,911,100,354.3,
Arta\Arta-29.108,04/03/16 - 14:25,Arta-29,3.500,1.750,3651.00,3651.00,0.03625,0.03625,3590.00,3590.00,X,19,1.05,X,640000,144.000,X,X,X,X,X,X,X,X,X,X,X,X,X,X,X,X,X,X,X,226,114,32,45.8,
Arta\Arta-29.109,04/17/16 - 09:51,Arta-29,3.500,1.750,3651.00,3651.00,0.03625,0.03625,3590.00,3590.00,X,19,1.05,X,640000,144.000,X,X,X,X,X,X,X,X,X,X,X,X,X,X,X,X,X,X,X,234,131,40,53.4,
Arta\Arta-29.110,05/01/16 - 09:00,Arta-29,3.500,1.750,3651.00,3651.00,0.03625,0.03625,3590.00,3590.00,X,19,1.05,X,640000,144.000,X,X,X,X,X,X,X,X,X,X,X,X,X,X,X,X,X,X,X,203,112,36,46.8,
Arta\Arta-29.111,05/29/16 - 09:36,Arta-29,3.500,1.750,3651.00,3651.00,0.03625,0.03625,3590.00,3590.00,X,19,1.05,X,640000,144.000,X,X,X,X,X,X,X,X,X,X,X,X,X,X,X,X,X,X,X,231,124,37,50.7,
Arta\Arta-29.112,06/19/16 - 08:46,Arta-29,3.500,1.750,3651.00,3651.00,0.03625,0.03625,3590.00,3590.00,X,19,1.05,X,640000,144.000,X,X,X,X,X,X,X,X,X,X,X,X,X,X,X,X,X,X,X,240,131,39,53.5,
Arta\Arta-29.113,07/03/16 - 08:45,Arta-29,3.500,1.750,3651.00,3651.00,0.03625,0.03625,3590.00,3590.00,X,19,1.05,X,640000,144.000,X,X,X,X,X,X,X,X,X,X,X,X,X,X,X,X,X,X,X,285,165,47,66.9,
Arta\Arta-29.114,07/24/16 - 09:37,Arta-29,3.500,1.750,3651.00,3651.00,0.03625,0.03625,3590.00,3590.00,X,19,1.05,X,640000,144.000,X,X,X,X,X,X,X,X,X,X,X,X,X,X,X,X,X,X,X,196,126,48,52.1,
Arta\Arta-30.00000,08/06/16 - 08:51,E-Arta-30,3.500,X,3805.10,3805.10,0.0429,0.0429,3798.00,3798.00,X,20,1.05,X,X,100.000,X,X,X,X,X,X,X,X,X,X,X,X,X,X,X,X,X,X,X,1006,733,73,285.7,
Arta\Arta-30.350,04/02/16 - 08:52,Arta-30,3.500,X,3805.10,3805.10,0.03828,0.03828,3798.00,3798.00,X,19,1.05,X,X,100.000,X,X,X,X,X,X,X,X,X,X,X,X,X,X,X,X,X,X,X,798,447,56,176.2,
Arta\Arta-30.351,04/20/16 - 08:07,Arta-30,3.500,X,3805.10,3805.10,0.03828,0.03828,3798.00,3798.00,X,19,1.05,X,X,100.000,X,X,X,X,X,X,X,X,X,X,X,X,X,X,X,X,X,X,X,929,824,89,325.2,
Arta\Arta-30.352,04/22/16 - 07:43,Arta-30,3.500,X,3805.10,3805.10,0.03828,0.03828,3798.00,3798.00,X,19,1.05,X,X,100.000,X,X,X,X,X,X,X,X,X,X,X,X,X,X,X,X,X,X,X,917,691,75,273.5,
Arta\Arta-30.353,04/29/16 - 10:08,Arta-30,3.500,X,3805.10,3805.10,0.03828,0.03828,3798.00,3798.00,X,19,1.05,X,X,100.000,X,X,X,X,X,X,X,X,X,X,X,X,X,X,X,X,X,X,X,933,918,98,361.7,
Arta\Arta-30.354,05/13/16 - 08:36,Arta-30,3.500,X,3805.10,3805.10,0.03828,0.03828,3798.00,3798.00,X,19,1.05,X,X,100.000,X,X,X,X,X,X,X,X,X,X,X,X,X,X,X,X,X,X,X,916,838,91,330.2,
Arta\Arta-30.355,07/07/16 - 10:09,Arta-30,3.500,X,3805.10,3805.10,0.03828,0.03828,3798.00,3798.00,X,19,1.05,X,X,100.000,X,X,X,X,X,X,X,X,X,X,X,X,X,X,X,X,X,X,X,937,886,95,348.9,
Arta\Arta-30.356,07/10/16 - 08:31,Arta-30,3.500,X,3805.10,3805.10,0.03828,0.03828,3798.00,3798.00,X,19,1.05,X,X,100.000,X,X,X,X,X,X,X,X,X,X,X,X,X,X,X,X,X,X,X,1057,1057,100,414.0,
Arta\Arta-30.357,07/11/16 - 10:02,Arta-30,3.500,X,3805.10,3805.10,0.03828,0.03828,3798.00,3798.00,X,19,1.05,X,X,100.000,X,X,X,X,X,X,X,X,X,X,X,X,X,X,X,X,X,X,X,1061,1061,100,415.2,
Arta\Arta-30.358,07/12/16 - 09:41,Arta-30,3.500,X,3805.10,3805.10,0.03828,0.03828,3798.00,3798.00,X,19,1.05,X,X,100.000,X,X,X,X,X,X,X,X,X,X,X,X,X,X,X,X,X,X,X,1116,1116,100,525.1,
Arta\Arta-30.359,07/13/16 - 09:07,Arta-30,3.500,X,3805.10,3805.10,0.03828,0.03828,3798.00,3798.00,X,19,1.05,X,X,100.000,X,X,X,X,X,X,X,X,X,X,X,X,X,X,X,X,X,X,X,1050,699,66,274.3,
Arta\Arta-30.360,07/15/16 - 08:55,Arta-30,3.500,X,3805.10,3805.10,0.03828,0.03828,3798.00,3798.00,X,19,1.05,X,X,100.000,X,X,X,X,X,X,X,X,X,X,X,X,X,X,X,X,X,X,X,1054,748,71,293.8,
Arta\Arta-30.361,07/24/16 - 09:58,Arta-30,3.500,X,3805.10,3805.10,0.03828,0.03828,3798.00,3798.00,X,19,1.05,X,X,100.000,X,X,X,X,X,X,X,X,X,X,X,X,X,X,X,X,X,X,X,988,717,72,281.4,
Arta\Arta-30.362,07/25/16 - 09:10,Arta-30,3.500,X,3805.10,3805.10,0.03828,0.03828,3798.00,3798.00,X,19,1.05,X,X,100.000,X,X,X,X,X,X,X,X,X,X,X,X,X,X,X,X,X,X,X,969,697,72,273.5,
Arta\Arta-30.363,07/29/16 - 15:05,Arta-30,3.500,X,3805.10,3805.10,0.03828,0.03828,3798.00,3798.00,X,19,1.05,X,X,100.000,X,X,X,X,X,X,X,X,X,X,X,X,X,X,X,X,X,X,X,969,707,73,273.5,
Arta\Arta-30.364,08/03/16 - 09:23,Arta-30,3.500,X,3805.10,3805.10,0.03828,0.03828,3798.00,3798.00,X,19,1.05,X,X,100.000,X,X,X,X,X,X,X,X,X,X,X,X,X,X,X,X,X,X,X,970,720,74,282.4,
Arta\Arta-30.365,08/04/16 - 10:20,Arta-30,3.500,X,3805.10,3805.10,0.03828,0.03828,3798.00,3798.00,X,19,1.05,X,X,100.000,X,X,X,X,X,X,X,X,X,X,X,X,X,X,X,X,X,X,X,945,713,75,280.0,
Arta\Arta-30.366,08/10/16 - 08:10,Arta-30,3.500,X,3805.10,3805.10,0.03828,0.03828,3798.00,3798.00,X,19,1.05,X,X,100.000,X,X,X,X,X,X,X,X,X,X,X,X,X,X,X,X,X,X,X,939,740,79,291.2,
Arta\Arta-30.367,08/11/16 - 08:21,Arta-30,3.500,X,3805.10,3805.10,0.03828,0.03828,3798.00,3798.00,X,19,1.05,X,X,100.000,X,X,X,X,X,X,X,X,X,X,X,X,X,X,X,X,X,X,X,919,664,72,260.8,
Arta\Arta-31.214,04/11/16 - 10:07,Arta-31,3.500,1.250,3800.00,3800.00,0.03915,0.03915,3760.00,3760.00,X,19,1.05,X,320000,102.243,X,X,X,X,X,X,X,X,X,X,X,X,X,X,X,X,X,X,X,167,76,28,32.9,
Arta\Arta-31.215,04/24/16 - 08:24,Arta-31,3.500,1.250,3800.00,3800.00,0.03915,0.03915,3760.00,3760.00,X,19,1.05,X,320000,102.243,X,X,X,X,X,X,X,X,X,X,X,X,X,X,X,X,X,X,X,206,88,29,41.6,
Arta\Arta-31.216,05/08/16 - 09:26,Arta-31,3.500,1.250,3800.00,3800.00,0.03915,0.03915,3760.00,3760.00,X,19,1.05,X,320000,102.243,X,X,X,X,X,X,X,X,X,X,X,X,X,X,X,X,X,X,X,219,89,27,36.9,
Arta\Arta-31.217,05/15/16 - 08:41,Arta-31,3.500,1.250,3800.00,3800.00,0.03915,0.03915,3760.00,3760.00,X,19,1.05,X,320000,102.243,X,X,X,X,X,X,X,X,X,X,X,X,X,X,X,X,X,X,X,166,162,96,64.8,
Arta\Arta-31.218,06/05/16 - 08:26,Arta-31,3.500,1.250,3800.00,3800.00,0.03915,0.03915,3760.00,3760.00,X,19,1.05,X,320000,102.243,X,X,X,X,X,X,X,X,X,X,X,X,X,X,X,X,X,X,X,186,79,27,34.5,
Arta\Arta-31.219,06/26/16 - 08:17,Arta-31,3.500,1.250,3800.00,3800.00,0.03915,0.03915,3760.00,3760.00,X,19,1.05,X,320000,102.243,X,X,X,X,X,X,X,X,X,X,X,X,X,X,X,X,X,X,X,173,76,27,32.7,
Arta\Arta-31.220,08/07/16 - 10:13,Arta-31,3.500,1.250,3800.00,3800.00,0.03915,0.03915,3760.00,3760.00,X,19,1.05,X,320000,102.243,X,X,X,X,X,X,X,X,X,X,X,X,X,X,X,X,X,X,X,143,68,27,30.7,
Arta\Arta-34.219,04/03/16 - 14:15,Arta-34,3.500,2.250,3612.00,3612.00,0.03557,0.03557,3581.00,3581.00,X,19,1.05,X,912000,79.466,X,X,X,X,X,X,X,X,X,X,X,X,X,X,X,X,X,X,X,114,55,29,24.3,
Arta\Arta-34.220,04/17/16 - 10:00,Arta-34,3.500,2.250,3612.00,3612.00,0.03557,0.03557,3581.00,3581.00,X,19,1.05,X,912000,79.466,X,X,X,X,X,X,X,X,X,X,X,X,X,X,X,X,X,X,X,X,X,100,-1.7,
Arta\Arta-34.221,05/01/16 - 09:09,Arta-34,3.500,2.250,3612.00,3612.00,0.03557,0.03557,3581.00,3581.00,X,19,1.05,X,912000,79.466,X,X,X,X,X,X,X,X,X,X,X,X,X,X,X,X,X,X,X,820,504,60,199.6,
Arta\Arta-34.222,05/01/16 - 09:25,Arta-34,3.500,2.250,3612.00,3612.00,0.03557,0.03557,3581.00,3581.00,X,19,1.05,X,912000,79.466,X,X,X,X,X,X,X,X,X,X,X,X,X,X,X,X,X,X,X,784,258,30,108.7,
Arta\Arta-34.223,05/07/16 - 07:56,Arta-34,3.500,2.250,3612.00,3612.00,0.03557,0.03557,3581.00,3581.00,X,19,1.05,X,912000,94.744,X,05/07/16 - 08:06,21407,7138,11913,-40,11.0,83.6,6.923,39.44,33.0,134.7,40.4,1332129.4,17,14623,8133,8133,6535,159,159,100,63.4,
Arta\Arta-34.224,05/08/16 - 10:33,Arta-34,3.500,2.250,3612.00,3612.00,0.03557,0.03557,3581.00,3581.00,X,19,1.05,X,912000,79.466,X,X,X,X,X,X,X,X,X,X,X,X,X,X,X,X,X,X,X,120,57,29,23.8,
Arta\Arta-34.225,05/08/16 - 10:38,Arta-34,3.500,2.250,3612.00,3612.00,0.03557,0.03557,3581.00,3581.00,X,19,1.05,X,912000,79.466,X,X,X,X,X,X,X,X,X,X,X,X,X,X,X,X,X,X,X,139,63,30,33.8,
Arta\Arta-34.226,05/29/16 - 09:23,Arta-34,3.500,2.250,3612.00,3612.00,0.03557,0.03557,3581.00,3581.00,X,19,1.05,X,912000,79.466,X,X,X,X,X,X,X,X,X,X,X,X,X,X,X,X,X,X,X,109,54,29,23.9,
Arta\Arta-34.227,06/19/16 - 08:55,Arta-34,3.500,2.250,3612.00,3612.00,0.03557,0.03557,3581.00,3581.00,X,19,1.05,X,912000,79.466,X,X,X,X,X,X,X,X,X,X,X,X,X,X,X,X,X,X,X,645,627,97,245.9,
Arta\Arta-34.228,06/22/16 - 08:57,Arta-34,3.500,2.250,3612.00,3612.00,0.03557,0.03557,3581.00,3581.00,X,19,1.05,X,912000,94.597,X,06/22/16 - 09:04,14843,7533,6152,-20,9.6,97.0,6.870,97.81,94.9,385.0,20.2,921103.9,0,9928,8133,10006,6535,795,795,100,311.6,
Arta\Arta-34.229,06/27/16 - 08:05,Arta-34,3.500,2.250,3612.00,3612.00,0.03557,0.03557,3581.00,3581.00,X,19,1.05,X,912000,94.597,X,X,X,X,X,X,X,X,X,X,X,X,X,X,X,X,X,X,X,884,884,100,345.0,
Arta\Arta-34.230,07/03/16 - 08:54,Arta-34,3.500,2.250,3612.00,3612.00,0.03557,0.03557,3581.00,3581.00,X,19,1.05,X,912000,94.597,X,X,X,X,X,X,X,X,X,X,X,X,X,X,X,X,X,X,X,39,39,100,16.5,
Arta\Arta-34.231,07/24/16 - 09:48,Arta-34,3.500,2.250,3612.00,3612.00,0.03557,0.03557,3581.00,3581.00,X,19,1.05,X,912000,94.597,X,X,X,X,X,X,X,X,X,X,X,X,X,X,X,X,X,X,X,199,82,30,35.2,
Arta\Arta-34.232,08/07/16 - 09:55,Arta-34,3.500,2.250,3612.00,3612.00,0.03557,0.03557,3581.00,3581.00,X,19,1.05,X,912000,94.597,X,X,X,X,X,X,X,X,X,X,X,X,X,X,X,X,X,X,X,141,141,100,56.3,
Arta\Arta-35.241,04/22/16 - 07:51,Arta-35,3.500,1.750,3719.00,3719.00,0.03683,0.03683,3713.00,3713.00,X,19,1.05,X,X,102.000,X,X,X,X,X,X,X,X,X,X,X,X,X,X,X,X,X,X,X,1444,1444,100,567.5,
Arta\Arta-35.242,05/13/16 - 08:44,Arta-35,3.500,1.750,3719.00,3719.00,0.03683,0.03683,3713.00,3713.00,X,19,1.05,X,X,102.000,X,X,X,X,X,X,X,X,X,X,X,X,X,X,X,X,X,X,X,1427,1427,100,558.2,
Arta\Arta-35.243,06/17/16 - 08:26,Arta-35,3.500,1.750,3719.00,3719.00,0.03683,0.03683,3713.00,3713.00,X,19,1.05,X,X,102.000,X,X,X,X,X,X,X,X,X,X,X,X,X,X,X,X,X,X,X,1513,1513,100,591.8,
Arta\Arta-35.244,07/08/16 - 09:45,Arta-35,3.500,1.750,3719.00,3719.00,0.03683,0.03683,3713.00,3713.00,X,19,1.05,X,X,102.000,X,X,X,X,X,X,X,X,X,X,X,X,X,X,X,X,X,X,X,1518,1518,100,593.3,
Arta\Arta-37.165,04/03/16 - 14:01,Arta-37,3.500,1.250,3773.00,3773.00,0.03779,0.03779,3770.00,3770.00,X,19,1.05,X,640000,118.912,X,X,X,X,X,X,X,X,X,X,X,X,X,X,X,X,X,X,X,147,108,73,42.8,
Arta\Arta-37.166,04/17/16 - 10:11,Arta-37,3.500,1.250,3773.00,3773.00,0.03779,0.03779,3770.00,3770.00,X,19,1.05,X,640000,118.912,X,X,X,X,X,X,X,X,X,X,X,X,X,X,X,X,X,X,X,143,143,100,58.1,
Arta\Arta-37.167,05/01/16 - 09:34,Arta-37,3.500,1.250,3773.00,3773.00,0.03779,0.03779,3770.00,3770.00,X,19,1.05,X,640000,118.912,X,X,X,X,X,X,X,X,X,X,X,X,X,X,X,X,X,X,X,131,115,88,32.0,
Arta\Arta-37.168,05/29/16 - 09:03,Arta-37,3.500,1.250,3773.00,3773.00,0.03779,0.03779,3770.00,3770.00,X,19,1.05,X,640000,118.912,X,X,X,X,X,X,X,X,X,X,X,X,X,X,X,X,X,X,X,144,131,91,52.9,
Arta\Arta-37.169,06/19/16 - 08:26,Arta-37,3.500,1.250,3773.00,3773.00,0.03779,0.03779,3770.00,3770.00,X,19,1.05,X,640000,118.912,X,X,X,X,X,X,X,X,X,X,X,X,X,X,X,X,X,X,X,170,170,100,68.5,
Arta\Arta-37.170,07/03/16 - 08:35,Arta-37,3.500,1.250,3773.00,3773.00,0.03779,0.03779,3770.00,3770.00,X,19,1.05,X,640000,118.912,X,X,X,X,X,X,X,X,X,X,X,X,X,X,X,X,X,X,X,195,195,100,78.0,
Arta\Arta-37.171,08/07/16 - 10:20,Arta-37,3.500,1.250,3773.00,3773.00,0.03779,0.03779,3770.00,3770.00,X,19,1.05,X,640000,118.912,X,X,X,X,X,X,X,X,X,X,X,X,X,X,X,X,X,X,X,106,106,100,43.2,
Arta\Arta-38.260,04/06/16 - 10:07,Arta-38,3.500,X,3917.00,3917.00,0.03937,0.03937,3852.00,3852.00,X,40,1.05,X,X,100.000,X,X,X,X,X,X,X,X,X,X,X,X,X,X,X,X,X,X,X,526,451,84,154.4,
Arta\Arta-38.261,04/13/16 - 10:19,Arta-38,3.500,X,3917.00,3917.00,0.03937,0.03937,3852.00,3852.00,X,40,1.05,X,X,100.000,X,X,X,X,X,X,X,X,X,X,X,X,X,X,X,X,X,X,X,524,449,83,152.7,
Arta\Arta-38.262,04/20/16 - 08:18,Arta-38,3.500,X,3917.00,3917.00,0.03937,0.03937,3852.00,3852.00,X,40,1.05,X,X,100.000,X,X,X,X,X,X,X,X,X,X,X,X,X,X,X,X,X,X,X,548,470,84,160.9,
Arta\Arta-38.263,04/27/16 - 10:10,Arta-38,3.500,X,3917.00,3917.00,0.03937,0.03937,3852.00,3852.00,X,40,1.05,X,X,100.000,X,X,X,X,X,X,X,X,X,X,X,X,X,X,X,X,X,X,X,407,325,76,111.3,
Arta\Arta-38.264,04/29/16 - 09:59,Arta-38,3.500,X,3917.00,3917.00,0.03937,0.03937,3852.00,3852.00,X,40,1.05,X,X,100.000,X,X,X,X,X,X,X,X,X,X,X,X,X,X,X,X,X,X,X,342,287,80,99.0,
Arta\Arta-38.265,04/30/16 - 08:58,Arta-38,3.500,X,3917.00,3917.00,0.03937,0.03937,3852.00,3852.00,X,40,1.05,X,X,100.000,X,X,X,X,X,X,X,X,X,X,X,X,X,X,X,X,X,X,X,317,270,81,93.6,
Arta\Arta-38.266,05/04/16 - 08:10,Arta-38,3.500,X,3917.00,3917.00,0.03937,0.03937,3852.00,3852.00,X,40,1.05,X,X,100.000,X,X,X,X,X,X,X,X,X,X,X,X,X,X,X,X,X,X,X,276,225,76,78.4,
Arta\Arta-38.267,05/16/16 - 10:55,Arta-38,3.500,X,3917.00,3917.00,0.03937,0.03937,3852.00,3852.00,X,40,1.05,X,X,100.000,X,X,X,X,X,X,X,X,X,X,X,X,X,X,X,X,X,X,X,1159,867,73,292.0,
Arta\Arta-38.268,05/19/16 - 08:07,Arta-38,3.500,X,3917.00,3917.00,0.03937,0.03937,3852.00,3852.00,X,40,1.05,X,X,100.000,X,X,X,X,X,X,X,X,X,X,X,X,X,X,X,X,X,X,X,1125,1125,100,378.9,
Arta\Arta-38.269,05/22/16 - 09:31,Arta-38,3.500,X,3917.00,3917.00,0.03937,0.03937,3852.00,3852.00,X,40,1.05,X,X,100.000,X,X,X,X,X,X,X,X,X,X,X,X,X,X,X,X,X,X,X,1086,992,91,335.3,
Arta\Arta-38.270,05/23/16 - 10:20,Arta-38,3.500,X,3917.00,3917.00,0.03937,0.03937,3852.00,3852.00,X,40,1.05,X,X,100.000,X,X,X,X,X,X,X,X,X,X,X,X,X,X,X,X,X,X,X,1212,939,76,317.5,
Arta\Arta-38.271,05/24/16 - 09:44,Arta-38,3.500,X,3917.00,3917.00,0.03937,0.03937,3852.00,3852.00,X,40,1.05,X,X,100.000,X,X,X,X,X,X,X,X,X,X,X,X,X,X,X,X,X,X,X,1102,924,83,313.2,
Arta\Arta-38.272,05/25/16 - 09:16,Arta-38,3.500,X,3917.00,3917.00,0.03937,0.03937,3852.00,3852.00,X,40,1.05,X,X,100.000,X,X,X,X,X,X,X,X,X,X,X,X,X,X,X,X,X,X,X,1033,876,84,296.7,
Arta\Arta-38.273,05/27/16 - 09:38,Arta-38,3.500,X,3917.00,3917.00,0.03937,0.03937,3852.00,3852.00,X,40,1.05,X,X,100.000,X,X,X,X,X,X,X,X,X,X,X,X,X,X,X,X,X,X,X,671,556,81,189.5,
Arta\Arta-38.274,05/28/16 - 09:38,Arta-38,3.500,X,3917.00,3917.00,0.03937,0.03937,3852.00,3852.00,X,40,1.05,X,X,100.000,X,X,X,X,X,X,X,X,X,X,X,X,X,X,X,X,X,X,X,618,493,77,167.9,
Arta\Arta-38.275,05/29/16 - 09:14,Arta-38,3.500,X,3917.00,3917.00,0.03937,0.03937,3852.00,3852.00,X,40,1.05,X,X,100.000,X,X,X,X,X,X,X,X,X,X,X,X,X,X,X,X,X,X,X,572,500,86,170.0,
Arta\Arta-38.276,05/30/16 - 09:56,Arta-38,3.500,X,3917.00,3917.00,0.03937,0.03937,3852.00,3852.00,X,40,1.05,X,X,100.000,X,X,X,X,X,X,X,X,X,X,X,X,X,X,X,X,X,X,X,580,493,83,168.6,
Arta\Arta-38.277,05/31/16 - 08:42,Arta-38,3.500,X,3917.00,3917.00,0.03937,0.03937,3852.00,3852.00,X,40,1.05,X,X,100.000,X,X,X,X,X,X,X,X,X,X,X,X,X,X,X,X,X,X,X,549,446,79,151.2,
Arta\Arta-38.278,06/01/16 - 09:44,Arta-38,3.500,X,3917.00,3917.00,0.03937,0.03937,3852.00,3852.00,X,40,1.05,X,X,100.000,X,X,X,X,X,X,X,X,X,X,X,X,X,X,X,X,X,X,X,512,511,100,174.3,
Arta\Arta-38.279,06/03/16 - 09:03,Arta-38,3.500,X,3917.00,3917.00,0.03937,0.03937,3852.00,3852.00,X,40,1.05,X,X,100.000,X,X,X,X,X,X,X,X,X,X,X,X,X,X,X,X,X,X,X,441,368,81,126.7,
Arta\Arta-38.280,06/04/16 - 07:52,Arta-38,3.500,X,3917.00,3917.00,0.03937,0.03937,3852.00,3852.00,X,40,1.05,X,X,100.000,X,X,X,X,X,X,X,X,X,X,X,X,X,X,X,X,X,X,X,569,505,87,172.6,
Arta\Arta-38.281,06/05/16 - 08:17,Arta-38,3.500,X,3917.00,3917.00,0.03937,0.03937,3852.00,3852.00,X,40,1.05,X,X,100.000,X,X,X,X,X,X,X,X,X,X,X,X,X,X,X,X,X,X,X,421,357,82,122.6,
Arta\Arta-38.282,06/06/16 - 11:47,Arta-38,3.500,X,3917.00,3917.00,0.03937,0.03937,3852.00,3852.00,X,40,1.05,X,X,100.000,X,X,X,X,X,X,X,X,X,X,X,X,X,X,X,X,X,X,X,381,381,100,130.6,
Arta\Arta-38.283,06/07/16 - 09:22,Arta-38,3.500,X,3917.00,3917.00,0.03937,0.03937,3852.00,3852.00,X,40,1.05,X,X,100.000,X,X,X,X,X,X,X,X,X,X,X,X,X,X,X,X,X,X,X,375,375,100,129.0,
Arta\Arta-38.284,06/08/16 - 09:06,Arta-38,3.500,X,3917.00,3917.00,0.03937,0.03937,3852.00,3852.00,X,40,1.05,X,X,100.000,X,X,X,X,X,X,X,X,X,X,X,X,X,X,X,X,X,X,X,341,303,86,103.9,
Arta\Arta-38.285,06/09/16 - 09:24,Arta-38,3.500,X,3917.00,3917.00,0.03937,0.03937,3852.00,3852.00,X,40,1.05,X,X,100.000,X,X,X,X,X,X,X,X,X,X,X,X,X,X,X,X,X,X,X,344,298,83,103.2,
Arta\Arta-38.286,06/10/16 - 08:46,Arta-38,3.500,X,3917.00,3917.00,0.03937,0.03937,3852.00,3852.00,X,40,1.05,X,X,100.000,X,X,X,X,X,X,X,X,X,X,X,X,X,X,X,X,X,X,X,327,295,88,101.4,
Arta\Arta-38.287,06/12/16 - 08:48,Arta-38,3.500,X,3917.00,3917.00,0.03937,0.03937,3852.00,3852.00,X,40,1.05,X,X,100.000,X,X,X,X,X,X,X,X,X,X,X,X,X,X,X,X,X,X,X,311,286,90,98.8,
Arta\Arta-38.288,06/13/16 - 09:01,Arta-38,3.500,X,3917.00,3917.00,0.03937,0.03937,3852.00,3852.00,X,40,1.05,X,X,100.000,X,X,X,X,X,X,X,X,X,X,X,X,X,X,X,X,X,X,X,287,236,77,80.9,
Arta\Arta-38.289,06/14/16 - 08:41,Arta-38,3.500,X,3917.00,3917.00,0.03937,0.03937,3852.00,3852.00,X,40,1.05,X,X,100.000,X,X,X,X,X,X,X,X,X,X,X,X,X,X,X,X,X,X,X,382,328,83,112.1,
Arta\Arta-38.290,06/15/16 - 07:49,Arta-38,3.500,X,3917.00,3917.00,0.03937,0.03937,3852.00,3852.00,X,40,1.05,X,X,100.000,X,X,X,X,X,X,X,X,X,X,X,X,X,X,X,X,X,X,X,376,376,100,128.7,
Arta\Arta-38.291,06/16/16 - 09:16,Arta-38,3.500,X,3917.00,3917.00,0.03937,0.03937,3852.00,3852.00,X,40,1.05,X,X,100.000,X,X,X,X,X,X,X,X,X,X,X,X,X,X,X,X,X,X,X,390,349,87,119.9,
Arta\Arta-38.292,06/17/16 - 08:34,Arta-38,3.500,X,3917.00,3917.00,0.03937,0.03937,3852.00,3852.00,X,40,1.05,X,X,100.000,X,X,X,X,X,X,X,X,X,X,X,X,X,X,X,X,X,X,X,415,361,84,123.8,
Arta\Arta-38.293,06/19/16 - 08:35,Arta-38,3.500,X,3917.00,3917.00,0.03937,0.03937,3852.00,3852.00,X,40,1.05,X,X,100.000,X,X,X,X,X,X,X,X,X,X,X,X,X,X,X,X,X,X,X,378,342,88,117.5,
Arta\Arta-38.294,06/22/16 - 09:19,Arta-38,3.500,X,3917.00,3917.00,0.03937,0.03937,3852.00,3852.00,X,40,1.05,X,X,100.000,X,X,X,X,X,X,X,X,X,X,X,X,X,X,X,X,X,X,X,371,320,83,110.2,
Arta\Arta-38.295,06/26/16 - 08:09,Arta-38,3.500,X,3917.00,3917.00,0.03937,0.03937,3852.00,3852.00,X,40,1.05,X,X,100.000,X,X,X,X,X,X,X,X,X,X,X,X,X,X,X,X,X,X,X,335,284,81,97.7,
Arta\Arta-38.296,06/27/16 - 08:21,Arta-38,3.500,X,3917.00,3917.00,0.03937,0.03937,3852.00,3852.00,X,40,1.05,X,X,100.000,X,X,X,X,X,X,X,X,X,X,X,X,X,X,X,X,X,X,X,302,302,100,103.6,
Arta\Arta-38.297,06/28/16 - 08:04,Arta-38,3.500,X,3917.00,3917.00,0.03937,0.03937,3852.00,3852.00,X,40,1.05,X,X,100.000,X,X,X,X,X,X,X,X,X,X,X,X,X,X,X,X,X,X,X,365,312,82,107.3,
Arta\Arta-38.298,06/29/16 - 08:24,Arta-38,3.500,X,3917.00,3917.00,0.03937,0.03937,3852.00,3852.00,X,40,1.05,X,X,100.000,X,X,X,X,X,X,X,X,X,X,X,X,X,X,X,X,X,X,X,394,350,87,120.3,
Arta\Arta-38.299,07/10/16 - 08:37,Arta-38,3.500,X,3917.00,3917.00,0.03937,0.03937,3852.00,3852.00,X,40,1.05,X,X,100.000,X,X,X,X,X,X,X,X,X,X,X,X,X,X,X,X,X,X,X,418,356,82,121.9,
Arta\Arta-38.300,07/11/16 - 10:09,Arta-38,3.500,X,3917.00,3917.00,0.03937,0.03937,3852.00,3852.00,X,40,1.05,X,X,100.000,X,X,X,X,X,X,X,X,X,X,X,X,X,X,X,X,X,X,X,448,388,84,132.9,
Arta\Arta-38.301,07/13/16 - 09:18,Arta-38,3.500,X,3917.00,3917.00,0.03937,0.03937,3852.00,3852.00,X,40,1.05,X,X,100.000,X,X,X,X,X,X,X,X,X,X,X,X,X,X,X,X,X,X,X,365,312,82,107.2,
Arta\Arta-38.302,07/16/16 - 08:49,Arta-38,3.500,X,3917.00,3917.00,0.03937,0.03937,3852.00,3852.00,X,40,1.05,X,X,100.000,X,X,X,X,X,X,X,X,X,X,X,X,X,X,X,X,X,X,X,372,314,81,108.1,
Arta\Arta-38.303,07/20/16 - 09:25,Arta-38,3.500,X,3917.00,3917.00,0.03937,0.03937,3852.00,3852.00,X,40,1.05,X,X,100.000,X,X,X,X,X,X,X,X,X,X,X,X,X,X,X,X,X,X,X,326,271,79,93.7,
Arta\Arta-38.304,07/21/16 - 15:32,Arta-38,3.500,X,3917.00,3917.00,0.03937,0.03937,3852.00,3852.00,X,40,1.05,X,X,100.000,X,X,X,X,X,X,X,X,X,X,X,X,X,X,X,X,X,X,X,352,301,82,103.5,
Arta\Arta-38.305,07/23/16 - 09:32,Arta-38,3.500,X,3917.00,3917.00,0.03937,0.03937,3852.00,3852.00,X,40,1.05,X,X,100.000,X,X,X,X,X,X,X,X,X,X,X,X,X,X,X,X,X,X,X,339,290,82,100.1,
Arta\Arta-38.306,07/24/16 - 10:06,Arta-38,3.500,X,3917.00,3917.00,0.03937,0.03937,3852.00,3852.00,X,40,1.05,X,X,100.000,X,X,X,X,X,X,X,X,X,X,X,X,X,X,X,X,X,X,X,350,295,81,101.8,
Arta\Arta-38.307,07/26/16 - 09:25,Arta-38,3.500,X,3917.00,3917.00,0.03937,0.03937,3852.00,3852.00,X,40,1.05,X,X,100.000,X,X,X,X,X,X,X,X,X,X,X,X,X,X,X,X,X,X,X,952,851,89,285.1,
Arta\Arta-38.308,07/29/16 - 15:11,Arta-38,3.500,X,3917.00,3917.00,0.03937,0.03937,3852.00,3852.00,X,40,1.05,X,X,100.000,X,X,X,X,X,X,X,X,X,X,X,X,X,X,X,X,X,X,X,1015,1015,100,339.0,
Arta\Arta-38.309,08/05/16 - 08:58,Arta-38,3.500,X,3917.00,3917.00,0.03937,0.03937,3852.00,3852.00,X,40,1.05,X,X,100.000,X,X,X,X,X,X,X,X,X,X,X,X,X,X,X,X,X,X,X,1116,1116,100,375.9,
Arta\Arta-38.310,08/06/16 - 09:00,Arta-38,3.500,X,3917.00,3917.00,0.03937,0.03937,3852.00,3852.00,X,40,1.05,X,X,100.000,X,X,X,X,X,X,X,X,X,X,X,X,X,X,X,X,X,X,X,1007,735,71,248.9,
Arta\Arta-38.311,08/07/16 - 10:04,Arta-38,3.500,X,3917.00,3917.00,0.03937,0.03937,3852.00,3852.00,X,40,1.05,X,X,100.000,X,X,X,X,X,X,X,X,X,X,X,X,X,X,X,X,X,X,X,710,557,76,189.2,
Arta\Arta-38.312,08/08/16 - 10:14,Arta-38,3.500,X,3917.00,3917.00,0.03937,0.03937,3852.00,3852.00,X,40,1.05,X,X,100.000,X,X,X,X,X,X,X,X,X,X,X,X,X,X,X,X,X,X,X,475,386,78,132.1,
Arta\Arta-38.313,08/09/16 - 08:08,Arta-38,3.500,X,3917.00,3917.00,0.03937,0.03937,3852.00,3852.00,X,40,1.05,X,X,100.000,X,X,X,X,X,X,X,X,X,X,X,X,X,X,X,X,X,X,X,387,318,78,109.6,
Arta\Arta-38.314,08/10/16 - 08:18,Arta-38,3.500,X,3917.00,3917.00,0.03937,0.03937,3852.00,3852.00,X,40,1.05,X,X,100.000,X,X,X,X,X,X,X,X,X,X,X,X,X,X,X,X,X,X,X,297,262,85,91.1,
Arta\Arta-4.097,04/10/16 - 08:29,Arta-4,3.500,1.250,3014.00,3014.00,0.02989,0.02989,2933.00,2933.00,X,19,1.05,X,X,100.000,X,X,X,X,X,X,X,X,X,X,X,X,X,X,X,X,X,X,X,296,296,100,117.1,
Arta\Arta-4.098,04/21/16 - 09:30,Arta-4,3.500,1.250,3014.00,3014.00,0.02989,0.02989,2933.00,2933.00,X,19,1.05,X,X,100.000,X,04/21/16 - 09:42,13355,6001,3846,-1573,4.2,95.6,6.593,12.20,11.7,14.0,1573.0,X,0,10309,7405,7584,1683,322,241,67,94.6,
Arta\Arta-4.099,04/24/16 - 08:42,Arta-4,3.500,1.250,3014.00,3014.00,0.02989,0.02989,2933.00,2933.00,X,19,1.05,X,X,100.000,X,X,X,X,X,X,X,X,X,X,X,X,X,X,X,X,X,X,X,293,270,90,105.8,
Arta\Arta-4.100,05/08/16 - 08:14,Arta-4,3.500,1.250,3014.00,3014.00,0.02989,0.02989,2933.00,2933.00,X,19,1.05,X,X,100.000,X,X,X,X,X,X,X,X,X,X,X,X,X,X,X,X,X,X,X,843,514,57,207.8,
Arta\Arta-4.101,05/18/16 - 10:10,Arta-4,3.500,1.250,3014.00,3014.00,0.02989,0.02989,2933.00,2933.00,X,19,1.05,X,X,100.000,X,05/18/16 - 10:10,12770,6024,3305,-1679,3.5,96.5,6.545,5.51,5.3,6.3,1679.3,X,0,10059,7405,7288,1683,X,X,X,X,
Arta\Arta-4.102,06/05/16 - 08:41,Arta-4,3.500,1.250,3014.00,3014.00,0.02989,0.02989,2933.00,2933.00,X,19,1.05,X,X,100.000,X,X,X,X,X,X,X,X,X,X,X,X,X,X,X,X,X,X,X,305,300,98,118.6,
Arta\Arta-4.103,06/26/16 - 08:48,Arta-4,3.500,1.250,3014.00,3014.00,0.02989,0.02989,2933.00,2933.00,X,19,1.05,X,X,100.000,X,X,X,X,X,X,X,X,X,X,X,X,X,X,X,X,X,X,X,301,301,100,118.7,
Arta\Arta-4.104,08/07/16 - 09:25,Arta-4,3.500,1.250,3014.00,3014.00,0.02989,0.02989,2933.00,2933.00,X,19,1.05,X,X,100.000,X,X,X,X,X,X,X,X,X,X,X,X,X,X,X,X,X,X,X,324,324,100,127.7,
Arta\Arta-40.165,04/05/16 - 08:44,Arta-40,3.500,1.750,3397.00,3397.00,0.03397,0.03397,3284.00,3284.00,X,19,1.05,X,456000,144.000,X,X,X,X,X,X,X,X,X,X,X,X,X,X,X,X,X,X,X,269,269,100,106.2,
Arta\Arta-40.166,04/05/16 - 09:35,Arta-40,3.500,1.750,3397.00,3397.00,0.03397,0.03397,3284.00,3284.00,X,19,1.05,X,456000,144.000,X,04/05/16 - 09:35,10550,7293,635,-256,4.1,146.2,6.977,100.00,146.2,364.2,255.8,760393.3,32,9019,8573,8497,3718,X,X,X,X,
Arta\Arta-40.167,04/06/16 - 09:41,Arta-40,3.500,1.750,3397.00,3397.00,0.03397,0.03397,3284.00,3284.00,X,19,1.05,X,456000,144.000,X,04/06/16 - 09:52,10676,7592,644,-435,4.1,145.3,6.977,33.80,49.1,122.3,434.8,759028.4,0,8338,8573,8147,3718,323,322,100,127.0,
Arta\Arta-40.168,04/09/16 - 07:58,Arta-40,3.500,1.750,3397.00,3397.00,0.03397,0.03397,3284.00,3284.00,X,19,1.05,X,456000,144.000,X,X,X,X,X,X,X,X,X,X,X,X,X,X,X,X,X,X,X,472,461,97,181.2,
Arta\Arta-40.169,04/11/16 - 09:57,Arta-40,3.500,1.750,3397.00,3397.00,0.03397,0.03397,3284.00,3284.00,X,19,1.05,X,456000,144.000,X,X,X,X,X,X,X,X,X,X,X,X,X,X,X,X,X,X,X,388,388,100,153.0,
Arta\Arta-40.170,04/12/16 - 08:19,Arta-40,3.500,1.750,3421.00,3421.00,0.03397,0.03397,3284.00,3284.00,X,19,1.05,X,X,102.000,X,X,X,X,X,X,X,X,X,X,X,X,X,X,X,X,X,X,X,501,501,100,197.5,
Arta\Arta-40.171,04/12/16 - 09:15,Arta-40,3.500,1.750,3421.00,3421.00,0.03397,0.03397,3284.00,3284.00,X,19,1.05,X,X,102.000,X,04/12/16 - 09:15,12749,7358,1171,-13,3.8,105.4,8.333,99.77,105.2,313.0,12.6,X,33,10749,8573,8573,3744,X,X,X,X,
Arta\Arta-40.172,04/19/16 - 08:16,Arta-40,3.500,1.750,3421.00,3421.00,0.03397,0.03397,3284.00,3284.00,X,19,1.05,X,X,102.000,X,X,X,X,X,X,X,X,X,X,X,X,X,X,X,X,X,X,X,10,10,100,5.4,
Arta\Arta-40.173,04/24/16 - 09:08,Arta-40,3.500,1.750,3421.00,3421.00,0.03397,0.03397,3284.00,3284.00,X,19,1.05,X,X,102.000,X,X,X,X,X,X,X,X,X,X,X,X,X,X,X,X,X,X,X,6,6,100,2.8,
Arta\Arta-40.174,05/08/16 - 08:48,Arta-40,3.500,1.750,3397.00,3397.00,0.03397,0.03397,3284.00,3284.00,X,19,1.05,X,456000,102.000,X,X,X,X,X,X,X,X,X,X,X,X,X,X,X,X,X,X,X,5,5,100,2.2,
Arta\Arta-40.175,05/15/16 - 08:07,Arta-40,3.500,1.750,3397.00,3397.00,0.03397,0.03397,3284.00,3284.00,X,19,1.05,X,456000,102.000,X,X,X,X,X,X,X,X,X,X,X,X,X,X,X,X,X,X,X,21,21,100,8.7,
Arta\Arta-40.176,06/05/16 - 08:57,Arta-40,3.500,1.750,3397.00,3397.00,0.03397,0.03397,3284.00,3284.00,X,19,1.05,X,456000,102.000,X,X,X,X,X,X,X,X,X,X,X,X,X,X,X,X,X,X,X,31,31,100,13.5,
Arta\Arta-40.177,06/10/16 - 09:12,Arta-40,3.500,1.750,3397.00,3397.00,0.03397,0.03397,3284.00,3284.00,X,19,1.05,X,456000,102.000,X,06/10/16 - 09:22,14670,7282,3878,-56,2.8,99.4,6.844,14.50,14.4,35.2,56.1,705783.0,0,10569,8573,10541,3718,X,X,100,1.4,
Arta\Arta-40.178,06/26/16 - 08:34,Arta-40,3.500,1.750,3397.00,3397.00,0.03397,0.03397,3284.00,3284.00,X,19,1.05,X,456000,102.000,X,X,X,X,X,X,X,X,X,X,X,X,X,X,X,X,X,X,X,69,69,100,28.4,
Arta\Arta-40.179,07/31/16 - 08:39,Arta-40,3.500,1.750,3397.00,3397.00,0.03397,0.03397,3284.00,3284.00,X,19,1.05,X,456000,102.000,X,X,X,X,X,X,X,X,X,X,X,X,X,X,X,X,X,X,X,64,64,100,26.3,
Arta\Arta-42.194,04/10/16 - 08:48,Arta-42,3.500,2.250,3465.00,3465.00,0.03678,0.03678,3640.00,3640.00,X,19,1.05,X,912000,121.070,X,X,X,X,X,X,X,X,X,X,X,X,X,X,X,X,X,X,X,194,194,100,78.5,
Arta\Arta-42.195,04/24/16 - 09:43,Arta-42,3.500,2.250,3465.00,3465.00,0.03678,0.03678,3640.00,3640.00,X,19,1.05,X,912000,121.070,X,X,X,X,X,X,X,X,X,X,X,X,X,X,X,X,X,X,X,125,94,76,38.1,
Arta\Arta-42.196,05/08/16 - 08:42,Arta-42,3.500,2.250,3465.00,3465.00,0.03678,0.03678,3640.00,3640.00,X,19,1.05,X,912000,121.070,X,X,X,X,X,X,X,X,X,X,X,X,X,X,X,X,X,X,X,402,394,98,156.1,
Arta\Arta-42.197,05/15/16 - 07:54,Arta-42,3.500,2.250,3465.00,3465.00,0.03678,0.03678,3640.00,3640.00,X,19,1.05,X,912000,121.070,X,X,X,X,X,X,X,X,X,X,X,X,X,X,X,X,X,X,X,199,151,76,61.3,
Arta\Arta-42.198,06/05/16 - 09:14,Arta-42,3.500,2.250,3465.00,3465.00,0.03678,0.03678,3640.00,3640.00,X,19,1.05,X,912000,121.070,X,X,X,X,X,X,X,X,X,X,X,X,X,X,X,X,X,X,X,155,155,100,63.3,
Arta\Arta-42.199,06/26/16 - 08:27,Arta-42,3.500,2.250,3465.00,3465.00,0.03678,0.03678,3640.00,3640.00,X,19,1.05,X,912000,121.070,X,X,X,X,X,X,X,X,X,X,X,X,X,X,X,X,X,X,X,520,520,100,206.7,
Arta\Arta-42.200,07/14/16 - 17:30,Arta-42,3.500,2.250,3465.00,3465.00,0.03678,0.03678,3640.00,3640.00,X,19,1.05,X,912000,121.070,X,X,X,X,X,X,X,X,X,X,X,X,X,X,X,X,X,X,X,405,405,100,159.2,
Arta\Arta-42.201,07/19/16 - 15:22,Arta-42,3.500,2.250,3465.00,3465.00,0.03678,0.03678,3640.00,3640.00,X,19,1.05,X,912000,121.070,X,07/19/16 - 15:33,17481,4913,5375,-630,8.3,117.0,8.072,47.29,55.3,263.7,629.7,933796.1,29,13138,8746,9328,6269,157,157,100,64.2,
Arta\Arta-42.202,07/20/16 - 10:06,Arta-42,3.500,2.250,3465.00,3465.00,0.03678,0.03678,3640.00,3640.00,X,19,1.05,X,912000,121.070,X,X,X,X,X,X,X,X,X,X,X,X,X,X,X,X,X,X,X,164,164,100,67.1,
Arta\Arta-42.203,07/30/16 - 08:46,Arta-42,3.500,2.250,3465.00,3465.00,0.03678,0.03678,3640.00,3640.00,X,19,1.05,X,912000,121.070,X,X,X,X,X,X,X,X,X,X,X,X,X,X,X,X,X,X,X,335,335,100,130.6,
Arta\Arta-42.204,08/04/16 - 09:18,Arta-42,3.500,2.250,3465.00,3465.00,0.03678,0.03678,3640.00,3640.00,X,19,1.05,X,912000,121.070,X,X,X,X,X,X,X,X,X,X,X,X,X,X,X,X,X,X,X,377,377,100,150.5,
Arta\Arta-42.205,08/07/16 - 08:36,Arta-42,3.500,2.250,3465.00,3465.00,0.03678,0.03678,3640.00,3640.00,X,19,1.05,X,912000,121.070,X,X,X,X,X,X,X,X,X,X,X,X,X,X,X,X,X,X,X,390,390,100,155.6,
Arta\Arta-42.206,08/11/16 - 08:32,Arta-42,3.500,2.250,3465.00,3465.00,0.03678,0.03678,3640.00,3640.00,X,19,1.05,X,912000,121.070,X,X,X,X,X,X,X,X,X,X,X,X,X,X,X,X,X,X,X,363,363,100,144.5,
Arta\Arta-43.307,04/07/16 - 08:43,Arta-43,3.500,2.250,4063.00,4063.00,0.03947,0.03947,3886.00,3886.00,X,19,1.05,X,912000,144.000,X,X,X,X,X,X,X,X,X,X,X,X,X,X,X,X,X,X,X,1005,1005,100,395.3,
Arta\Arta-43.308,04/14/16 - 09:13,Arta-43,3.500,2.250,4063.00,4063.00,0.03947,0.03947,3886.00,3886.00,X,19,1.05,X,912000,144.000,X,X,X,X,X,X,X,X,X,X,X,X,X,X,X,X,X,X,X,902,764,81,300.5,
Arta\Arta-43.309,04/21/16 - 08:27,Arta-43,3.500,2.250,4063.00,4063.00,0.03947,0.03947,3886.00,3886.00,X,19,1.05,X,912000,144.000,X,X,X,X,X,X,X,X,X,X,X,X,X,X,X,X,X,X,X,867,733,81,288.7,
Arta\Arta-43.310,04/28/16 - 09:27,Arta-43,3.500,2.250,4063.00,4063.00,0.03947,0.03947,3886.00,3886.00,X,19,1.05,X,912000,144.000,X,04/28/16 - 09:39,17676,6597,6167,-284,8.6,136.4,5.263,74.45,101.6,315.5,283.9,1212075.7,0,12727,9255,9348,6577,796,666,79,262.3,
Arta\Arta-43.311,05/05/16 - 08:15,Arta-43,3.500,2.250,4063.00,4063.00,0.03947,0.03947,3886.00,3886.00,X,19,1.05,X,912000,144.000,X,X,X,X,X,X,X,X,X,X,X,X,X,X,X,X,X,X,X,789,789,100,310.6,
Arta\Arta-43.312,05/11/16 - 09:28,Arta-43,3.500,2.250,4063.00,4063.00,0.03947,0.03947,3886.00,3886.00,X,19,1.05,X,912000,144.000,X,X,X,X,X,X,X,X,X,X,X,X,X,X,X,X,X,X,X,706,577,76,227.4,
Arta\Arta-43.313,05/16/16 - 10:25,Arta-43,3.500,2.250,4063.00,4063.00,0.03947,0.03947,3886.00,3886.00,X,19,1.05,X,912000,144.000,X,05/16/16 - 10:35,15534,6877,4219,-339,8.0,135.8,5.279,93.76,127.4,396.9,338.8,1097150.2,13,38445,9255,33533,6577,871,627,65,245.6,
Arta\Arta-43.314,05/18/16 - 09:11,Arta-43,3.500,2.250,4063.00,4063.00,0.03947,0.03947,3886.00,3886.00,X,19,1.05,X,912000,144.000,X,X,X,X,X,X,X,X,X,X,X,X,X,X,X,X,X,X,X,785,785,100,309.7,
Arta\Arta-43.315,05/26/16 - 09:46,Arta-43,3.500,2.250,4063.00,4063.00,0.03947,0.03947,3886.00,3886.00,X,19,1.05,X,912000,144.000,X,X,X,X,X,X,X,X,X,X,X,X,X,X,X,X,X,X,X,936,767,78,301.6,
Arta\Arta-43.316,06/02/16 - 08:00,Arta-43,3.500,2.250,4063.00,4063.00,0.03947,0.03947,3886.00,3886.00,X,19,1.05,X,912000,144.000,X,X,X,X,X,X,X,X,X,X,X,X,X,X,X,X,X,X,X,775,676,83,265.7,
Arta\Arta-43.317,06/09/16 - 08:42,Arta-43,3.500,2.250,4063.00,4063.00,0.03947,0.03947,3886.00,3886.00,X,19,1.05,X,912000,144.000,X,X,X,X,X,X,X,X,X,X,X,X,X,X,X,X,X,X,X,619,518,77,205.4,
Arta\Arta-43.318,06/16/16 - 10:14,Arta-43,3.500,2.250,4063.00,4063.00,0.03947,0.03947,3886.00,3886.00,X,19,1.05,X,912000,144.000,X,X,X,X,X,X,X,X,X,X,X,X,X,X,X,X,X,X,X,572,464,73,183.6,
Arta\Arta-43.319,07/07/16 - 09:17,Arta-43,3.500,2.250,4063.00,4063.00,0.03947,0.03947,3886.00,3886.00,X,19,1.05,X,912000,144.000,X,X,X,X,X,X,X,X,X,X,X,X,X,X,X,X,X,X,X,28,28,100,13.5,
Arta\Arta-43.320,07/11/16 - 10:30,Arta-43,3.500,2.250,4063.00,4063.00,0.03947,0.03947,3886.00,3886.00,X,19,1.05,X,912000,144.000,X,07/11/16 - 10:39,17367,7236,6271,-179,7.2,131.4,5.056,61.29,80.5,240.4,179.3,1219042.9,17,16403,9255,10619,6577,25,25,100,12.7,
Arta\Arta-43.321,07/12/16 - 10:04,Arta-43,3.500,2.250,4063.00,4063.00,0.03947,0.03947,3886.00,3886.00,X,19,1.05,X,912000,144.000,X,X,X,X,X,X,X,X,X,X,X,X,X,X,X,X,X,X,X,31,31,100,111.5,
Arta\Arta-43.322,07/12/16 - 14:20,Arta-43,3.500,2.250,4063.00,4063.00,0.03947,0.03947,3886.00,3886.00,X,19,1.05,X,912000,144.000,X,X,X,X,X,X,X,X,X,X,X,X,X,X,X,X,X,X,X,27,27,100,13.4,
Arta\Arta-43.323,07/12/16 - 14:24,Arta-43,3.500,2.250,4063.00,4063.00,0.03947,0.03947,3886.00,3886.00,X,19,1.05,X,912000,144.000,X,X,X,X,X,X,X,X,X,X,X,X,X,X,X,X,X,X,X,29,29,100,21.3,
Arta\Arta-43.324,07/13/16 - 09:51,Arta-43,3.500,2.250,4063.00,4063.00,0.03947,0.03947,3886.00,3886.00,X,19,1.05,X,912000,144.000,X,X,X,X,X,X,X,X,X,X,X,X,X,X,X,X,X,X,X,13,13,100,7.9,
Arta\Arta-43.325,07/14/16 - 08:43,Arta-43,3.500,2.250,4063.00,4063.00,0.03947,0.03947,3886.00,3886.00,X,19,1.05,X,912000,144.000,X,X,X,X,X,X,X,X,X,X,X,X,X,X,X,X,X,X,X,51,51,100,22.9,
Arta\Arta-43.326,07/21/16 - 14:42,Arta-43,3.500,2.250,4063.00,4063.00,0.03947,0.03947,3886.00,3886.00,X,19,1.05,X,912000,144.000,X,X,X,X,X,X,X,X,X,X,X,X,X,X,X,X,X,X,X,49,49,100,21.3,
Arta\Arta-43.327,08/04/16 - 09:25,Arta-43,3.500,2.250,4063.00,4063.00,0.03947,0.03947,3886.00,3886.00,X,19,1.05,X,912000,144.000,X,X,X,X,X,X,X,X,X,X,X,X,X,X,X,X,X,X,X,35,35,100,16.6,
Arta\Arta-43.328,08/07/16 - 08:48,Arta-43,3.500,2.250,4063.00,4063.00,0.03947,0.03947,3886.00,3886.00,X,19,1.05,X,912000,144.000,X,X,X,X,X,X,X,X,X,X,X,X,X,X,X,X,X,X,X,91,91,100,38.1,
Arta\Arta-43.329,08/11/16 - 08:40,Arta-43,3.500,2.250,4063.00,4063.00,0.03947,0.03947,3886.00,3886.00,X,19,1.05,X,912000,144.000,X,X,X,X,X,X,X,X,X,X,X,X,X,X,X,X,X,X,X,44,44,100,19.7,
Arta\Arta-44.203,04/06/16 - 09:09,Arta-44,3.500,X,4065.00,4065.00,0.03906,0.03906,3970.00,3970.00,X,19,1.05,X,X,X,X,X,X,X,X,X,X,X,X,X,X,X,X,X,X,X,X,X,X,1973,1890,96,741.2,
Arta\Arta-44.204,04/13/16 - 09:45,Arta-44,3.500,X,4065.00,4065.00,0.03906,0.03906,3970.00,3970.00,X,19,1.05,X,X,X,X,X,X,X,X,X,X,X,X,X,X,X,X,X,X,X,X,X,X,1952,1952,100,764.8,
Arta\Arta-44.205,04/20/16 - 08:45,Arta-44,3.500,X,4065.00,4065.00,0.03906,0.03906,3970.00,3970.00,X,19,1.05,X,X,X,X,X,X,X,X,X,X,X,X,X,X,X,X,X,X,X,X,X,X,1985,1985,100,778.6,
Arta\Arta-44.206,04/22/16 - 08:21,Arta-44,3.500,X,4065.00,4065.00,0.03906,0.03906,3970.00,3970.00,X,19,1.05,X,X,X,X,X,X,X,X,X,X,X,X,X,X,X,X,X,X,X,X,X,X,1990,1882,94,738.6,
Arta\Arta-44.207,04/28/16 - 08:58,Arta-44,3.500,X,4065.00,4065.00,0.03906,0.03906,3970.00,3970.00,X,19,1.05,X,X,X,X,X,X,X,X,X,X,X,X,X,X,X,X,X,X,X,X,X,X,1964,1964,100,769.6,
Arta\Arta-44.208,05/04/16 - 08:42,Arta-44,3.500,X,4065.00,4065.00,0.03906,0.03906,3970.00,3970.00,X,19,1.05,X,X,X,X,X,X,X,X,X,X,X,X,X,X,X,X,X,X,X,X,X,X,1966,1966,100,771.1,
Arta\Arta-44.209,05/09/16 - 09:28,Arta-44,3.500,X,4065.00,4065.00,0.03906,0.03906,3970.00,3970.00,X,19,1.05,X,X,X,X,X,X,X,X,X,X,X,X,X,X,X,X,X,X,X,X,X,X,1938,1938,100,760.0,
Arta\Arta-44.210,05/18/16 - 09:18,Arta-44,3.500,X,4065.00,4065.00,0.03906,0.03906,3970.00,3970.00,X,19,1.05,X,X,X,X,X,X,X,X,X,X,X,X,X,X,X,X,X,X,X,X,X,X,1991,1991,100,780.5,
Arta\Arta-44.211,05/25/16 - 08:17,Arta-44,3.500,X,4065.00,4065.00,0.03906,0.03906,3970.00,3970.00,X,19,1.05,X,X,X,X,X,X,X,X,X,X,X,X,X,X,X,X,X,X,X,X,X,X,1967,1967,100,772.0,
Arta\Arta-44.212,06/01/16 - 10:18,Arta-44,3.500,X,4065.00,4065.00,0.03906,0.03906,3970.00,3970.00,X,19,1.05,X,X,X,X,X,X,X,X,X,X,X,X,X,X,X,X,X,X,X,X,X,X,1970,1970,100,772.6,
Arta\Arta-44.213,06/08/16 - 08:44,Arta-44,3.500,X,4065.00,4065.00,0.03906,0.03906,3970.00,3970.00,X,19,1.05,X,X,X,X,X,X,X,X,X,X,X,X,X,X,X,X,X,X,X,X,X,X,1973,1973,100,773.0,
Arta\Arta-44.214,06/15/16 - 08:17,Arta-44,3.500,X,4065.00,4065.00,0.03906,0.03906,3970.00,3970.00,X,19,1.05,X,X,X,X,X,X,X,X,X,X,X,X,X,X,X,X,X,X,X,X,X,X,1970,1970,100,772.0,
Arta\Arta-44.215,06/22/16 - 08:18,Arta-44,3.500,X,4065.00,4065.00,0.03906,0.03906,3970.00,3970.00,X,19,1.05,X,X,X,X,X,X,X,X,X,X,X,X,X,X,X,X,X,X,X,X,X,X,1968,1968,100,771.7,
Arta\Arta-44.216,06/29/16 - 08:55,Arta-44,3.500,X,4065.00,4065.00,0.03906,0.03906,3970.00,3970.00,X,19,1.05,X,X,X,X,X,X,X,X,X,X,X,X,X,X,X,X,X,X,X,X,X,X,1987,1987,100,778.4,
Arta\Arta-44.217,07/13/16 - 09:58,Arta-44,3.500,X,4065.00,4065.00,0.03906,0.03906,3970.00,3970.00,X,19,1.05,X,X,X,X,X,X,X,X,X,X,X,X,X,X,X,X,X,X,X,X,X,X,1966,1966,100,770.7,
Arta\Arta-44.218,07/22/16 - 09:00,Arta-44,3.500,X,4065.00,4065.00,0.03906,0.03906,3970.00,3970.00,X,19,1.05,X,X,X,X,X,X,X,X,X,X,X,X,X,X,X,X,X,X,X,X,X,X,1961,1961,100,768.5,
Arta\Arta-44.219,07/26/16 - 09:01,Arta-44,3.500,X,4065.00,4065.00,0.03906,0.03906,3970.00,3970.00,X,19,1.05,X,X,X,X,X,X,X,X,X,X,X,X,X,X,X,X,X,X,X,X,X,X,1987,1987,100,775.5,
Arta\Arta-44.220,08/03/16 - 10:19,Arta-44,3.500,X,4065.00,4065.00,0.03906,0.03906,3970.00,3970.00,X,19,1.05,X,X,X,X,X,X,X,X,X,X,X,X,X,X,X,X,X,X,X,X,X,X,1998,1998,100,782.9,
Arta\Arta-44.221,08/10/16 - 08:52,Arta-44,3.500,X,4065.00,4065.00,0.03906,0.03906,3970.00,3970.00,X,19,1.05,X,X,X,X,X,X,X,X,X,X,X,X,X,X,X,X,X,X,X,X,X,X,1963,1963,100,769.5,
Arta\Arta-45.122,05/13/16 - 09:14,Arta-45,3.500,X,3755.00,3755.00,0.05,0.05,3690.00,3690.00,X,19,1.05,X,X,100.000,X,X,X,X,X,X,X,X,X,X,X,X,X,X,X,X,X,X,X,2093,2093,100,819.6,
Arta\Arta-46.181,04/07/16 - 09:00,E-Arta-46,3.500,1.750,4500.00,4500.00,0.04526,0.04526,4210.00,4210.00,X,20,1.05,X,X,145.496,X,X,X,X,X,X,X,X,X,X,X,X,X,X,X,X,X,X,X,1759,1759,100,679.9,
Arta\Arta-46.182,04/14/16 - 09:27,E-Arta-46,3.500,1.750,4500.00,4500.00,0.04526,0.04526,4210.00,4210.00,X,20,1.05,X,X,145.496,X,X,X,X,X,X,X,X,X,X,X,X,X,X,X,X,X,X,X,1715,1715,100,663.3,
Arta\Arta-46.183,04/21/16 - 08:43,E-Arta-46,3.500,1.750,4500.00,4500.00,0.04526,0.04526,4210.00,4210.00,X,20,1.05,X,X,145.496,X,X,X,X,X,X,X,X,X,X,X,X,X,X,X,X,X,X,X,1754,1643,92,635.6,
Arta\Arta-46.184,05/05/16 - 08:27,E-Arta-46,3.500,1.750,4500.00,4500.00,0.04526,0.04526,4210.00,4210.00,X,20,1.05,X,X,145.496,X,X,X,X,X,X,X,X,X,X,X,X,X,X,X,X,X,X,X,1761,1761,100,681.5,
Arta\Arta-46.185,05/11/16 - 09:46,E-Arta-46,3.500,1.750,4500.00,4500.00,0.04526,0.04526,4210.00,4210.00,X,20,1.05,X,X,145.496,X,X,X,X,X,X,X,X,X,X,X,X,X,X,X,X,X,X,X,1735,1735,100,671.5,
Arta\Arta-46.186,05/18/16 - 09:30,E-Arta-46,3.500,1.750,4500.00,4500.00,0.04526,0.04526,4210.00,4210.00,X,20,1.05,X,X,145.496,X,X,X,X,X,X,X,X,X,X,X,X,X,X,X,X,X,X,X,1762,1741,99,673.7,
Arta\Arta-46.187,05/26/16 - 09:29,E-Arta-46,3.500,1.750,4500.00,4500.00,0.04526,0.04526,4210.00,4210.00,X,20,1.05,X,X,145.496,X,X,X,X,X,X,X,X,X,X,X,X,X,X,X,X,X,X,X,1701,1531,88,591.8,
Arta\Arta-46.188,06/02/16 - 08:14,E-Arta-46,3.500,1.750,4500.00,4500.00,0.04526,0.04526,4210.00,4210.00,X,20,1.05,X,X,145.496,X,X,X,X,X,X,X,X,X,X,X,X,X,X,X,X,X,X,X,1770,1770,100,684.1,
Arta\Arta-46.189,06/09/16 - 08:56,E-Arta-46,3.500,1.750,4500.00,4500.00,0.04526,0.04526,4210.00,4210.00,X,20,1.05,X,X,145.496,X,X,X,X,X,X,X,X,X,X,X,X,X,X,X,X,X,X,X,1701,1701,100,658.5,
Arta\Arta-46.190,06/16/16 - 09:57,E-Arta-46,3.500,1.750,4500.00,4500.00,0.04526,0.04526,4210.00,4210.00,X,20,1.05,X,X,145.496,X,X,X,X,X,X,X,X,X,X,X,X,X,X,X,X,X,X,X,1696,1696,100,655.3,
Arta\Arta-46.191,07/07/16 - 09:30,E-Arta-46,3.500,1.750,4500.00,4500.00,0.04526,0.04526,4210.00,4210.00,X,20,1.05,X,X,145.496,X,X,X,X,X,X,X,X,X,X,X,X,X,X,X,X,X,X,X,1702,1702,100,658.2,
Arta\Arta-46.192,07/14/16 - 09:02,E-Arta-46,3.500,1.750,4500.00,4500.00,0.04526,0.04526,4210.00,4210.00,X,20,1.05,X,X,145.496,X,X,X,X,X,X,X,X,X,X,X,X,X,X,X,X,X,X,X,1728,1728,100,668.0,
Arta\Arta-46.193,08/04/16 - 09:40,E-Arta-46,3.500,1.750,4500.00,4500.00,0.04526,0.04526,4210.00,4210.00,X,20,1.05,X,X,145.496,X,X,X,X,X,X,X,X,X,X,X,X,X,X,X,X,X,X,X,1712,1712,100,662.7,
Arta\Arta-46.194,08/11/16 - 08:53,E-Arta-46,3.500,1.750,4500.00,4500.00,0.04526,0.04526,4210.00,4210.00,X,20,1.05,X,X,145.496,X,X,X,X,X,X,X,X,X,X,X,X,X,X,X,X,X,X,X,1706,1706,100,659.7,
Arta\Arta-47.121,04/08/16 - 09:33,Arta-47,3.500,1.250,3636.00,3636.00,0.03642,0.03642,3574.00,3574.00,X,19,1.05,X,320000,80.421,X,X,X,X,X,X,X,X,X,X,X,X,X,X,X,X,X,X,X,148,145,97,59.1,
Arta\Arta-47.122,04/15/16 - 09:09,Arta-47,3.500,1.250,3636.00,3636.00,0.03642,0.03642,3574.00,3574.00,X,19,1.05,X,320000,80.421,X,X,X,X,X,X,X,X,X,X,X,X,X,X,X,X,X,X,X,129,129,100,55.1,
Arta\Arta-47.123,05/06/16 - 08:03,Arta-47,3.500,1.250,3636.00,3636.00,0.03642,0.03642,3574.00,3574.00,X,19,1.05,X,320000,80.421,X,X,X,X,X,X,X,X,X,X,X,X,X,X,X,X,X,X,X,155,150,95,60.7,
Arta\Arta-47.124,05/19/16 - 08:50,Arta-47,3.500,1.250,3636.00,3636.00,0.03642,0.03642,3574.00,3574.00,X,19,1.05,X,320000,80.421,X,X,X,X,X,X,X,X,X,X,X,X,X,X,X,X,X,X,X,X,X,X,X,
Arta\Arta-47.125,05/27/16 - 09:11,Arta-47,3.500,1.250,3636.00,3636.00,0.03642,0.03642,3574.00,3574.00,X,19,1.05,X,320000,80.421,X,X,X,X,X,X,X,X,X,X,X,X,X,X,X,X,X,X,X,136,134,97,55.4,
Arta\Arta-47.126,06/03/16 - 09:45,Arta-47,3.500,1.250,3636.00,3636.00,0.03642,0.03642,3574.00,3574.00,X,19,1.05,X,320000,80.421,X,X,X,X,X,X,X,X,X,X,X,X,X,X,X,X,X,X,X,123,115,88,47.5,
Arta\Arta-47.127,06/16/16 - 09:49,Arta-47,3.500,1.250,3636.00,3636.00,0.03642,0.03642,3574.00,3574.00,X,19,1.05,X,320000,80.421,X,X,X,X,X,X,X,X,X,X,X,X,X,X,X,X,X,X,X,358,358,100,142.0,
Arta\Arta-47.128,06/24/16 - 07:58,Arta-47,3.500,1.250,3636.00,3636.00,0.03642,0.03642,3574.00,3574.00,X,19,1.05,X,320000,80.421,X,X,X,X,X,X,X,X,X,X,X,X,X,X,X,X,X,X,X,148,148,100,60.2,
Arta\Arta-47.129,07/01/16 - 08:46,Arta-47,3.500,1.250,3636.00,3636.00,0.03642,0.03642,3574.00,3574.00,X,19,1.05,X,320000,80.421,X,X,X,X,X,X,X,X,X,X,X,X,X,X,X,X,X,X,X,186,186,100,74.0,
45,04/04/16 - 10:04,Arta-49,3.500,2.250,3435.00,3435.00,0.03435,0.03435,3450.00,3450.00,X,40,1.05,X,320000,102.000,X,04/04/16 - 10:16,15700,5874,4986,-2546,2.3,91.9,8.911,3.74,3.4,18.1,2546.0,842760.8,41,10912,7855,7126,6214,129,126,97,43.1,
45,04/06/16 - 08:38,Arta-49,3.500,2.250,3435.00,3435.00,0.03435,0.03435,3450.00,3450.00,X,40,1.05,X,320000,102.000,X,04/06/16 - 08:50,15012,3909,4274,-4372,4.1,90.5,8.867,8.33,7.5,39.5,4372.4,808250.5,0,10130,7855,4128,6214,164,164,100,56.7,
45,04/07/16 - 09:17,Arta-49,3.500,2.250,3435.00,3435.00,0.03435,0.03435,3450.00,3450.00,X,40,1.05,X,320000,102.000,X,X,X,X,X,X,X,X,X,X,X,X,X,X,X,X,X,X,X,207,207,100,71.1,
45,04/09/16 - 08:20,Arta-49,3.500,2.250,3435.00,3435.00,0.03435,0.03435,3450.00,3450.00,X,40,1.05,X,320000,102.000,X,X,X,X,X,X,X,X,X,X,X,X,X,X,X,X,X,X,X,262,262,100,90.1,
45,04/13/16 - 09:32,Arta-49,3.500,2.250,3435.00,3435.00,0.03435,0.03435,3450.00,3450.00,X,40,1.05,X,320000,102.000,X,X,X,X,X,X,X,X,X,X,X,X,X,X,X,X,X,X,X,241,241,100,82.3,
45,04/18/16 - 09:22,Arta-49,3.500,2.250,3435.00,3435.00,0.03435,0.03435,3450.00,3450.00,X,40,1.05,X,320000,102.000,X,X,X,X,X,X,X,X,X,X,X,X,X,X,X,X,X,X,X,329,306,93,101.9,
45,04/21/16 - 08:59,Arta-49,3.500,2.250,3435.00,3435.00,0.03435,0.03435,3450.00,3450.00,X,40,1.05,X,320000,102.000,X,X,X,X,X,X,X,X,X,X,X,X,X,X,X,X,X,X,X,329,316,96,107.6,
45,05/05/16 - 08:34,Arta-49,3.500,2.250,3435.00,3435.00,0.03435,0.03435,3450.00,3450.00,X,40,1.05,X,320000,102.000,X,X,X,X,X,X,X,X,X,X,X,X,X,X,X,X,X,X,X,462,454,98,154.8,
45,05/10/16 - 08:56,Arta-49,3.500,2.250,3435.00,3435.00,0.03435,0.03435,3450.00,3450.00,X,40,1.05,X,320000,102.000,X,X,X,X,X,X,X,X,X,X,X,X,X,X,X,X,X,X,X,468,435,93,148.9,
45,05/22/16 - 09:16,Arta-49,3.500,2.250,3435.00,3435.00,0.03435,0.03435,3450.00,3450.00,X,40,1.05,X,320000,102.000,X,X,X,X,X,X,X,X,X,X,X,X,X,X,X,X,X,X,X,523,478,91,162.5,
45,07/07/16 - 09:48,Arta-49,3.500,2.250,3435.00,3435.00,0.03435,0.03435,3450.00,3450.00,X,40,1.05,X,320000,102.000,X,X,X,X,X,X,X,X,X,X,X,X,X,X,X,X,X,X,X,661,636,96,215.8,
45,07/11/16 - 10:56,Arta-49,3.500,2.250,3435.00,3435.00,0.03435,0.03435,3450.00,3450.00,X,40,1.05,X,320000,102.000,X,X,X,X,X,X,X,X,X,X,X,X,X,X,X,X,X,X,X,677,677,100,229.7,
45,08/04/16 - 09:55,Arta-49,3.500,2.250,3435.00,3435.00,0.03435,0.03435,3450.00,3450.00,X,40,1.05,X,320000,102.000,X,X,X,X,X,X,X,X,X,X,X,X,X,X,X,X,X,X,X,735,735,100,248.8,
Arta\Arta-51.111,04/15/16 - 09:18,Arta-51,3.500,1.750,3746.00,3746.00,0.03746,0.03746,3688.00,3688.00,X,19,1.05,X,X,100.000,X,X,X,X,X,X,X,X,X,X,X,X,X,X,X,X,X,X,X,175,175,100,70.2,
Arta\Arta-51.112,04/24/16 - 09:55,Arta-51,3.500,1.750,3746.00,3746.00,0.03746,0.03746,3688.00,3688.00,X,19,1.05,X,X,100.000,X,04/24/16 - 10:05,13075,6923,4133,-115,2.3,95.8,5.233,12.36,11.8,22.1,115.2,X,3,11909,7572,7896,4100,184,184,100,73.4,
Arta\Arta-51.113,06/03/16 - 09:35,Arta-51,3.500,1.750,3746.00,3746.00,0.03746,0.03746,3688.00,3688.00,X,19,1.05,X,X,100.000,X,X,X,X,X,X,X,X,X,X,X,X,X,X,X,X,X,X,X,555,512,91,204.8,
Arta\Arta-51.114,07/01/16 - 08:38,Arta-51,3.500,1.750,3746.00,3746.00,0.03746,0.03746,3688.00,3688.00,X,19,1.05,X,X,100.000,X,X,X,X,X,X,X,X,X,X,X,X,X,X,X,X,X,X,X,701,701,100,278.0,
Arta\Arta-51.115,07/08/16 - 08:48,Arta-51,3.500,1.750,3746.00,3746.00,0.03746,0.03746,3688.00,3688.00,X,19,1.05,X,X,100.000,X,X,X,X,X,X,X,X,X,X,X,X,X,X,X,X,X,X,X,715,715,100,284.1,
Arta\Arta-51.116,07/14/16 - 09:20,Arta-51,3.500,1.750,3746.00,3746.00,0.03746,0.03746,3688.00,3688.00,X,19,1.05,X,X,100.000,X,X,X,X,X,X,X,X,X,X,X,X,X,X,X,X,X,X,X,678,654,96,258.9,
Arta\Arta-55.107,04/07/16 - 09:11,Arta-55,3.500,2.250,3409.00,3409.00,0.0323,0.0323,3360.00,3360.00,X,40,1.05,X,X,145.441,X,X,X,X,X,X,X,X,X,X,X,X,X,X,X,X,X,X,X,X,X,100,2.3,
Arta\Arta-55.108,04/21/16 - 08:53,Arta-55,3.500,2.250,3409.00,3409.00,0.0323,0.0323,3360.00,3360.00,X,40,1.05,X,X,145.441,X,X,X,X,X,X,X,X,X,X,X,X,X,X,X,X,X,X,X,X,X,100,3.1,
Arta\Arta-55.109,04/28/16 - 09:16,Arta-55,3.500,2.250,3409.00,3409.00,0.0323,0.0323,3360.00,3360.00,X,40,1.05,X,X,145.441,X,X,X,X,X,X,X,X,X,X,X,X,X,X,X,X,X,X,X,X,X,100,2.4,
Arta\Arta-55.110,05/05/16 - 08:41,Arta-55,3.500,2.250,3409.00,3409.00,0.0323,0.0323,3360.00,3360.00,X,40,1.05,X,X,145.441,X,X,X,X,X,X,X,X,X,X,X,X,X,X,X,X,X,X,X,X,X,100,2.6,
Arta\Arta-55.111,05/19/16 - 08:42,Arta-55,3.500,2.250,3409.00,3409.00,0.0323,0.0323,3360.00,3360.00,X,40,1.05,X,X,145.441,X,X,X,X,X,X,X,X,X,X,X,X,X,X,X,X,X,X,X,X,X,100,2.6,
Arta\Arta-55.112,06/02/16 - 08:23,Arta-55,3.500,2.250,3409.00,3409.00,0.0323,0.0323,3360.00,3360.00,X,40,1.05,X,X,145.441,X,X,X,X,X,X,X,X,X,X,X,X,X,X,X,X,X,X,X,X,X,100,2.5,
Arta\Arta-55.113,06/12/16 - 09:41,Arta-55,3.500,2.250,3409.00,3409.00,0.0323,0.0323,3360.00,3360.00,X,40,1.05,X,X,145.441,X,06/12/16 - 09:54,17441,3441,7073,-1002,13.9,141.2,7.407,62.00,87.5,382.6,1002.3,X,0,10871,7380,6764,6167,X,X,100,2.1,
Arta\Arta-55.114,06/16/16 - 09:39,Arta-55,3.500,2.250,3409.00,3409.00,0.0323,0.0323,3360.00,3360.00,X,40,1.05,X,X,145.441,X,X,X,X,X,X,X,X,X,X,X,X,X,X,X,X,X,X,X,X,X,100,4.6,
Arta\Arta-55.115,07/07/16 - 09:43,Arta-55,3.500,2.250,3409.00,3409.00,0.0323,0.0323,3360.00,3360.00,X,40,1.05,X,X,145.441,X,X,X,X,X,X,X,X,X,X,X,X,X,X,X,X,X,X,X,X,X,100,2.1,
Arta\Arta-55.116,07/14/16 - 09:12,Arta-55,3.500,2.250,3409.00,3409.00,0.0323,0.0323,3360.00,3360.00,X,40,1.05,X,X,145.441,X,X,X,X,X,X,X,X,X,X,X,X,X,X,X,X,X,X,X,X,X,100,2.0,
Arta\Arta-55.117,08/04/16 - 09:50,Arta-55,3.500,2.250,3409.00,3409.00,0.0323,0.0323,3360.00,3360.00,X,40,1.05,X,X,145.441,X,X,X,X,X,X,X,X,X,X,X,X,X,X,X,X,X,X,X,X,X,100,3.0,
Arta\Arta-56.148,05/13/16 - 09:08,Arta-56,3.500,X,3390.00,3390.00,0.03291,0.03291,3243.00,3243.00,X,19,1.05,X,X,100.000,X,X,X,X,X,X,X,X,X,X,X,X,X,X,X,X,X,X,X,2098,2098,100,821.8,
Arta\Arta-57.141,04/14/16 - 09:36,Arta-57,3.500,1.250,3492.00,3492.00,0.03451,0.03451,3430.00,3430.00,X,19,1.05,X,320000,102.243,X,X,X,X,X,X,X,X,X,X,X,X,X,X,X,X,X,X,X,63,63,74,26.3,
Arta\Arta-57.142,05/19/16 - 08:52,Arta-57,3.500,1.250,3492.00,3492.00,0.03451,0.03451,3430.00,3430.00,X,19,1.05,X,320000,102.243,X,X,X,X,X,X,X,X,X,X,X,X,X,X,X,X,X,X,X,83,77,72,32.0,
Arta\Arta-57.143,05/26/16 - 09:38,Arta-57,3.500,1.250,3492.00,3492.00,0.03451,0.03451,3430.00,3430.00,X,19,1.05,X,320000,102.243,X,X,X,X,X,X,X,X,X,X,X,X,X,X,X,X,X,X,X,21,21,100,23.6,
Arta\Arta-57.144,06/09/16 - 09:09,Arta-57,3.500,1.250,3492.00,3492.00,0.03451,0.03451,3430.00,3430.00,X,19,1.05,X,320000,102.243,X,X,X,X,X,X,X,X,X,X,X,X,X,X,X,X,X,X,X,41,41,100,31.9,
Arta\Arta-57.145,07/07/16 - 09:56,Arta-57,3.500,1.250,3492.00,3492.00,0.03451,0.03451,3430.00,3430.00,X,19,1.05,X,320000,102.243,X,X,X,X,X,X,X,X,X,X,X,X,X,X,X,X,X,X,X,X,X,100,14.9,
Arta\Arta-57.146,08/04/16 - 10:04,Arta-57,3.500,1.250,3492.00,3492.00,0.03451,0.03451,3430.00,3430.00,X,19,1.05,X,320000,102.243,X,X,X,X,X,X,X,X,X,X,X,X,X,X,X,X,X,X,X,20,20,100,23.2,
Arta\Arta-57.147,08/11/16 - 09:12,Arta-57,3.500,1.250,3492.00,3492.00,0.03451,0.03451,3430.00,3430.00,X,19,1.05,X,320000,102.243,X,X,X,X,X,X,X,X,X,X,X,X,X,X,X,X,X,X,X,19,19,100,23.4,
Arta\Arta-58.082,04/10/16 - 08:15,Arta-58,3.500,2.250,3400.00,3400.00,0.03342,0.03342,3389.00,3389.00,X,18,1.05,X,640000,102.000,X,X,X,X,X,X,X,X,X,X,X,X,X,X,X,X,X,X,X,X,X,100,7.8,
Arta\Arta-58.083,04/24/16 - 09:25,Arta-58,3.500,2.250,3400.00,3400.00,0.03342,0.03342,3389.00,3389.00,X,18,1.05,X,640000,102.000,X,X,X,X,X,X,X,X,X,X,X,X,X,X,X,X,X,X,X,451,139,29,58.0,
Arta\Arta-58.084,05/08/16 - 09:07,Arta-58,3.500,2.250,3400.00,3400.00,0.03342,0.03342,3389.00,3389.00,X,18,1.05,X,640000,102.000,X,X,X,X,X,X,X,X,X,X,X,X,X,X,X,X,X,X,X,X,X,100,8.3,
Arta\Arta-58.085,05/15/16 - 08:31,Arta-58,3.500,2.250,3400.00,3400.00,0.03342,0.03342,3389.00,3389.00,X,18,1.05,X,640000,102.000,X,X,X,X,X,X,X,X,X,X,X,X,X,X,X,X,X,X,X,X,X,100,4.6,
Arta\Arta-58.086,06/10/16 - 09:03,Arta-58,3.500,2.250,3400.00,3400.00,0.03342,0.03342,3389.00,3389.00,X,18,1.05,X,640000,102.000,X,X,X,X,X,X,X,X,X,X,X,X,X,X,X,X,X,X,X,X,X,100,1.9,
Arta\Arta-58.087,06/12/16 - 09:09,Arta-58,3.500,2.250,3400.00,3400.00,0.03342,0.03342,3389.00,3389.00,X,18,1.05,X,640000,102.000,X,X,X,X,X,X,X,X,X,X,X,X,X,X,X,X,X,X,X,X,X,100,10.2,
Arta\Arta-58.088,06/27/16 - 07:35,Arta-58,3.500,2.250,3400.00,3400.00,0.03342,0.03342,3389.00,3389.00,X,18,1.05,X,640000,102.000,X,06/27/16 - 07:44,17905,6535,7894,-237,5.2,91.3,5.070,43.14,39.4,117.9,236.9,885621.7,0,15961,8327,10465,6151,X,X,100,1.5,
Arta\Arta-58.089,06/27/16 - 08:12,Arta-58,3.500,2.250,3400.00,3400.00,0.03342,0.03342,3389.00,3389.00,X,18,1.05,X,640000,102.000,X,X,X,X,X,X,X,X,X,X,X,X,X,X,X,X,X,X,X,X,X,100,0.7,
Arta\Arta-58.090,07/30/16 - 09:36,Arta-58,3.500,2.250,3400.00,3400.00,0.03342,0.03342,3389.00,3389.00,X,18,1.05,X,640000,102.000,X,X,X,X,X,X,X,X,X,X,X,X,X,X,X,X,X,X,X,1374,1153,84,453.9,
Arta\Arta-58.091,07/31/16 - 08:54,Arta-58,3.500,2.250,3400.00,3400.00,0.03342,0.03342,3389.00,3389.00,X,18,1.05,X,640000,102.000,X,X,X,X,X,X,X,X,X,X,X,X,X,X,X,X,X,X,X,1180,1180,100,480.0,
Arta\Arta-58.092,08/03/16 - 09:34,Arta-58,3.500,2.250,3400.00,3400.00,0.03342,0.03342,3389.00,3389.00,X,18,1.05,X,640000,102.000,X,X,X,X,X,X,X,X,X,X,X,X,X,X,X,X,X,X,X,1177,1177,100,485.3,
Arta\Arta-6.083,05/01/16 - 08:45,Arta-6,3.500,1.250,3094.00,3094.00,0.031,0.031,3155.00,3155.00,X,19,1.05,X,320000,94.629,X,X,X,X,X,X,X,X,X,X,X,X,X,X,X,X,X,X,X,263,221,84,88.8,
Arta\Arta-6.084,05/29/16 - 09:55,Arta-6,3.500,1.250,3094.00,3094.00,0.031,0.031,3155.00,3155.00,X,19,1.05,X,320000,94.629,X,X,X,X,X,X,X,X,X,X,X,X,X,X,X,X,X,X,X,195,57,29,23.1,
Arta\Arta-6.085,06/19/16 - 09:12,Arta-6,3.500,1.250,3094.00,3094.00,0.031,0.031,3155.00,3155.00,X,19,1.05,X,320000,94.629,X,X,X,X,X,X,X,X,X,X,X,X,X,X,X,X,X,X,X,230,208,90,83.0,
Arta\Arta-6.086,07/03/16 - 09:01,Arta-6,3.500,1.250,3094.00,3094.00,0.031,0.031,3155.00,3155.00,X,19,1.05,X,320000,94.629,X,X,X,X,X,X,X,X,X,X,X,X,X,X,X,X,X,X,X,262,262,100,104.0,
Arta\Arta-6.087,07/31/16 - 08:48,Arta-6,3.500,1.250,3094.00,3094.00,0.031,0.031,3155.00,3155.00,X,19,1.05,X,320000,94.629,X,X,X,X,X,X,X,X,X,X,X,X,X,X,X,X,X,X,X,732,732,100,289.6,
Arta\Arta-6.088,08/07/16 - 09:31,Arta-6,3.500,1.250,3094.00,3094.00,0.031,0.031,3155.00,3155.00,X,19,1.05,X,320000,94.629,X,X,X,X,X,X,X,X,X,X,X,X,X,X,X,X,X,X,X,265,265,100,105.2,
Arta\Arta-60.052,04/08/16 - 09:16,Arta-60,X,X,X,X,0.05,0.05,4102.00,4102.00,X,19,1.05,X,X,100.000,X,X,X,X,X,X,X,X,X,X,X,X,X,X,X,X,X,X,X,1631,1587,97,X,
Arta\Arta-60.053,05/06/16 - 08:13,Arta-60,X,X,X,X,0.05,0.05,4102.00,4102.00,X,19,1.05,X,X,100.000,X,X,X,X,X,X,X,X,X,X,X,X,X,X,X,X,X,X,X,1649,1649,100,X,
Arta\Arta-60.054,05/27/16 - 09:22,Arta-60,X,X,X,X,0.05,0.05,4102.00,4102.00,X,19,1.05,X,X,100.000,X,X,X,X,X,X,X,X,X,X,X,X,X,X,X,X,X,X,X,1655,1655,100,X,
Arta\Arta-60.055,06/24/16 - 07:51,Arta-60,X,X,X,X,0.05,0.05,4102.00,4102.00,X,19,1.05,X,X,100.000,X,X,X,X,X,X,X,X,X,X,X,X,X,X,X,X,X,X,X,1622,1622,100,X,
Arta\Arta-63.098,04/09/16 - 08:07,Arta-63,3.500,1.750,3438.00,3438.00,0.03225,0.03225,3296.00,3296.00,15.0,19,1.05,X,456000,99.981,X,X,X,X,X,X,X,X,X,X,X,X,X,X,X,X,X,X,X,143,143,80,58.3,
Arta\Arta-63.099,04/10/16 - 09:05,Arta-63,3.500,1.750,3438.00,3438.00,0.03225,0.03225,3296.00,3296.00,15.0,19,1.05,X,456000,99.981,X,04/10/16 - 09:17,15294,6327,5621,-212,5.1,97.8,6.950,16.03,15.7,38.9,211.7,715026.5,0,9728,7587,9778,3640,174,169,83,68.4,
Arta\Arta-63.100,04/11/16 - 09:36,Arta-63,3.500,1.750,3438.00,3438.00,0.03225,0.03225,3296.00,3296.00,15.0,19,1.05,X,456000,99.981,X,04/11/16 - 09:44,14596,5973,5146,-408,5.0,97.7,6.950,18.39,18.0,44.6,407.7,691282.1,0,12427,7587,10237,3640,169,166,88,67.6,
Arta\Arta-63.101,04/13/16 - 09:21,Arta-63,3.500,1.750,3438.00,3438.00,0.03225,0.03225,3296.00,3296.00,15.0,19,1.05,X,456000,99.981,X,X,X,X,X,X,X,X,X,X,X,X,X,X,X,X,X,X,X,88,88,100,36.4,
Arta\Arta-63.102,04/14/16 - 09:59,Arta-63,3.500,1.750,3438.00,3438.00,0.03225,0.03225,3296.00,3296.00,15.0,19,1.05,X,456000,99.981,X,X,X,X,X,X,X,X,X,X,X,X,X,X,X,X,X,X,X,246,222,77,88.9,
Arta\Arta-63.103,04/17/16 - 08:46,Arta-63,3.500,1.750,3438.00,3438.00,0.03225,0.03225,3296.00,3296.00,15.0,19,1.05,X,456000,99.981,X,X,X,X,X,X,X,X,X,X,X,X,X,X,X,X,X,X,X,455,455,100,180.2,
Arta\Arta-63.104,05/20/16 - 09:39,Arta-63,3.500,1.750,3438.00,3438.00,0.03225,0.03225,3296.00,3296.00,15.0,19,1.05,X,456000,99.981,X,X,X,X,X,X,X,X,X,X,X,X,X,X,X,X,X,X,X,1140,1140,100,449.8,
Arta\Arta-64.058,04/03/16 - 15:01,Arta-64,3.500,1.750,3367.00,3367.00,0.03367,0.03367,3312.00,3312.00,X,19,1.05,X,912000,87.461,X,X,X,X,X,X,X,X,X,X,X,X,X,X,X,X,X,X,X,X,X,100,0.4,
Arta\Arta-64.059,04/17/16 - 08:53,Arta-64,3.500,1.750,3367.00,3367.00,0.03367,0.03367,3312.00,3312.00,X,19,1.05,X,912000,87.461,X,X,X,X,X,X,X,X,X,X,X,X,X,X,X,X,X,X,X,X,X,100,1.4,
Arta\Arta-64.060,05/01/16 - 08:36,Arta-64,3.500,1.750,3367.00,3367.00,0.03367,0.03367,3312.00,3312.00,X,19,1.05,X,912000,87.461,X,X,X,X,X,X,X,X,X,X,X,X,X,X,X,X,X,X,X,X,X,100,2.3,
Arta\Arta-64.061,05/04/16 - 08:48,Arta-64,3.500,1.750,3367.00,3367.00,0.03367,0.03367,3312.00,3312.00,X,19,1.05,X,912000,87.461,X,X,X,X,X,X,X,X,X,X,X,X,X,X,X,X,X,X,X,955,955,100,374.5,
Arta\Arta-64.062,05/29/16 - 10:05,Arta-64,3.500,1.750,3367.00,3367.00,0.03367,0.03367,3312.00,3312.00,X,19,1.05,X,912000,87.461,X,X,X,X,X,X,X,X,X,X,X,X,X,X,X,X,X,X,X,X,X,100,1.4,
Arta\Arta-64.063,06/19/16 - 09:23,Arta-64,3.500,1.750,3367.00,3367.00,0.03367,0.03367,3312.00,3312.00,X,19,1.05,X,912000,87.461,X,X,X,X,X,X,X,X,X,X,X,X,X,X,X,X,X,X,X,X,X,100,1.6,
Arta\Arta-64.064,07/03/16 - 09:16,Arta-64,3.500,1.750,3367.00,3367.00,0.03367,0.03367,3312.00,3312.00,X,19,1.05,X,912000,87.461,X,X,X,X,X,X,X,X,X,X,X,X,X,X,X,X,X,X,X,X,X,100,1.5,
Arta\Arta-65.086,05/09/16 - 09:40,Arta-65,3.500,1.250,3403.00,3403.00,0.03403,0.03403,3423.00,3423.00,X,40,1.05,X,456000,103.742,X,X,X,X,X,X,X,X,X,X,X,X,X,X,X,X,X,X,X,551,530,96,183.1,
Arta\Arta-66.056,04/14/16 - 09:44,Arta-66,3.500,1.750,3511.84,3511.84,0.03493,0.03493,3404.00,3404.00,X,19,1.05,X,912000,123.314,X,X,X,X,X,X,X,X,X,X,X,X,X,X,X,X,X,X,X,28,28,100,12.3,
Arta\Arta-66.057,04/28/16 - 09:11,Arta-66,3.500,1.750,3511.84,3511.84,0.03493,0.03493,3404.00,3404.00,X,19,1.05,X,912000,123.314,X,X,X,X,X,X,X,X,X,X,X,X,X,X,X,X,X,X,X,39,39,100,16.5,
Arta\Arta-66.058,05/18/16 - 09:48,Arta-66,3.500,1.750,3511.84,3511.84,0.03493,0.03493,3404.00,3404.00,X,19,1.05,X,912000,123.314,X,05/18/16 - 09:48,13613,5988,4536,-326,6.3,123.2,6.950,9.13,11.2,27.9,326.5,780703.1,17,8476,7109,8054,3843,X,X,X,X,
Arta\Arta-66.059,05/19/16 - 08:34,Arta-66,3.500,1.750,3511.84,3511.84,0.03493,0.03493,3404.00,3404.00,X,19,1.05,X,912000,123.314,X,X,X,X,X,X,X,X,X,X,X,X,X,X,X,X,X,X,X,37,37,100,15.8,
Arta\Arta-66.060,07/07/16 - 09:38,Arta-66,3.500,1.750,3511.84,3511.84,0.03493,0.03493,3404.00,3404.00,X,19,1.05,X,912000,123.314,X,X,X,X,X,X,X,X,X,X,X,X,X,X,X,X,X,X,X,769,769,100,303.3,
Arta\Arta-66.061,07/30/16 - 09:03,Arta-66,3.500,1.750,3511.84,3511.84,0.03493,0.03493,3404.00,3404.00,X,19,1.05,X,912000,123.314,X,X,X,X,X,X,X,X,X,X,X,X,X,X,X,X,X,X,X,813,813,100,317.8,
Arta\Arta-66.062,08/11/16 - 09:02,Arta-66,3.500,1.750,3511.84,3511.84,0.03493,0.03493,3404.00,3404.00,X,19,1.05,X,912000,123.314,X,X,X,X,X,X,X,X,X,X,X,X,X,X,X,X,X,X,X,847,847,100,334.2,
Arta\Arta-67.129,04/07/16 - 08:53,Arta-67,3.500,2.250,3821.00,3821.00,0.0385,0.0385,3800.00,3800.00,X,19,1.05,X,912000,145.383,X,X,X,X,X,X,X,X,X,X,X,X,X,X,X,X,X,X,X,X,X,100,2.6,
Arta\Arta-67.130,04/14/16 - 09:20,Arta-67,3.500,2.250,3821.00,3821.00,0.0385,0.0385,3800.00,3800.00,X,19,1.05,X,912000,145.383,X,X,X,X,X,X,X,X,X,X,X,X,X,X,X,X,X,X,X,X,X,100,2.2,
Arta\Arta-67.131,04/21/16 - 08:36,Arta-67,3.500,2.250,3821.00,3821.00,0.0385,0.0385,3800.00,3800.00,X,19,1.05,X,912000,145.383,X,X,X,X,X,X,X,X,X,X,X,X,X,X,X,X,X,X,X,X,X,100,2.2,
Arta\Arta-67.132,05/05/16 - 08:21,Arta-67,3.500,2.250,3821.00,3821.00,0.0385,0.0385,3800.00,3800.00,X,19,1.05,X,912000,145.383,X,X,X,X,X,X,X,X,X,X,X,X,X,X,X,X,X,X,X,X,X,100,2.6,
Arta\Arta-67.133,05/11/16 - 09:38,Arta-67,3.500,2.250,3821.00,3821.00,0.0385,0.0385,3800.00,3800.00,X,19,1.05,X,912000,145.383,X,X,X,X,X,X,X,X,X,X,X,X,X,X,X,X,X,X,X,X,X,100,2.4,
Arta\Arta-67.134,05/25/16 - 07:58,Arta-67,3.500,2.250,3821.00,3821.00,0.0385,0.0385,3800.00,3800.00,X,19,1.05,X,912000,145.383,X,05/25/16 - 08:07,20762,4682,6675,-1193,12.8,139.5,8.696,40.24,56.1,288.1,1192.5,1386285.7,27,14289,9658,10861,6913,X,X,100,4.3,
Arta\Arta-67.135,05/27/16 - 08:45,Arta-67,3.500,2.250,3821.00,3821.00,0.0385,0.0385,3800.00,3800.00,X,19,1.05,X,912000,145.383,X,X,X,X,X,X,X,X,X,X,X,X,X,X,X,X,X,X,X,19,19,100,12.0,
Arta\Arta-67.136,05/27/16 - 08:58,Arta-67,3.500,2.250,3821.00,3821.00,0.0385,0.0385,3800.00,3800.00,X,19,1.05,X,912000,145.383,X,05/27/16 - 08:58,18838,4689,5951,-1327,10.7,140.0,7.004,54.18,75.8,313.5,1327.4,1261583.4,0,14094,9658,10152,6913,X,X,X,X,
Arta\Arta-67.137,06/02/16 - 08:07,Arta-67,3.500,2.250,3821.00,3821.00,0.0385,0.0385,3800.00,3800.00,X,19,1.05,X,912000,145.383,X,X,X,X,X,X,X,X,X,X,X,X,X,X,X,X,X,X,X,X,X,100,2.0,
Arta\Arta-67.138,06/05/16 - 09:22,Arta-67,3.500,2.250,3821.00,3821.00,0.0385,0.0385,3800.00,3800.00,X,19,1.05,X,912000,145.383,X,06/05/16 - 09:33,18845,4858,6134,-1505,10.5,142.3,7.031,51.16,72.8,302.2,1505.1,1277321.3,0,13961,9658,13742,6913,X,X,100,2.1,
Arta\Arta-67.139,06/09/16 - 08:49,Arta-67,3.500,2.250,3821.00,3821.00,0.0385,0.0385,3800.00,3800.00,X,19,1.05,X,912000,145.383,X,X,X,X,X,X,X,X,X,X,X,X,X,X,X,X,X,X,X,X,X,100,2.5,
Arta\Arta-67.140,06/16/16 - 10:06,Arta-67,3.500,2.250,3821.00,3821.00,0.0385,0.0385,3800.00,3800.00,X,19,1.05,X,912000,145.383,X,X,X,X,X,X,X,X,X,X,X,X,X,X,X,X,X,X,X,X,X,100,2.1,
Arta\Arta-67.141,07/07/16 - 09:24,Arta-67,3.500,2.250,3821.00,3821.00,0.0385,0.0385,3800.00,3800.00,X,19,1.05,X,912000,145.383,X,X,X,X,X,X,X,X,X,X,X,X,X,X,X,X,X,X,X,X,X,100,2.2,
Arta\Arta-67.142,07/14/16 - 08:51,Arta-67,3.500,2.250,3821.00,3821.00,0.0385,0.0385,3800.00,3800.00,X,19,1.05,X,912000,145.383,X,X,X,X,X,X,X,X,X,X,X,X,X,X,X,X,X,X,X,X,X,100,2.0,
Arta\Arta-67.143,07/26/16 - 08:57,Arta-67,3.500,2.250,3821.00,3821.00,0.0385,0.0385,3800.00,3800.00,X,19,1.05,X,912000,145.383,X,X,X,X,X,X,X,X,X,X,X,X,X,X,X,X,X,X,X,X,X,100,-0.9,
Arta\Arta-67.144,08/04/16 - 09:32,Arta-67,3.500,2.250,3821.00,3821.00,0.0385,0.0385,3800.00,3800.00,X,19,1.05,X,912000,145.383,X,X,X,X,X,X,X,X,X,X,X,X,X,X,X,X,X,X,X,X,X,100,2.4,
Arta\Arta-67.145,08/06/16 - 09:26,Arta-67,3.500,2.250,3821.00,3821.00,0.0385,0.0385,3800.00,3800.00,X,19,1.05,X,912000,145.383,X,08/06/16 - 09:36,16497,6943,4180,-432,6.0,142.4,5.488,56.59,80.6,261.1,432.3,1143192.4,19,13851,9658,11151,6913,501,501,100,198.3,
Arta\Arta-67.146,08/07/16 - 08:54,Arta-67,3.500,2.250,3821.00,3821.00,0.0385,0.0385,3800.00,3800.00,X,19,1.05,X,912000,145.383,X,X,X,X,X,X,X,X,X,X,X,X,X,X,X,X,X,X,X,516,516,100,203.8,
Arta\Arta-67.147,08/08/16 - 09:47,Arta-67,3.500,2.250,3821.00,3821.00,0.0385,0.0385,3800.00,3800.00,X,19,1.05,X,912000,145.383,X,08/08/16 - 09:56,16540,7320,4618,-321,6.5,140.1,5.014,62.94,88.2,261.0,320.5,1175495.4,13,13033,9658,9473,6913,621,621,100,245.2,
Arta\Arta-67.148,08/11/16 - 08:46,Arta-67,3.500,2.250,3821.00,3821.00,0.0385,0.0385,3800.00,3800.00,X,19,1.05,X,912000,145.383,X,X,X,X,X,X,X,X,X,X,X,X,X,X,X,X,X,X,X,617,617,100,243.3,
Arta\Arta-68.185,04/06/16 - 09:02,Arta-68,3.500,2.250,3686.49,3686.49,0.0386,0.0386,3845.00,3845.00,X,19,1.05,X,X,144.000,X,X,X,X,X,X,X,X,X,X,X,X,X,X,X,X,X,X,X,1355,1355,100,532.2,
Arta\Arta-68.186,04/13/16 - 09:38,Arta-68,3.500,2.250,3686.49,3686.49,0.0386,0.0386,3845.00,3845.00,X,19,1.05,X,X,144.000,X,X,X,X,X,X,X,X,X,X,X,X,X,X,X,X,X,X,X,1353,1185,88,465.1,
Arta\Arta-68.187,04/20/16 - 08:51,Arta-68,3.500,2.250,3686.49,3686.49,0.0386,0.0386,3845.00,3845.00,X,19,1.05,X,X,144.000,X,X,X,X,X,X,X,X,X,X,X,X,X,X,X,X,X,X,X,1383,1383,100,543.3,
Arta\Arta-68.188,04/28/16 - 08:51,Arta-68,3.500,2.250,3686.49,3686.49,0.0386,0.0386,3845.00,3845.00,X,19,1.05,X,X,144.000,X,X,X,X,X,X,X,X,X,X,X,X,X,X,X,X,X,X,X,1361,1361,100,534.2,
Arta\Arta-68.189,05/04/16 - 08:50,Arta-68,3.500,2.250,3686.49,3686.49,0.0386,0.0386,3845.00,3845.00,X,19,1.05,X,X,144.000,X,X,X,X,X,X,X,X,X,X,X,X,X,X,X,X,X,X,X,1357,1357,100,533.1,
Arta\Arta-68.190,05/09/16 - 09:22,Arta-68,3.500,2.250,3686.49,3686.49,0.0386,0.0386,3845.00,3845.00,X,19,1.05,X,X,144.000,X,X,X,X,X,X,X,X,X,X,X,X,X,X,X,X,X,X,X,1349,1349,100,530.0,
Arta\Arta-68.191,05/18/16 - 09:24,Arta-68,3.500,2.250,3686.49,3686.49,0.0386,0.0386,3845.00,3845.00,X,19,1.05,X,X,144.000,X,X,X,X,X,X,X,X,X,X,X,X,X,X,X,X,X,X,X,1378,1378,100,541.1,
Arta\Arta-68.192,05/25/16 - 08:23,Arta-68,3.500,2.250,3686.49,3686.49,0.0386,0.0386,3845.00,3845.00,X,19,1.05,X,X,144.000,X,X,X,X,X,X,X,X,X,X,X,X,X,X,X,X,X,X,X,1364,1364,100,536.4,
Arta\Arta-68.193,06/01/16 - 10:25,Arta-68,3.500,2.250,3686.49,3686.49,0.0386,0.0386,3845.00,3845.00,X,19,1.05,X,X,144.000,X,X,X,X,X,X,X,X,X,X,X,X,X,X,X,X,X,X,X,1348,1348,100,529.7,
Arta\Arta-68.194,06/03/16 - 09:53,Arta-68,3.500,2.250,3686.49,3686.49,0.0386,0.0386,3845.00,3845.00,X,19,1.05,X,X,144.000,X,X,X,X,X,X,X,X,X,X,X,X,X,X,X,X,X,X,X,1362,1362,100,535.1,
Arta\Arta-68.195,06/08/16 - 08:51,Arta-68,3.500,2.250,3686.49,3686.49,0.0386,0.0386,3845.00,3845.00,X,19,1.05,X,X,144.000,X,X,X,X,X,X,X,X,X,X,X,X,X,X,X,X,X,X,X,1372,1372,100,538.5,
Arta\Arta-68.196,06/15/16 - 08:24,Arta-68,3.500,2.250,3686.49,3686.49,0.0386,0.0386,3845.00,3845.00,X,19,1.05,X,X,144.000,X,X,X,X,X,X,X,X,X,X,X,X,X,X,X,X,X,X,X,1362,1362,100,534.2,
Arta\Arta-68.197,06/22/16 - 08:23,Arta-68,3.500,2.250,3686.49,3686.49,0.0386,0.0386,3845.00,3845.00,X,19,1.05,X,X,144.000,X,X,X,X,X,X,X,X,X,X,X,X,X,X,X,X,X,X,X,1377,1377,100,540.8,
Arta\Arta-68.198,06/29/16 - 09:02,Arta-68,3.500,2.250,3686.49,3686.49,0.0386,0.0386,3845.00,3845.00,X,19,1.05,X,X,144.000,X,X,X,X,X,X,X,X,X,X,X,X,X,X,X,X,X,X,X,1396,1396,100,547.8,
Arta\Arta-68.199,07/13/16 - 10:04,Arta-68,3.500,2.250,3686.49,3686.49,0.0386,0.0386,3845.00,3845.00,X,19,1.05,X,X,144.000,X,X,X,X,X,X,X,X,X,X,X,X,X,X,X,X,X,X,X,1384,1384,100,543.2,
Arta\Arta-68.200,07/22/16 - 09:05,Arta-68,3.500,2.250,3686.49,3686.49,0.0386,0.0386,3845.00,3845.00,X,19,1.05,X,X,144.000,X,X,X,X,X,X,X,X,X,X,X,X,X,X,X,X,X,X,X,1353,1311,97,514.8,
Arta\Arta-68.201,07/26/16 - 09:07,Arta-68,3.500,2.250,3686.49,3686.49,0.0386,0.0386,3845.00,3845.00,X,19,1.05,X,X,144.000,X,X,X,X,X,X,X,X,X,X,X,X,X,X,X,X,X,X,X,1360,1360,100,530.7,
Arta\Arta-68.202,08/03/16 - 10:13,Arta-68,3.500,2.250,3686.49,3686.49,0.0386,0.0386,3845.00,3845.00,X,19,1.05,X,X,144.000,X,X,X,X,X,X,X,X,X,X,X,X,X,X,X,X,X,X,X,1359,1359,100,534.1,
Arta\Arta-68.203,08/10/16 - 08:58,Arta-68,3.500,2.250,3686.49,3686.49,0.0386,0.0386,3845.00,3845.00,X,19,1.05,X,X,144.000,X,X,X,X,X,X,X,X,X,X,X,X,X,X,X,X,X,X,X,1362,1362,100,535.1,
Arta\Arta-69.080,04/24/16 - 09:17,Arta-69,3.500,1.750,3735.00,3735.00,0.03584,0.03584,3514.50,3514.50,X,19,1.05,X,912000,123.807,X,X,X,X,X,X,X,X,X,X,X,X,X,X,X,X,X,X,X,X,X,100,0.5,
Arta\Arta-69.081,05/08/16 - 08:55,Arta-69,3.500,1.750,3735.00,3735.00,0.03584,0.03584,3514.50,3514.50,X,19,1.05,X,912000,123.807,X,X,X,X,X,X,X,X,X,X,X,X,X,X,X,X,X,X,X,19,19,100,8.9,
Arta\Arta-69.082,05/15/16 - 08:22,Arta-69,3.500,1.750,3735.00,3735.00,0.03584,0.03584,3514.50,3514.50,X,19,1.05,X,912000,123.807,X,X,X,X,X,X,X,X,X,X,X,X,X,X,X,X,X,X,X,X,X,100,0.9,
Arta\Arta-69.083,06/05/16 - 09:04,Arta-69,3.500,1.750,3735.00,3735.00,0.03584,0.03584,3514.50,3514.50,X,19,1.05,X,912000,123.807,X,X,X,X,X,X,X,X,X,X,X,X,X,X,X,X,X,X,X,X,X,100,1.7,
Arta\Arta-69.084,06/22/16 - 08:35,Arta-69,3.500,1.750,3735.00,3735.00,0.03584,0.03584,3514.50,3514.50,X,19,1.05,X,912000,142.700,X,06/22/16 - 08:43,13451,5552,4248,-2212,3.1,131.5,4.412,33.36,43.9,69.1,2212.4,956309.9,0,13364,7630,8868,4088,X,X,100,2.5,
Arta\Arta-69.085,06/26/16 - 08:55,Arta-69,3.500,1.750,3735.00,3735.00,0.03584,0.03584,3514.50,3514.50,X,19,1.05,X,912000,142.700,X,X,X,X,X,X,X,X,X,X,X,X,X,X,X,X,X,X,X,32,32,100,14.2,
Arta\Arta-69.086,07/14/16 - 17:39,Arta-69,3.500,1.750,3735.00,3735.00,0.03584,0.03584,3514.50,3514.50,X,19,1.05,X,912000,142.700,X,07/14/16 - 17:51,13574,5911,4336,-2053,5.4,133.0,4.423,74.95,99.7,157.4,2053.0,952609.9,0,10980,7630,6897,4088,X,X,100,1.3,
Arta\Arta-69.087,07/31/16 - 09:03,Arta-69,3.500,1.750,3735.00,3735.00,0.03584,0.03584,3514.50,3514.50,X,19,1.05,X,912000,142.700,X,X,X,X,X,X,X,X,X,X,X,X,X,X,X,X,X,X,X,X,X,100,1.4,
Arta\Arta-8.073,07/08/16 - 09:16,Arta-8,3.500,1.250,3395.00,3395.00,0.03369,0.03369,3312.00,3312.00,X,19,1.05,X,320000,102.243,X,X,X,X,X,X,X,X,X,X,X,X,X,X,X,X,X,X,X,855,855,100,339.3,
Arta\Arta-9.111,04/22/16 - 08:01,Arta-9,3.500,1.750,3269.00,3269.00,0.03243,0.03243,3340.00,3340.00,X,19,1.05,X,456000,83.909,X,X,X,X,X,X,X,X,X,X,X,X,X,X,X,X,X,X,X,1034,973,94,381.6,
Arta\Arta-9.112,05/13/16 - 08:53,Arta-9,3.500,1.750,3269.00,3269.00,0.03243,0.03243,3340.00,3340.00,X,19,1.05,X,456000,83.909,X,X,X,X,X,X,X,X,X,X,X,X,X,X,X,X,X,X,X,1021,963,94,377.1,
Arta\Arta-9.113,06/17/16 - 08:53,Arta-9,3.500,1.750,3269.00,3269.00,0.03243,0.03243,3340.00,3340.00,X,19,1.05,X,456000,83.909,X,X,X,X,X,X,X,X,X,X,X,X,X,X,X,X,X,X,X,1011,1011,100,395.9,
Arta\E-Arta-48.164,06/04/16 - 07:42,E-Arta-48,3.500,X,4657.00,4657.00,0.04501,0.04501,4532.00,4532.00,X,19,1.05,X,X,100.000,X,X,X,X,X,X,X,X,X,X,X,X,X,X,X,X,X,X,X,473,425,86,169.6,
