Well,Date,Well,Tubing OD (in),Plunger Diameter (in),Pump Intake Depth (ft),Pump Intake Depth TVD (ft),Damp Up,Damp Down,Formation Depth (ft),Formation Depth TVD (ft),Tubing Pressure (psi (g)),Oil API (deg.API),Water Specific Gravity (Sp.Gr.H2O),Gas Specific Gravity (Sp.Gr.AIR),Gearbox Rating (in-lb),Measured Stroke Length (in),Rated HP (HP),Dynamometer Date,PPRL (lb),MPRL (lb),PPMPL (lb),MPMPL (lb),Polished Rod Power (HP),Plunger Stroke (in),SPM (spm),Pump Volumetric Fillage (%),Effective Plunger Stroke (in),Pump Displacement (BBL/D),Unaccounted Friction (lb),Gearbox Peak Existing (in-lb),Stroke,Measured Load TV (lbf),Calculate Buoyant Rod Weight (lbf),Measured Load SV (lbf),Calc. Fluid Load (lbf),Total Gaseous Liquid Column HT (TVD) (ft),Equivalent Gas Free Liquid HT (TVD) (ft), 216223759quid (%),Pump Intake Pressure (psi (g)),
Hana\Hana-10.001,11/29/12 - 07:36,Hana-10,3.500,1.750,4891.00,4891.00,0.04709,0.04709,4804.00,4804.00,X,40,1.05,X,912000,144.000,X,X,X,X,X,X,X,X,X,X,X,X,X,X,X,X,X,X,X,1401,1401,100,474.5,
Hana\Hana-10.002,11/29/12 - 07:43,Hana-10,3.500,1.750,4891.00,4891.00,0.04709,0.04709,4804.00,4804.00,X,40,1.05,X,912000,144.000,X,11/29/12 - 07:43,12623,7056,749,-779,3.8,150.2,7.200,100.00,150.2,386.2,779.5,832133.6,0,10437,9657,10234,5353,X,X,X,X,
Hana\Hana-10.003,12/05/12 - 09:57,Hana-10,3.500,1.750,4891.00,4891.00,0.04709,0.04709,4804.00,4804.00,X,40,1.05,X,912000,144.000,X,X,X,X,X,X,X,X,X,X,X,X,X,X,X,X,X,X,X,913,913,100,312.5,
Hana\Hana-10.004,12/08/12 - 07:07,Hana-10,3.500,1.750,4891.00,4891.00,0.04709,0.04709,4804.00,4804.00,X,40,1.05,X,912000,144.000,X,X,X,X,X,X,X,X,X,X,X,X,X,X,X,X,X,X,X,893,893,100,305.9,
Hana\Hana-10.005,12/12/12 - 10:03,Hana-10,3.500,1.750,4891.00,4891.00,0.04709,0.04709,4804.00,4804.00,X,40,1.05,X,912000,144.000,X,X,X,X,X,X,X,X,X,X,X,X,X,X,X,X,X,X,X,1059,1059,100,361.2,
Hana\Hana-10.006,12/15/12 - 09:06,Hana-10,3.500,1.750,4891.00,4891.00,0.04709,0.04709,4804.00,4804.00,X,40,1.05,X,912000,144.000,X,X,X,X,X,X,X,X,X,X,X,X,X,X,X,X,X,X,X,1229,1229,100,417.9,
Hana\Hana-10.007,12/19/12 - 08:16,Hana-10,3.500,1.750,4891.00,4891.00,0.04709,0.04709,4804.00,4804.00,X,40,1.05,X,912000,144.000,X,X,X,X,X,X,X,X,X,X,X,X,X,X,X,X,X,X,X,X,X,100,2.9,
Hana\Hana-10.008,12/22/12 - 14:48,Hana-10,3.500,1.750,4891.00,4891.00,0.04709,0.04709,4804.00,4804.00,X,40,1.05,X,912000,144.000,X,X,X,X,X,X,X,X,X,X,X,X,X,X,X,X,X,X,X,616,590,95,203.6,
Hana\Hana-10.009,12/26/12 - 09:44,Hana-10,3.500,1.750,4891.00,4891.00,0.04709,0.04709,4804.00,4804.00,X,40,1.05,X,912000,144.000,X,X,X,X,X,X,X,X,X,X,X,X,X,X,X,X,X,X,X,420,407,96,140.1,
Hana\Hana-10.010,12/29/12 - 08:49,Hana-10,3.500,1.750,4891.00,4891.00,0.04709,0.04709,4804.00,4804.00,X,40,1.05,X,912000,144.000,X,X,X,X,X,X,X,X,X,X,X,X,X,X,X,X,X,X,X,1052,1052,100,359.4,
Hana\Hana-10.011,01/02/13 - 10:12,Hana-10,3.500,1.750,4891.00,4891.00,0.04709,0.04709,4804.00,4804.00,X,40,1.05,X,912000,144.000,X,X,X,X,X,X,X,X,X,X,X,X,X,X,X,X,X,X,X,1012,1012,100,345.6,
Hana\Hana-10.012,01/05/13 - 07:35,Hana-10,3.500,1.750,4891.00,4891.00,0.04709,0.04709,4804.00,4804.00,X,40,1.05,X,912000,144.000,X,X,X,X,X,X,X,X,X,X,X,X,X,X,X,X,X,X,X,1058,1058,100,361.5,
Hana\Hana-10.013,01/09/13 - 08:47,Hana-10,3.500,1.750,4891.00,4891.00,0.04709,0.04709,4804.00,4804.00,X,40,1.05,X,912000,144.000,X,X,X,X,X,X,X,X,X,X,X,X,X,X,X,X,X,X,X,1046,1046,100,355.4,
Hana\Hana-10.014,01/12/13 - 08:24,Hana-10,3.500,1.750,4891.00,4891.00,0.04709,0.04709,4804.00,4804.00,X,40,1.05,X,912000,144.000,X,X,X,X,X,X,X,X,X,X,X,X,X,X,X,X,X,X,X,1021,1021,100,348.7,
Hana\Hana-10.015,01/16/13 - 08:05,Hana-10,3.500,1.750,4891.00,4891.00,0.04709,0.04709,4804.00,4804.00,X,40,1.05,X,912000,144.000,X,X,X,X,X,X,X,X,X,X,X,X,X,X,X,X,X,X,X,1168,1168,100,397.1,
Hana\Hana-10.016,01/19/13 - 07:54,Hana-10,3.500,1.750,4891.00,4891.00,0.04709,0.04709,4804.00,4804.00,X,40,1.05,X,912000,144.000,X,X,X,X,X,X,X,X,X,X,X,X,X,X,X,X,X,X,X,1339,1339,100,453.3,
Hana\Hana-10.017,01/23/13 - 10:19,Hana-10,3.500,1.750,4916.00,4916.00,0.04709,0.04709,4804.00,4804.00,X,25,1.05,X,912000,144.000,X,X,X,X,X,X,X,X,X,X,X,X,X,X,X,X,X,X,X,1563,1563,100,588.0,
Hana\Hana-10.018,01/26/13 - 09:55,Hana-10,3.500,1.750,4916.00,4916.00,0.04709,0.04709,4804.00,4804.00,X,25,1.05,X,912000,144.000,X,X,X,X,X,X,X,X,X,X,X,X,X,X,X,X,X,X,X,1548,1548,100,582.6,
Hana\Hana-10.019,01/30/13 - 08:38,Hana-10,3.500,1.750,4916.00,4916.00,0.04709,0.04709,4804.00,4804.00,X,25,1.05,X,912000,144.000,X,X,X,X,X,X,X,X,X,X,X,X,X,X,X,X,X,X,X,1498,1498,100,563.5,
Hana\Hana-10.020,02/02/13 - 08:25,Hana-10,3.500,1.750,4916.00,4916.00,0.04709,0.04709,4804.00,4804.00,X,25,1.05,X,912000,144.000,X,X,X,X,X,X,X,X,X,X,X,X,X,X,X,X,X,X,X,1408,1408,100,530.2,
Hana\Hana-10.021,02/06/13 - 10:32,Hana-10,3.500,1.750,4916.00,4916.00,0.04709,0.04709,4804.00,4804.00,X,25,1.05,X,912000,144.000,X,X,X,X,X,X,X,X,X,X,X,X,X,X,X,X,X,X,X,1417,1417,100,533.7,
Hana\Hana-10.022,02/09/13 - 09:46,Hana-10,3.500,1.750,4916.00,4916.00,0.04709,0.04709,4804.00,4804.00,X,25,1.05,X,912000,144.000,X,X,X,X,X,X,X,X,X,X,X,X,X,X,X,X,X,X,X,1485,1485,100,559.3,
Hana\Hana-10.023,02/13/13 - 09:27,Hana-10,3.500,1.750,4916.00,4916.00,0.04709,0.04709,4804.00,4804.00,X,25,1.05,X,912000,144.000,X,X,X,X,X,X,X,X,X,X,X,X,X,X,X,X,X,X,X,1625,1625,100,610.4,
Hana\Hana-10.024,02/16/13 - 08:46,Hana-10,3.500,1.750,4916.00,4916.00,0.04709,0.04709,4804.00,4804.00,X,25,1.05,X,912000,144.000,X,X,X,X,X,X,X,X,X,X,X,X,X,X,X,X,X,X,X,1579,1574,100,591.8,
Hana\Hana-10.025,02/20/13 - 10:16,Hana-10,3.500,1.750,4916.00,4916.00,0.04709,0.04709,4804.00,4804.00,X,25,1.05,X,912000,144.000,X,X,X,X,X,X,X,X,X,X,X,X,X,X,X,X,X,X,X,1684,1684,100,632.5,
Hana\Hana-10.026,02/27/13 - 08:13,Hana-10,3.500,1.750,4896.00,4896.00,0.04709,0.04709,4804.00,4804.00,X,27,1.05,X,912000,144.000,X,02/27/13 - 08:25,17155,6402,4166,-362,12.5,140.9,7.171,98.44,138.7,355.3,361.9,1161126.1,0,12175,9657,10325,5358,1750,1750,100,646.7,
Hana\Hana-10.027,03/02/13 - 07:33,Hana-10,3.500,1.750,4896.00,4896.00,0.04709,0.04709,4804.00,4804.00,X,27,1.05,X,912000,144.000,X,X,X,X,X,X,X,X,X,X,X,X,X,X,X,X,X,X,X,1682,1646,98,608.1,
Hana\Hana-10.028,03/06/13 - 08:22,Hana-10,3.500,1.750,4896.00,4896.00,0.04709,0.04709,4804.00,4804.00,X,27,1.05,X,912000,144.000,X,X,X,X,X,X,X,X,X,X,X,X,X,X,X,X,X,X,X,1761,1761,100,649.7,
Hana\Hana-10.029,03/09/13 - 08:43,Hana-10,3.500,1.750,4896.00,4896.00,0.04709,0.04709,4804.00,4804.00,X,27,1.05,X,912000,144.000,X,X,X,X,X,X,X,X,X,X,X,X,X,X,X,X,X,X,X,1452,1284,88,476.4,
Hana\Hana-10.030,03/13/13 - 08:57,Hana-10,3.500,1.750,4896.00,4896.00,0.04709,0.04709,4804.00,4804.00,X,27,1.05,X,912000,144.000,X,X,X,X,X,X,X,X,X,X,X,X,X,X,X,X,X,X,X,2345,2173,92,800.5,
Hana\Hana-10.031,03/16/13 - 15:04,Hana-10,3.500,1.750,4896.00,4896.00,0.04709,0.04709,4804.00,4804.00,X,27,1.05,X,912000,144.000,X,X,X,X,X,X,X,X,X,X,X,X,X,X,X,X,X,X,X,1485,1485,100,549.8,
Hana\Hana-10.032,03/20/13 - 08:20,Hana-10,3.500,1.750,4896.00,4896.00,0.04709,0.04709,4804.00,4804.00,X,27,1.05,X,912000,144.000,X,X,X,X,X,X,X,X,X,X,X,X,X,X,X,X,X,X,X,1461,1460,100,540.1,
Hana\Hana-10.033,03/30/13 - 07:08,Hana-10,3.500,1.750,4896.00,4896.00,0.04709,0.04709,4804.00,4804.00,X,27,1.05,X,912000,144.000,X,X,X,X,X,X,X,X,X,X,X,X,X,X,X,X,X,X,X,1487,1316,88,490.0,
Hana\Hana-10.034,04/03/13 - 10:53,Hana-10,3.500,1.750,4896.00,4896.00,0.04709,0.04709,4804.00,4804.00,X,27,1.05,X,912000,144.000,X,X,X,X,X,X,X,X,X,X,X,X,X,X,X,X,X,X,X,1485,1438,97,534.4,
Hana\Hana-10.035,04/06/13 - 09:19,Hana-10,3.500,1.750,4896.00,4896.00,0.04709,0.04709,4804.00,4804.00,X,27,1.05,X,912000,144.000,X,X,X,X,X,X,X,X,X,X,X,X,X,X,X,X,X,X,X,1494,1494,100,555.8,
Hana\Hana-10.036,04/10/13 - 07:58,Hana-10,3.500,1.750,4896.00,4896.00,0.04709,0.04709,4804.00,4804.00,X,27,1.05,X,912000,144.000,X,X,X,X,X,X,X,X,X,X,X,X,X,X,X,X,X,X,X,1506,1266,83,471.2,
Hana\Hana-10.037,04/13/13 - 08:18,Hana-10,3.500,1.750,4896.00,4896.00,0.04709,0.04709,4804.00,4804.00,X,27,1.05,X,912000,144.000,X,X,X,X,X,X,X,X,X,X,X,X,X,X,X,X,X,X,X,1506,1506,100,559.1,
Hana\Hana-10.038,04/20/13 - 14:36,Hana-10,3.500,1.750,4896.00,4896.00,0.04709,0.04709,4804.00,4804.00,X,27,1.05,X,912000,144.000,X,X,X,X,X,X,X,X,X,X,X,X,X,X,X,X,X,X,X,1500,1500,100,556.1,
Hana\Hana-10.039,04/24/13 - 14:13,Hana-10,3.500,1.750,4896.00,4896.00,0.04709,0.04709,4804.00,4804.00,X,27,1.05,X,912000,144.000,X,X,X,X,X,X,X,X,X,X,X,X,X,X,X,X,X,X,X,1662,1662,100,617.1,
Hana\Hana-10.040,04/27/13 - 09:16,Hana-10,3.500,1.750,4896.00,4896.00,0.04709,0.04709,4804.00,4804.00,X,27,1.05,X,912000,144.000,X,X,X,X,X,X,X,X,X,X,X,X,X,X,X,X,X,X,X,1636,1636,100,606.0,
Hana\Hana-10.041,05/01/13 - 08:50,Hana-10,3.500,1.750,4896.00,4896.00,0.04709,0.04709,4804.00,4804.00,X,27,1.05,X,912000,144.000,X,X,X,X,X,X,X,X,X,X,X,X,X,X,X,X,X,X,X,1561,1495,96,555.6,
Hana\Hana-10.042,05/04/13 - 09:30,Hana-10,3.500,1.750,4896.00,4896.00,0.04709,0.04709,4804.00,4804.00,X,27,1.05,X,912000,144.000,X,X,X,X,X,X,X,X,X,X,X,X,X,X,X,X,X,X,X,1530,1530,100,565.5,
Hana\Hana-10.043,05/08/13 - 10:11,Hana-10,3.500,1.750,4896.00,4896.00,0.04709,0.04709,4804.00,4804.00,X,27,1.05,X,912000,144.000,X,X,X,X,X,X,X,X,X,X,X,X,X,X,X,X,X,X,X,1642,1642,100,606.8,
Hana\Hana-10.044,05/11/13 - 07:54,Hana-10,3.500,1.750,4896.00,4896.00,0.04709,0.04709,4804.00,4804.00,X,27,1.05,X,912000,144.000,X,X,X,X,X,X,X,X,X,X,X,X,X,X,X,X,X,X,X,1468,1468,100,543.8,
Hana\Hana-10.045,05/15/13 - 08:56,Hana-10,3.500,1.750,4896.00,4896.00,0.04709,0.04709,4804.00,4804.00,X,27,1.05,X,912000,144.000,X,X,X,X,X,X,X,X,X,X,X,X,X,X,X,X,X,X,X,1688,1688,100,623.6,
Hana\Hana-10.046,05/18/13 - 07:06,Hana-10,3.500,1.750,4896.00,4896.00,0.04709,0.04709,4804.00,4804.00,X,27,1.05,X,912000,144.000,X,X,X,X,X,X,X,X,X,X,X,X,X,X,X,X,X,X,X,1575,1387,87,514.0,
Hana\Hana-10.047,05/18/13 - 14:13,Hana-10,3.500,1.750,4896.00,4896.00,0.04709,0.04709,4804.00,4804.00,X,27,1.05,X,912000,144.000,X,X,X,X,X,X,X,X,X,X,X,X,X,X,X,X,X,X,X,1543,1543,100,571.9,
Hana\Hana-10.048,05/22/13 - 09:19,Hana-10,3.500,1.750,4896.00,4896.00,0.04709,0.04709,4804.00,4804.00,X,27,1.05,X,912000,144.000,X,X,X,X,X,X,X,X,X,X,X,X,X,X,X,X,X,X,X,1473,1473,100,546.5,
Hana\Hana-10.049,06/05/13 - 07:55,Hana-10,3.500,1.750,4896.00,4896.00,0.04709,0.04709,4804.00,4804.00,X,27,1.05,X,912000,144.000,X,X,X,X,X,X,X,X,X,X,X,X,X,X,X,X,X,X,X,1706,1706,100,624.7,
Hana\Hana-10.050,06/08/13 - 07:14,Hana-10,3.500,1.750,4896.00,4896.00,0.04709,0.04709,4804.00,4804.00,X,27,1.05,X,912000,144.000,X,X,X,X,X,X,X,X,X,X,X,X,X,X,X,X,X,X,X,1678,1345,79,492.8,
Hana\Hana-10.051,06/12/13 - 13:40,Hana-10,3.500,1.750,4896.00,4896.00,0.04709,0.04709,4804.00,4804.00,X,27,1.05,X,912000,144.000,X,X,X,X,X,X,X,X,X,X,X,X,X,X,X,X,X,X,X,1457,1457,100,541.5,
Hana\Hana-10.052,06/15/13 - 08:34,Hana-10,3.500,1.750,4896.00,4896.00,0.04709,0.04709,4804.00,4804.00,X,27,1.05,X,912000,144.000,X,X,X,X,X,X,X,X,X,X,X,X,X,X,X,X,X,X,X,1487,1487,100,550.4,
Hana\Hana-10.053,06/19/13 - 08:19,Hana-10,3.500,1.750,4896.00,4896.00,0.04709,0.04709,4804.00,4804.00,X,27,1.05,X,912000,144.000,X,X,X,X,X,X,X,X,X,X,X,X,X,X,X,X,X,X,X,1963,1963,100,724.9,
Hana\Hana-10.054,06/22/13 - 06:08,Hana-10,3.500,1.750,4896.00,4896.00,0.04709,0.04709,4804.00,4804.00,X,27,1.05,X,912000,144.000,X,X,X,X,X,X,X,X,X,X,X,X,X,X,X,X,X,X,X,1472,1400,95,517.7,
Hana\Hana-10.055,06/26/13 - 13:53,Hana-10,3.500,1.750,4896.00,4896.00,0.04709,0.04709,4804.00,4804.00,X,27,1.05,X,912000,144.000,X,X,X,X,X,X,X,X,X,X,X,X,X,X,X,X,X,X,X,1891,1891,100,699.0,
Hana\Hana-10.056,06/29/13 - 08:38,Hana-10,3.500,1.750,4896.00,4896.00,0.04709,0.04709,4804.00,4804.00,X,27,1.05,X,912000,144.000,X,X,X,X,X,X,X,X,X,X,X,X,X,X,X,X,X,X,X,1635,1635,100,605.0,
Hana\Hana-10.057,07/03/13 - 08:52,Hana-10,3.500,1.750,4896.00,4896.00,0.04709,0.04709,4804.00,4804.00,X,27,1.05,X,912000,144.000,X,X,X,X,X,X,X,X,X,X,X,X,X,X,X,X,X,X,X,1519,1519,100,561.7,
Hana\Hana-10.058,07/10/13 - 08:07,Hana-10,3.500,1.750,4896.00,4896.00,0.04709,0.04709,4804.00,4804.00,X,27,1.05,X,912000,144.000,X,X,X,X,X,X,X,X,X,X,X,X,X,X,X,X,X,X,X,1466,1466,100,542.1,
Hana\Hana-10.059,07/13/13 - 08:10,Hana-10,3.500,1.750,4896.00,4896.00,0.04709,0.04709,4804.00,4804.00,X,27,1.05,X,912000,144.000,X,X,X,X,X,X,X,X,X,X,X,X,X,X,X,X,X,X,X,1468,1468,100,544.0,
Hana\Hana-10.060,07/17/13 - 09:05,Hana-10,3.500,1.750,4896.00,4896.00,0.04709,0.04709,4804.00,4804.00,X,27,1.05,X,912000,144.000,X,X,X,X,X,X,X,X,X,X,X,X,X,X,X,X,X,X,X,1572,1572,100,582.3,
Hana\Hana-10.061,07/20/13 - 09:17,Hana-10,3.500,1.750,4896.00,4896.00,0.04709,0.04709,4804.00,4804.00,X,27,1.05,X,912000,144.000,X,X,X,X,X,X,X,X,X,X,X,X,X,X,X,X,X,X,X,1528,1450,95,537.1,
Hana\Hana-10.062,07/24/13 - 08:45,Hana-10,3.500,1.750,4896.00,4896.00,0.04709,0.04709,4804.00,4804.00,X,27,1.05,X,912000,144.000,X,X,X,X,X,X,X,X,X,X,X,X,X,X,X,X,X,X,X,1599,1599,100,586.7,
Hana\Hana-10.063,07/27/13 - 13:16,Hana-10,3.500,1.750,4896.00,4896.00,0.04709,0.04709,4804.00,4804.00,X,27,1.05,X,912000,144.000,X,X,X,X,X,X,X,X,X,X,X,X,X,X,X,X,X,X,X,1504,1360,90,504.3,
Hana\Hana-10.064,07/31/13 - 08:39,Hana-10,3.500,1.750,4896.00,4896.00,0.04709,0.04709,4804.00,4804.00,X,27,1.05,X,912000,144.000,X,X,X,X,X,X,X,X,X,X,X,X,X,X,X,X,X,X,X,1476,1279,86,474.1,
Hana\Hana-10.065,08/03/13 - 13:18,Hana-10,3.500,1.750,4896.00,4896.00,0.04709,0.04709,4804.00,4804.00,X,27,1.05,X,912000,144.000,X,X,X,X,X,X,X,X,X,X,X,X,X,X,X,X,X,X,X,1471,1471,100,545.0,
Hana\Hana-10.066,08/07/13 - 09:06,Hana-10,3.500,1.750,4896.00,4896.00,0.04709,0.04709,4804.00,4804.00,X,27,1.05,X,912000,144.000,X,X,X,X,X,X,X,X,X,X,X,X,X,X,X,X,X,X,X,1465,1465,100,542.3,
Hana\Hana-10.067,08/10/13 - 09:19,Hana-10,3.500,1.750,4896.00,4896.00,0.04709,0.04709,4804.00,4804.00,X,27,1.05,X,912000,144.000,X,X,X,X,X,X,X,X,X,X,X,X,X,X,X,X,X,X,X,1489,1489,100,551.0,
Hana\Hana-10.068,08/14/13 - 09:04,Hana-10,3.500,1.750,4896.00,4896.00,0.04709,0.04709,4804.00,4804.00,X,27,1.05,X,912000,144.000,X,X,X,X,X,X,X,X,X,X,X,X,X,X,X,X,X,X,X,1466,1466,100,542.9,
Hana\Hana-10.069,08/17/13 - 09:26,Hana-10,3.500,1.750,4896.00,4896.00,0.04709,0.04709,4804.00,4804.00,X,27,1.05,X,912000,144.000,X,X,X,X,X,X,X,X,X,X,X,X,X,X,X,X,X,X,X,1492,1492,100,552.1,
Hana\Hana-10.070,08/21/13 - 09:46,Hana-10,3.500,1.750,4896.00,4896.00,0.04709,0.04709,4804.00,4804.00,X,27,1.05,X,912000,144.000,X,X,X,X,X,X,X,X,X,X,X,X,X,X,X,X,X,X,X,1595,1595,100,590.2,
Hana\Hana-10.071,08/24/13 - 09:08,Hana-10,3.500,1.750,4896.00,4896.00,0.04709,0.04709,4804.00,4804.00,X,27,1.05,X,912000,144.000,X,X,X,X,X,X,X,X,X,X,X,X,X,X,X,X,X,X,X,1596,1596,100,589.9,
Hana\Hana-10.072,08/28/13 - 08:54,Hana-10,3.500,1.750,4896.00,4896.00,0.04709,0.04709,4804.00,4804.00,X,27,1.05,X,912000,144.000,X,X,X,X,X,X,X,X,X,X,X,X,X,X,X,X,X,X,X,1437,1437,100,532.1,
Hana\Hana-10.073,08/31/13 - 08:32,Hana-10,3.500,1.750,4896.00,4896.00,0.04709,0.04709,4804.00,4804.00,X,27,1.05,X,912000,144.000,X,X,X,X,X,X,X,X,X,X,X,X,X,X,X,X,X,X,X,1479,1479,100,547.5,
Hana\Hana-10.074,09/04/13 - 08:09,Hana-10,3.500,1.750,4896.00,4896.00,0.04709,0.04709,4804.00,4804.00,X,27,1.05,X,912000,144.000,X,X,X,X,X,X,X,X,X,X,X,X,X,X,X,X,X,X,X,1480,1480,100,547.8,
Hana\Hana-10.075,09/07/13 - 09:16,Hana-10,3.500,1.750,4896.00,4896.00,0.04709,0.04709,4804.00,4804.00,X,27,1.05,X,912000,144.000,X,X,X,X,X,X,X,X,X,X,X,X,X,X,X,X,X,X,X,1427,1427,100,528.3,
Hana\Hana-10.076,09/11/13 - 09:51,Hana-10,3.500,1.750,4896.00,4896.00,0.04709,0.04709,4804.00,4804.00,X,27,1.05,X,912000,144.000,X,X,X,X,X,X,X,X,X,X,X,X,X,X,X,X,X,X,X,1701,1461,85,540.9,
Hana\Hana-10.077,09/18/13 - 09:36,Hana-10,3.500,1.750,4896.00,4896.00,0.04709,0.04709,4804.00,4804.00,X,27,1.05,X,912000,144.000,X,X,X,X,X,X,X,X,X,X,X,X,X,X,X,X,X,X,X,1654,1654,100,611.6,
Hana\Hana-10.078,09/21/13 - 09:23,Hana-10,3.500,1.750,4896.00,4896.00,0.04709,0.04709,4804.00,4804.00,X,27,1.05,X,912000,144.000,X,X,X,X,X,X,X,X,X,X,X,X,X,X,X,X,X,X,X,1622,1622,100,599.6,
Hana\Hana-10.079,09/25/13 - 07:32,Hana-10,3.500,1.750,4896.00,4896.00,0.04709,0.04709,4804.00,4804.00,X,27,1.05,X,912000,144.000,X,X,X,X,X,X,X,X,X,X,X,X,X,X,X,X,X,X,X,1653,1653,100,612.0,
Hana\Hana-10.080,09/28/13 - 08:15,Hana-10,3.500,1.750,4896.00,4896.00,0.04709,0.04709,4804.00,4804.00,X,27,1.05,X,912000,144.000,X,X,X,X,X,X,X,X,X,X,X,X,X,X,X,X,X,X,X,1604,1604,100,594.0,
Hana\Hana-10.081,10/02/13 - 09:50,Hana-10,3.500,1.750,4896.00,4896.00,0.04709,0.04709,4804.00,4804.00,X,27,1.05,X,912000,144.000,X,X,X,X,X,X,X,X,X,X,X,X,X,X,X,X,X,X,X,1685,1685,100,622.7,
Hana\Hana-10.082,10/05/13 - 09:22,Hana-10,3.500,1.750,4896.00,4896.00,0.04709,0.04709,4804.00,4804.00,X,27,1.05,X,912000,144.000,X,X,X,X,X,X,X,X,X,X,X,X,X,X,X,X,X,X,X,1704,1704,100,628.4,
Hana\Hana-10.083,10/09/13 - 07:56,Hana-10,3.500,1.750,4896.00,4896.00,0.04709,0.04709,4804.00,4804.00,X,27,1.05,X,912000,144.000,X,X,X,X,X,X,X,X,X,X,X,X,X,X,X,X,X,X,X,1690,1690,100,624.1,
Hana\Hana-10.084,10/12/13 - 08:20,Hana-10,3.500,1.750,4896.00,4896.00,0.04709,0.04709,4804.00,4804.00,X,27,1.05,X,912000,144.000,X,X,X,X,X,X,X,X,X,X,X,X,X,X,X,X,X,X,X,1637,1637,100,605.3,
Hana\Hana-10.085,10/16/13 - 09:45,Hana-10,3.500,1.750,4896.00,4896.00,0.04709,0.04709,4804.00,4804.00,X,27,1.05,X,912000,144.000,X,X,X,X,X,X,X,X,X,X,X,X,X,X,X,X,X,X,X,1431,1431,100,529.5,
Hana\Hana-10.086,10/19/13 - 09:20,Hana-10,3.500,1.750,4896.00,4896.00,0.04709,0.04709,4804.00,4804.00,X,27,1.05,X,912000,144.000,X,X,X,X,X,X,X,X,X,X,X,X,X,X,X,X,X,X,X,1724,1724,100,636.3,
Hana\Hana-10.087,10/23/13 - 09:31,Hana-10,3.500,1.750,4896.00,4896.00,0.04709,0.04709,4804.00,4804.00,X,27,1.05,X,912000,144.000,X,X,X,X,X,X,X,X,X,X,X,X,X,X,X,X,X,X,X,1729,1729,100,637.6,
Hana\Hana-10.088,10/26/13 - 08:51,Hana-10,3.500,1.750,4896.00,4896.00,0.04709,0.04709,4804.00,4804.00,X,27,1.05,X,912000,144.000,X,X,X,X,X,X,X,X,X,X,X,X,X,X,X,X,X,X,X,1700,1700,100,627.2,
Hana\Hana-10.089,10/30/13 - 13:46,Hana-10,3.500,1.750,4896.00,4896.00,0.04709,0.04709,4804.00,4804.00,X,27,1.05,X,912000,144.000,X,X,X,X,X,X,X,X,X,X,X,X,X,X,X,X,X,X,X,1776,1680,94,619.8,
Hana\Hana-10.090,11/02/13 - 08:40,Hana-10,3.500,1.750,4896.00,4896.00,0.04709,0.04709,4804.00,4804.00,X,27,1.05,X,912000,144.000,X,X,X,X,X,X,X,X,X,X,X,X,X,X,X,X,X,X,X,1852,1852,100,682.3,
Hana\Hana-10.091,11/05/13 - 07:33,Hana-10,3.500,1.750,4896.00,4896.00,0.04709,0.04709,4804.00,4804.00,X,27,1.05,X,912000,144.000,X,11/05/13 - 07:41,11238,7647,85,-984,2.4,148.7,7.200,100.00,148.7,382.3,983.7,754329.2,18,8021,9657,9163,5358,3219,3219,100,1173.3,
Hana\Hana-10.092,11/09/13 - 09:34,Hana-10,3.500,1.750,4896.00,4896.00,0.04709,0.04709,4804.00,4804.00,X,27,1.05,X,912000,144.000,X,X,X,X,X,X,X,X,X,X,X,X,X,X,X,X,X,X,X,1475,1475,100,545.1,
Hana\Hana-10.093,11/16/13 - 09:39,Hana-10,3.500,1.750,4896.00,4896.00,0.04709,0.04709,4804.00,4804.00,X,27,1.05,X,912000,144.000,X,X,X,X,X,X,X,X,X,X,X,X,X,X,X,X,X,X,X,2081,1989,95,732.8,
Hana\Hana-10.094,11/17/13 - 15:20,Hana-10,3.500,1.750,4896.00,4896.00,0.04709,0.04709,4804.00,4804.00,X,27,1.05,X,912000,144.000,X,11/17/13 - 15:20,16449,7001,3658,-645,11.2,144.0,7.171,99.47,143.2,366.7,645.0,1034128.0,15,9139,9657,6175,5358,X,X,X,X,
Hana\Hana-10.095,11/20/13 - 09:14,Hana-10,3.500,1.750,4896.00,4896.00,0.04709,0.04709,4804.00,4804.00,X,27,1.05,X,912000,144.000,X,X,X,X,X,X,X,X,X,X,X,X,X,X,X,X,X,X,X,2286,2286,100,840.5,
Hana\Hana-10.096,11/23/13 - 13:45,Hana-10,3.500,1.750,4896.00,4896.00,0.04709,0.04709,4804.00,4804.00,X,27,1.05,X,912000,144.000,X,X,X,X,X,X,X,X,X,X,X,X,X,X,X,X,X,X,X,2084,2004,96,738.4,
Hana\Hana-10.097,11/27/13 - 11:18,Hana-10,3.500,1.750,4896.00,4896.00,0.04709,0.04709,4804.00,4804.00,X,27,1.05,X,912000,144.000,X,X,X,X,X,X,X,X,X,X,X,X,X,X,X,X,X,X,X,1698,1698,100,627.0,
Hana\Hana-10.098,11/30/13 - 14:53,Hana-10,3.500,1.750,4896.00,4896.00,0.04709,0.04709,4804.00,4804.00,X,27,1.05,X,912000,144.000,X,X,X,X,X,X,X,X,X,X,X,X,X,X,X,X,X,X,X,3223,3223,100,1178.0,
Hana\Hana-10.099,12/04/13 - 10:31,Hana-10,3.500,1.750,4896.00,4896.00,0.04709,0.04709,4804.00,4804.00,X,27,1.05,X,912000,144.000,X,X,X,X,X,X,X,X,X,X,X,X,X,X,X,X,X,X,X,1505,1505,100,556.2,
Hana\Hana-10.100,12/07/13 - 11:04,Hana-10,3.500,1.750,4896.00,4896.00,0.04709,0.04709,4804.00,4804.00,X,27,1.05,X,912000,144.000,X,X,X,X,X,X,X,X,X,X,X,X,X,X,X,X,X,X,X,1665,1665,100,613.9,
Hana\Hana-10.101,12/11/13 - 11:01,Hana-10,3.500,1.750,4896.00,4896.00,0.04709,0.04709,4804.00,4804.00,X,27,1.05,X,912000,144.000,X,X,X,X,X,X,X,X,X,X,X,X,X,X,X,X,X,X,X,1569,1410,89,520.8,
Hana\Hana-10.102,12/14/13 - 10:21,Hana-10,3.500,1.750,4896.00,4896.00,0.04709,0.04709,4804.00,4804.00,X,27,1.05,X,912000,144.000,X,X,X,X,X,X,X,X,X,X,X,X,X,X,X,X,X,X,X,1706,1496,87,552.2,
Hana\Hana-10.103,12/18/13 - 10:08,Hana-10,3.500,1.750,4896.00,4896.00,0.04709,0.04709,4804.00,4804.00,X,27,1.05,X,912000,144.000,X,X,X,X,X,X,X,X,X,X,X,X,X,X,X,X,X,X,X,1485,1485,100,547.8,
Hana\Hana-10.104,12/19/13 - 16:12,Hana-10,3.500,1.750,4896.00,4896.00,0.04709,0.04709,4804.00,4804.00,X,27,1.05,X,912000,144.000,X,X,X,X,X,X,X,X,X,X,X,X,X,X,X,X,X,X,X,1500,1500,100,553.4,
Hana\Hana-10.105,12/21/13 - 10:10,Hana-10,3.500,1.750,4896.00,4896.00,0.04709,0.04709,4804.00,4804.00,X,27,1.05,X,912000,144.000,X,X,X,X,X,X,X,X,X,X,X,X,X,X,X,X,X,X,X,1439,1439,100,532.6,
Hana\Hana-10.106,12/25/13 - 14:25,Hana-10,3.500,1.750,4896.00,4896.00,0.04709,0.04709,4804.00,4804.00,X,27,1.05,X,912000,144.000,X,X,X,X,X,X,X,X,X,X,X,X,X,X,X,X,X,X,X,1445,1445,100,536.9,
Hana\Hana-10.107,12/28/13 - 14:42,Hana-10,3.500,1.750,4896.00,4896.00,0.04709,0.04709,4804.00,4804.00,X,27,1.05,X,912000,144.000,X,X,X,X,X,X,X,X,X,X,X,X,X,X,X,X,X,X,X,1529,1529,100,570.1,
Hana\Hana-10.108,01/01/14 - 09:32,Hana-10,3.500,1.750,4896.00,4896.00,0.04709,0.04709,4804.00,4804.00,X,27,1.05,X,912000,144.000,X,X,X,X,X,X,X,X,X,X,X,X,X,X,X,X,X,X,X,1427,1427,100,524.8,
Hana\Hana-10.109,01/04/14 - 09:51,Hana-10,3.500,1.750,4896.00,4896.00,0.04709,0.04709,4804.00,4804.00,X,27,1.05,X,912000,144.000,X,X,X,X,X,X,X,X,X,X,X,X,X,X,X,X,X,X,X,1777,1777,100,652.5,
Hana\Hana-10.110,01/08/14 - 14:58,Hana-10,3.500,1.750,4896.00,4896.00,0.04709,0.04709,4804.00,4804.00,X,27,1.05,X,912000,144.000,X,X,X,X,X,X,X,X,X,X,X,X,X,X,X,X,X,X,X,1501,1434,95,526.2,
Hana\Hana-10.111,01/11/14 - 11:27,Hana-10,3.500,1.750,4896.00,4896.00,0.04709,0.04709,4804.00,4804.00,X,27,1.05,X,912000,144.000,X,X,X,X,X,X,X,X,X,X,X,X,X,X,X,X,X,X,X,1476,1476,100,542.1,
Hana\Hana-10.112,01/18/14 - 08:51,Hana-10,3.500,1.750,4896.00,4896.00,0.04709,0.04709,4804.00,4804.00,X,27,1.05,X,912000,144.000,X,X,X,X,X,X,X,X,X,X,X,X,X,X,X,X,X,X,X,1411,1365,97,504.6,
Hana\Hana-10.113,01/25/14 - 13:46,Hana-10,3.500,1.750,4896.00,4896.00,0.04709,0.04709,4804.00,4804.00,X,27,1.05,X,912000,144.000,X,X,X,X,X,X,X,X,X,X,X,X,X,X,X,X,X,X,X,2453,2453,100,900.4,
Hana\Hana-10.114,01/26/14 - 08:27,Hana-10,3.500,1.750,4896.00,4896.00,0.04709,0.04709,4804.00,4804.00,X,27,1.05,X,912000,144.000,X,01/26/14 - 08:27,12296,8325,1856,-488,4.7,142.0,7.469,63.21,89.8,239.4,488.0,830493.9,19,15355,9657,12142,5358,X,X,X,X,
Hana\Hana-10.115,03/08/14 - 10:04,Hana-10,3.500,1.750,4896.00,4896.00,0.04709,0.04709,4804.00,4804.00,X,27,1.05,X,912000,144.000,X,X,X,X,X,X,X,X,X,X,X,X,X,X,X,X,X,X,X,1701,1701,100,608.0,
Hana\Hana-10.116,03/29/14 - 08:52,Hana-10,3.500,1.750,4896.00,4896.00,0.04709,0.04709,4804.00,4804.00,X,27,1.05,X,912000,144.000,X,X,X,X,X,X,X,X,X,X,X,X,X,X,X,X,X,X,X,3213,3213,100,1175.2,
Hana\Hana-10.117,04/01/14 - 07:50,Hana-10,3.500,1.750,4896.00,4896.00,0.04709,0.04709,4804.00,4804.00,X,27,1.05,X,912000,144.000,X,X,X,X,X,X,X,X,X,X,X,X,X,X,X,X,X,X,X,2338,2338,100,842.3,
Hana\Hana-10.118,04/05/14 - 14:17,Hana-10,3.500,1.750,4896.00,4896.00,0.04709,0.04709,4804.00,4804.00,X,27,1.05,X,912000,144.000,X,X,X,X,X,X,X,X,X,X,X,X,X,X,X,X,X,X,X,2764,2764,100,1014.2,
Hana\Hana-10.119,04/08/14 - 10:28,Hana-10,3.500,1.750,4896.00,4896.00,0.04709,0.04709,4804.00,4804.00,X,27,1.05,X,912000,144.000,X,04/08/14 - 10:28,19625,9110,7327,-509,8.9,127.4,6.950,8.54,10.9,27.0,509.4,1473969.9,11,13656,9657,7744,5358,X,X,X,X,
Hana\Hana-10.120,04/12/14 - 09:03,Hana-10,3.500,1.750,4896.00,4896.00,0.04709,0.04709,4804.00,4804.00,X,27,1.05,X,912000,144.000,X,X,X,X,X,X,X,X,X,X,X,X,X,X,X,X,X,X,X,829,829,100,306.9,
Hana\Hana-10.121,04/19/14 - 16:11,Hana-10,3.500,1.750,4896.00,4896.00,0.04709,0.04709,4804.00,4804.00,X,27,1.05,X,912000,144.000,X,X,X,X,X,X,X,X,X,X,X,X,X,X,X,X,X,X,X,1802,1802,100,645.1,
Hana\Hana-10.122,04/26/14 - 08:30,Hana-10,3.500,1.750,4896.00,4896.00,0.04709,0.04709,4804.00,4804.00,X,27,1.05,X,912000,144.000,X,X,X,X,X,X,X,X,X,X,X,X,X,X,X,X,X,X,X,2317,2204,95,793.6,
Hana\Hana-10.123,05/10/14 - 08:39,Hana-10,3.500,1.750,4896.00,4896.00,0.04709,0.04709,4804.00,4804.00,X,27,1.05,X,912000,144.000,X,X,X,X,X,X,X,X,X,X,X,X,X,X,X,X,X,X,X,2244,2145,95,789.5,
Hana\Hana-10.124,05/24/14 - 07:42,Hana-10,3.500,1.750,4896.00,4896.00,0.04709,0.04709,4804.00,4804.00,X,27,1.05,X,912000,144.000,X,X,X,X,X,X,X,X,X,X,X,X,X,X,X,X,X,X,X,1518,1518,100,559.7,
Hana\Hana-10.125,05/27/14 - 16:46,Hana-10,3.500,1.750,4896.00,4896.00,0.04709,0.04709,4804.00,4804.00,X,27,1.05,X,912000,144.000,X,05/27/14 - 16:46,12305,8395,757,-495,2.3,146.1,7.287,14.61,21.4,55.6,495.4,800506.6,18,19680,9657,14184,5358,X,X,X,X,
Hana\Hana-10.126,06/14/14 - 10:18,Hana-10,3.500,1.750,4896.00,4896.00,0.04709,0.04709,4804.00,4804.00,X,27,1.05,X,912000,144.000,X,X,X,X,X,X,X,X,X,X,X,X,X,X,X,X,X,X,X,2080,1919,92,708.0,
Hana\Hana-10.127,06/16/14 - 07:05,Hana-10,3.500,1.750,4896.00,4896.00,0.04709,0.04709,4804.00,4804.00,X,27,1.05,X,912000,144.000,X,06/16/14 - 07:12,11091,7796,41,-1132,2.3,146.2,7.258,100.00,146.2,379.0,1132.0,728501.8,0,13216,9657,10699,5358,2498,2498,100,918.3,
Hana\Hana-10.128,06/21/14 - 09:08,Hana-10,3.500,1.750,4896.00,4896.00,0.04709,0.04709,4804.00,4804.00,X,27,1.05,X,912000,144.000,X,X,X,X,X,X,X,X,X,X,X,X,X,X,X,X,X,X,X,2031,2031,100,748.1,
Hana\Hana-10.129,06/28/14 - 10:23,Hana-10,3.500,1.750,4896.00,4896.00,0.04709,0.04709,4804.00,4804.00,X,27,1.05,X,912000,144.000,X,X,X,X,X,X,X,X,X,X,X,X,X,X,X,X,X,X,X,2027,1781,87,657.2,
Hana\Hana-10.130,07/12/14 - 08:11,Hana-10,3.500,1.750,4896.00,4896.00,0.04709,0.04709,4804.00,4804.00,X,27,1.05,X,912000,144.000,X,X,X,X,X,X,X,X,X,X,X,X,X,X,X,X,X,X,X,3940,3940,100,1436.3,
Hana\Hana-10.131,07/12/14 - 08:30,Hana-10,3.500,1.750,4896.00,4896.00,0.04709,0.04709,4804.00,4804.00,X,27,1.05,X,912000,144.000,X,X,X,X,X,X,X,X,X,X,X,X,X,X,X,X,X,X,X,2112,2112,100,777.2,
Hana\Hana-10.132,07/19/14 - 07:30,Hana-10,3.500,1.750,4896.00,4896.00,0.04709,0.04709,4804.00,4804.00,X,27,1.05,X,912000,144.000,X,X,X,X,X,X,X,X,X,X,X,X,X,X,X,X,X,X,X,2123,2123,100,781.3,
Hana\Hana-10.133,07/26/14 - 08:23,Hana-10,3.500,1.750,4896.00,4896.00,0.04709,0.04709,4804.00,4804.00,X,27,1.05,X,912000,144.000,X,X,X,X,X,X,X,X,X,X,X,X,X,X,X,X,X,X,X,2821,2821,100,1020.7,
Hana\Hana-10.134,07/28/14 - 11:09,Hana-10,3.500,1.750,4896.00,4896.00,0.04709,0.04709,4804.00,4804.00,X,27,1.05,X,912000,144.000,X,X,X,X,X,X,X,X,X,X,X,X,X,X,X,X,X,X,X,2860,2860,100,1035.2,
Hana\Hana-10.135,07/28/14 - 11:21,Hana-10,3.500,1.750,4896.00,4896.00,0.04709,0.04709,4804.00,4804.00,X,27,1.05,X,912000,144.000,X,07/28/14 - 11:21,15996,9348,3993,-144,3.6,138.8,7.229,2.55,3.5,9.1,143.8,1171506.2,21,11769,9657,9657,5358,X,X,X,X,
Hana\Hana-10.136,08/02/14 - 07:17,Hana-10,3.500,1.750,4896.00,4896.00,0.04709,0.04709,4804.00,4804.00,X,27,1.05,X,912000,144.000,X,X,X,X,X,X,X,X,X,X,X,X,X,X,X,X,X,X,X,2839,2839,100,1027.3,
Hana\Hana-10.137,08/08/14 - 10:22,Hana-10,3.500,1.750,4896.00,4896.00,0.04709,0.04709,4804.00,4804.00,X,27,1.05,X,912000,144.000,X,X,X,X,X,X,X,X,X,X,X,X,X,X,X,X,X,X,X,3186,3186,100,1164.4,
Hana\Hana-10.138,08/09/14 - 14:39,Hana-10,3.500,1.750,4896.00,4896.00,0.04709,0.04709,4804.00,4804.00,X,27,1.05,X,912000,144.000,X,X,X,X,X,X,X,X,X,X,X,X,X,X,X,X,X,X,X,2864,2864,100,1049.0,
Hana\Hana-10.139,10/25/14 - 07:46,Hana-10,3.500,1.750,4896.00,4896.00,0.04709,0.04709,4804.00,4804.00,X,27,1.05,X,912000,144.000,X,X,X,X,X,X,X,X,X,X,X,X,X,X,X,X,X,X,X,3194,3194,100,1167.1,
Hana\Hana-10.140,11/08/14 - 14:35,Hana-10,3.500,1.750,4898.00,4898.00,0.04709,0.04709,4804.00,4804.00,X,27,1.05,X,912000,144.000,X,X,X,X,X,X,X,X,X,X,X,X,X,X,X,X,X,X,X,2345,2266,97,834.7,
Hana\Hana-10.141,11/09/14 - 14:20,Hana-10,3.500,1.750,4898.00,4898.00,0.04709,0.04709,4804.00,4804.00,X,27,1.05,X,912000,144.000,X,X,X,X,X,X,X,X,X,X,X,X,X,X,X,X,X,X,X,2541,2541,100,934.1,
Hana\Hana-10.142,11/29/14 - 09:55,Hana-10,3.500,1.750,4898.00,4898.00,0.04709,0.04709,4804.00,4804.00,X,27,1.05,X,912000,144.000,X,X,X,X,X,X,X,X,X,X,X,X,X,X,X,X,X,X,X,2426,2393,99,879.5,
Hana\Hana-10.143,01/17/15 - 14:22,Hana-10,3.500,1.750,4898.00,4898.00,0.04709,0.04709,4804.00,4804.00,X,27,1.05,X,912000,144.000,X,X,X,X,X,X,X,X,X,X,X,X,X,X,X,X,X,X,X,2584,2584,100,948.2,
Hana\Hana-10.144,02/07/15 - 16:18,Hana-10,3.500,1.750,4898.00,4898.00,0.04709,0.04709,4804.00,4804.00,X,27,1.05,X,912000,144.000,X,X,X,X,X,X,X,X,X,X,X,X,X,X,X,X,X,X,X,2437,2437,100,896.3,
Hana\Hana-10.145,02/17/15 - 07:54,Hana-10,3.500,1.750,4898.00,4898.00,0.04709,0.04709,4804.00,4804.00,X,27,1.05,X,912000,144.000,X,X,X,X,X,X,X,X,X,X,X,X,X,X,X,X,X,X,X,2513,2513,100,922.7,
Hana\Hana-10.146,02/19/15 - 16:00,Hana-10,3.500,1.750,4898.00,4898.00,0.04709,0.04709,4804.00,4804.00,X,27,1.05,X,912000,144.000,X,X,X,X,X,X,X,X,X,X,X,X,X,X,X,X,X,X,X,2661,2001,74,738.9,
Hana\Hana-10.147,02/25/15 - 09:34,Hana-10,3.500,1.750,4898.00,4898.00,0.04709,0.04709,4804.00,4804.00,X,27,1.05,X,912000,144.000,X,X,X,X,X,X,X,X,X,X,X,X,X,X,X,X,X,X,X,3213,3213,100,1173.8,
Hana\Hana-10.148,03/28/15 - 09:22,Hana-10,3.500,1.750,4898.00,4898.00,0.04709,0.04709,4804.00,4804.00,X,27,1.05,X,912000,144.000,X,X,X,X,X,X,X,X,X,X,X,X,X,X,X,X,X,X,X,2871,2871,100,1046.1,
Hana\Hana-10.149,04/04/15 - 11:45,Hana-10,3.500,1.750,4898.00,4898.00,0.04709,0.04709,4804.00,4804.00,X,27,1.05,X,912000,144.000,X,X,X,X,X,X,X,X,X,X,X,X,X,X,X,X,X,X,X,3011,3011,100,1101.3,
Hana\Hana-10.150,04/05/15 - 13:20,Hana-10,3.500,1.750,4898.00,4898.00,0.04709,0.04709,4804.00,4804.00,X,27,1.05,X,912000,144.000,X,04/05/15 - 13:33,15893,10764,2584,-125,3.6,140.9,6.250,1.84,2.6,5.8,125.3,1092172.1,0,11559,10768,10649,5360,2954,2954,100,1081.1,
Hana\Hana-10.151,04/09/15 - 11:46,Hana-10,3.500,1.750,4898.00,4898.00,0.04709,0.04709,4804.00,4804.00,X,27,1.05,X,912000,80.653,X,04/09/15 - 11:46,15131,9735,2342,-1046,2.2,74.2,6.250,1.82,1.4,3.0,1045.8,883729.6,11,11186,10768,8128,5360,X,X,X,X,
Hana\Hana-10.152,04/09/15 - 11:54,Hana-10,3.500,1.750,4898.00,4898.00,0.04709,0.04709,4804.00,4804.00,X,27,1.05,X,912000,80.653,X,X,X,X,X,X,X,X,X,X,X,X,X,X,X,X,X,X,X,2987,2987,100,1093.3,
Hana\Hana-10.153,04/11/15 - 10:00,Hana-10,3.500,1.750,4898.00,4898.00,0.04709,0.04709,4804.00,4804.00,X,27,1.05,X,912000,80.653,X,04/11/15 - 10:16,13710,8583,1083,-2001,1.9,74.8,6.294,81.15,60.7,136.4,2000.7,791318.4,31,12831,10768,11674,5360,2979,2979,100,1090.6,
Hana\Hana-10.154,04/25/15 - 10:01,Hana-10,3.500,1.750,4932.40,4932.40,0.04709,0.04709,4804.00,4804.00,X,27,1.05,X,912000,80.653,X,X,X,X,X,X,X,X,X,X,X,X,X,X,X,X,X,X,X,2472,2472,100,908.5,
Hana\Hana-10.155,05/09/15 - 08:20,Hana-10,3.500,1.750,4932.40,4932.40,0.04709,0.04709,4804.00,4804.00,X,27,1.05,X,912000,80.653,X,X,X,X,X,X,X,X,X,X,X,X,X,X,X,X,X,X,X,2474,2474,100,908.7,
Hana\Hana-10.156,05/16/15 - 09:59,Hana-10,3.500,1.750,4932.40,4932.40,0.04709,0.04709,4804.00,4804.00,X,27,1.05,X,912000,80.653,X,X,X,X,X,X,X,X,X,X,X,X,X,X,X,X,X,X,X,2574,2574,100,944.9,
Hana\Hana-10.157,05/23/15 - 09:01,Hana-10,3.500,1.750,4932.40,4932.40,0.04709,0.04709,4804.00,4804.00,X,27,1.05,X,912000,80.653,X,X,X,X,X,X,X,X,X,X,X,X,X,X,X,X,X,X,X,2356,2356,100,865.8,
Hana\Hana-10.158,05/25/15 - 10:48,Hana-10,3.500,1.750,4932.40,4932.40,0.04709,0.04709,4804.00,4804.00,X,27,1.05,X,912000,80.653,X,05/25/15 - 10:48,16964,10708,3226,-462,4.1,74.5,6.164,99.37,74.0,163.0,461.8,966157.9,0,17912,12265,14730,5398,X,X,X,X,
Hana\Hana-10.159,05/27/15 - 14:49,Hana-10,3.500,1.750,4932.40,4932.40,0.04709,0.04709,4804.00,4804.00,X,27,1.05,X,912000,101.059,X,05/27/15 - 14:49,18117,10148,3558,-610,6.8,94.9,6.164,98.99,94.0,206.8,610.4,1041653.8,0,14774,12265,13451,5398,2568,2568,100,942.6,
Hana\Hana-10.160,06/06/15 - 08:23,Hana-10,3.500,1.750,4932.40,4932.40,0.04709,0.04709,4804.00,4804.00,X,27,1.05,X,912000,101.059,X,X,X,X,X,X,X,X,X,X,X,X,X,X,X,X,X,X,X,1534,1534,100,567.5,
Hana\Hana-10.161,06/13/15 - 11:07,Hana-10,3.500,1.750,4932.40,4932.40,0.04709,0.04709,4804.00,4804.00,X,27,1.05,X,912000,101.059,X,X,X,X,X,X,X,X,X,X,X,X,X,X,X,X,X,X,X,1220,1220,100,452.7,
Hana\Hana-10.162,06/21/15 - 10:07,Hana-10,3.500,1.750,4925.00,4925.00,0.04709,0.04709,4804.00,4804.00,X,27,1.05,X,912000,101.059,X,X,X,X,X,X,X,X,X,X,X,X,X,X,X,X,X,X,X,2117,2117,100,779.6,
Hana\Hana-10.163,06/22/15 - 12:36,Hana-10,3.500,1.750,4925.00,4925.00,0.04709,0.04709,4804.00,4804.00,X,27,1.05,X,912000,101.059,X,06/22/15 - 12:36,17158,6628,1716,-1435,4.8,109.3,10.286,100.00,109.3,401.6,1435.2,964496.5,0,9843,10534,8873,5390,X,X,X,X,
Hana\Hana-10.164,07/04/15 - 12:26,Hana-10,3.500,1.750,4925.00,4925.00,0.04709,0.04709,4804.00,4804.00,X,27,1.05,X,912000,101.059,X,X,X,X,X,X,X,X,X,X,X,X,X,X,X,X,X,X,X,2694,2681,100,983.2,
Hana\Hana-10.165,07/18/15 - 08:23,Hana-10,3.500,1.750,4925.00,4925.00,0.04709,0.04709,4804.00,4804.00,X,27,1.05,X,912000,101.059,X,X,X,X,X,X,X,X,X,X,X,X,X,X,X,X,X,X,X,3198,3198,100,1171.0,
Hana\Hana-10.166,08/01/15 - 10:28,Hana-10,3.500,1.750,4925.00,4925.00,0.04709,0.04709,4804.00,4804.00,X,27,1.05,X,912000,101.059,X,X,X,X,X,X,X,X,X,X,X,X,X,X,X,X,X,X,X,999,999,100,366.8,
Hana\Hana-10.167,08/03/15 - 10:57,Hana-10,3.500,1.750,4925.00,4925.00,0.04709,0.04709,4804.00,4804.00,X,27,1.05,X,912000,101.059,X,X,X,X,X,X,X,X,X,X,X,X,X,X,X,X,X,X,X,988,988,100,367.7,
Hana\Hana-10.168,08/20/15 - 10:45,Hana-10,3.500,1.750,4925.00,4925.00,0.04709,0.04709,4804.00,4804.00,X,27,1.05,X,912000,101.059,X,X,X,X,X,X,X,X,X,X,X,X,X,X,X,X,X,X,X,1991,1991,100,734.0,
Hana\Hana-10.169,08/20/15 - 11:00,Hana-10,3.500,1.750,4925.00,4925.00,0.04709,0.04709,4804.00,4804.00,X,27,1.05,X,912000,101.059,X,08/20/15 - 11:00,20377,6848,5457,-362,12.0,102.0,9.574,99.05,101.0,345.4,361.8,1186153.2,0,12199,10534,12426,5390,X,X,X,X,
Hana\Hana-10.170,08/20/15 - 11:19,Hana-10,3.500,1.750,4925.00,4925.00,0.04709,0.04709,4804.00,4804.00,X,27,1.05,X,912000,101.059,X,X,X,X,X,X,X,X,X,X,X,X,X,X,X,19170,10534,17588,5390,X,X,X,X,
Hana\Hana-10.171,08/22/15 - 09:49,Hana-10,3.500,1.750,4925.00,4925.00,0.04709,0.04709,4804.00,4804.00,X,27,1.05,X,912000,101.059,X,X,X,X,X,X,X,X,X,X,X,X,X,X,X,X,X,X,X,3214,3214,100,1173.1,
Hana\Hana-10.172,08/28/15 - 10:28,Hana-10,3.500,1.750,4925.00,4925.00,0.04709,0.04709,4804.00,4804.00,X,27,1.05,X,912000,101.059,X,X,X,X,X,X,X,X,X,X,X,X,X,X,X,X,X,X,X,3204,3204,100,1169.9,
Hana\Hana-10.173,08/29/15 - 10:00,Hana-10,3.500,1.750,4925.00,4925.00,0.04709,0.04709,4804.00,4804.00,X,27,1.05,X,912000,101.059,X,X,X,X,X,X,X,X,X,X,X,X,X,X,X,X,X,X,X,2066,2066,100,761.0,
Hana\Hana-10.174,09/05/15 - 10:43,Hana-10,3.500,1.750,4925.00,4925.00,0.04709,0.04709,4804.00,4804.00,X,27,1.05,X,912000,101.059,X,X,X,X,X,X,X,X,X,X,X,X,X,X,X,X,X,X,X,882,882,100,328.8,
Hana\Hana-10.175,09/12/15 - 09:26,Hana-10,3.500,1.750,4925.00,4925.00,0.04709,0.04709,4804.00,4804.00,X,27,1.05,X,912000,101.059,X,X,X,X,X,X,X,X,X,X,X,X,X,X,X,X,X,X,X,869,839,96,313.3,
Hana\Hana-10.176,09/24/15 - 09:11,Hana-10,3.500,1.750,4925.00,4925.00,0.04709,0.04709,4804.00,4804.00,X,27,1.05,X,912000,101.059,X,X,X,X,X,X,X,X,X,X,X,X,X,X,X,X,X,X,X,3181,2996,94,1100.1,
Hana\Hana-10.177,09/27/15 - 08:16,Hana-10,3.500,1.750,4925.00,4925.00,0.04709,0.04709,4804.00,4804.00,X,27,1.05,X,912000,101.059,X,X,X,X,X,X,X,X,X,X,X,X,X,X,X,X,X,X,X,3188,3090,97,1133.4,
Hana\Hana-10.178,10/03/15 - 09:45,Hana-10,3.500,1.750,4925.00,4925.00,0.04709,0.04709,4804.00,4804.00,X,27,1.05,X,912000,101.059,X,X,X,X,X,X,X,X,X,X,X,X,X,X,X,X,X,X,X,818,818,100,304.9,
Hana\Hana-10.179,10/10/15 - 08:02,Hana-10,3.500,1.750,4925.00,4925.00,0.04709,0.04709,4804.00,4804.00,X,27,1.05,X,912000,101.059,X,X,X,X,X,X,X,X,X,X,X,X,X,X,X,X,X,X,X,3202,3170,99,1160.3,
Hana\Hana-10.180,10/17/15 - 14:30,Hana-10,3.500,1.750,4925.00,4925.00,0.04709,0.04709,4804.00,4804.00,X,27,1.05,X,912000,101.059,X,X,X,X,X,X,X,X,X,X,X,X,X,X,X,X,X,X,X,3184,3184,100,1189.5,
Hana\Hana-10.181,10/31/15 - 09:49,Hana-10,3.500,1.750,4925.00,4925.00,0.04709,0.04709,4804.00,4804.00,X,27,1.05,X,912000,101.059,X,X,X,X,X,X,X,X,X,X,X,X,X,X,X,X,X,X,X,1160,1160,100,430.8,
Hana\Hana-10.182,11/07/15 - 11:27,Hana-10,3.500,1.750,4925.00,4925.00,0.04709,0.04709,4804.00,4804.00,X,27,1.05,X,912000,101.059,X,X,X,X,X,X,X,X,X,X,X,X,X,X,X,X,X,X,X,1156,1144,99,425.2,
Hana\Hana-10.183,11/14/15 - 09:49,Hana-10,3.500,1.750,4925.00,4925.00,0.04709,0.04709,4804.00,4804.00,X,27,1.05,X,912000,101.059,X,X,X,X,X,X,X,X,X,X,X,X,X,X,X,X,X,X,X,1149,1149,100,427.5,
Hana\Hana-10.184,11/24/15 - 11:22,Hana-10,3.500,1.750,4925.00,4925.00,0.04709,0.04709,4804.00,4804.00,X,27,1.05,X,912000,101.059,X,X,X,X,X,X,X,X,X,X,X,X,X,X,X,X,X,X,X,898,890,99,332.0,
Hana\Hana-10.185,12/05/15 - 10:01,Hana-10,3.500,1.750,4925.00,4925.00,0.04709,0.04709,4804.00,4804.00,X,27,1.05,X,912000,101.059,X,X,X,X,X,X,X,X,X,X,X,X,X,X,X,X,X,X,X,1503,1501,100,556.0,
Hana\Hana-10.186,12/12/15 - 09:55,Hana-10,3.500,1.750,4925.00,4925.00,0.04709,0.04709,4804.00,4804.00,X,27,1.05,X,912000,101.059,X,X,X,X,X,X,X,X,X,X,X,X,X,X,X,X,X,X,X,1471,1471,100,544.8,
Hana\Hana-10.187,12/20/15 - 10:54,Hana-10,3.500,1.750,4925.00,4925.00,0.04709,0.04709,4804.00,4804.00,X,27,1.05,X,912000,101.059,X,12/20/15 - 11:14,15983,6198,838,-1782,4.0,115.2,10.976,100.00,115.2,451.7,1782.1,882278.5,34,5265,10534,7457,5390,3200,3200,100,1170.1,
Hana\Hana-10.188,12/26/15 - 11:07,Hana-10,3.500,1.750,4925.00,4925.00,0.04709,0.04709,4804.00,4804.00,X,27,1.05,X,912000,101.059,X,X,X,X,X,X,X,X,X,X,X,X,X,X,X,X,X,X,X,2433,2268,93,834.8,
Hana\Hana-11.001,11/26/12 - 14:19,Hana-11,3.500,1.250,5102.00,5102.00,0.05051,0.05051,4923.00,4923.00,X,40,1.05,X,912000,144.000,X,X,X,X,X,X,X,X,X,X,X,X,X,X,X,X,X,X,X,190,186,69,67.9,
Hana\Hana-11.002,11/26/12 - 14:34,Hana-11,3.500,1.250,5102.00,5102.00,0.05051,0.05051,4923.00,4923.00,X,40,1.05,X,912000,144.000,X,11/26/12 - 14:34,22270,4547,7905,-425,27.7,136.4,9.474,95.48,130.2,224.8,425.5,1673838.4,25,14675,9707,12118,2849,X,X,X,X,
Hana\Hana-11.003,11/28/12 - 15:19,Hana-11,3.500,1.250,5102.00,5102.00,0.05051,0.05051,4923.00,4923.00,X,40,1.05,X,912000,144.000,X,X,X,X,X,X,X,X,X,X,X,X,X,X,X,X,X,X,X,191,187,66,68.1,
Hana\Hana-11.004,12/01/12 - 07:44,Hana-11,3.500,1.250,5102.00,5102.00,0.05051,0.05051,4923.00,4923.00,X,40,1.05,X,912000,144.000,X,X,X,X,X,X,X,X,X,X,X,X,X,X,X,X,X,X,X,212,200,66,73.1,
Hana\Hana-11.005,12/05/12 - 09:51,Hana-11,3.500,1.250,5102.00,5102.00,0.05051,0.05051,4923.00,4923.00,X,40,1.05,X,912000,144.000,X,X,X,X,X,X,X,X,X,X,X,X,X,X,X,X,X,X,X,98,98,100,37.0,
Hana\Hana-11.006,12/08/12 - 07:02,Hana-11,3.500,1.250,5102.00,5102.00,0.05051,0.05051,4923.00,4923.00,X,40,1.05,X,912000,144.000,X,X,X,X,X,X,X,X,X,X,X,X,X,X,X,X,X,X,X,121,121,100,44.9,
Hana\Hana-11.007,12/12/12 - 09:48,Hana-11,3.500,1.250,5102.00,5102.00,0.05051,0.05051,4923.00,4923.00,X,40,1.05,X,912000,144.000,X,X,X,X,X,X,X,X,X,X,X,X,X,X,X,X,X,X,X,215,206,74,74.2,
Hana\Hana-11.008,12/15/12 - 08:53,Hana-11,3.500,1.250,5102.00,5102.00,0.05051,0.05051,4923.00,4923.00,X,40,1.05,X,912000,144.000,X,X,X,X,X,X,X,X,X,X,X,X,X,X,X,X,X,X,X,209,201,74,72.4,
Hana\Hana-11.009,12/19/12 - 08:23,Hana-11,3.500,1.250,5102.00,5102.00,0.05051,0.05051,4923.00,4923.00,X,40,1.05,X,912000,144.000,X,X,X,X,X,X,X,X,X,X,X,X,X,X,X,X,X,X,X,48,48,100,20.0,
Hana\Hana-11.010,12/22/12 - 14:27,Hana-11,3.500,1.250,5102.00,5102.00,0.05051,0.05051,4923.00,4923.00,X,40,1.05,X,912000,144.000,X,X,X,X,X,X,X,X,X,X,X,X,X,X,X,X,X,X,X,219,209,76,74.5,
Hana\Hana-11.011,12/26/12 - 09:51,Hana-11,3.500,1.250,5102.00,5102.00,0.05051,0.05051,4923.00,4923.00,X,40,1.05,X,912000,144.000,X,X,X,X,X,X,X,X,X,X,X,X,X,X,X,X,X,X,X,254,240,82,83.4,
Hana\Hana-11.012,12/29/12 - 08:31,Hana-11,3.500,1.250,5102.00,5102.00,0.05051,0.05051,4923.00,4923.00,X,40,1.05,X,912000,144.000,X,X,X,X,X,X,X,X,X,X,X,X,X,X,X,X,X,X,X,194,190,74,68.8,
Hana\Hana-11.013,01/02/13 - 09:47,Hana-11,3.500,1.250,5102.00,5102.00,0.05051,0.05051,4923.00,4923.00,X,40,1.05,X,912000,144.000,X,X,X,X,X,X,X,X,X,X,X,X,X,X,X,X,X,X,X,164,164,100,59.7,
Hana\Hana-11.014,01/05/13 - 07:17,Hana-11,3.500,1.250,5102.00,5102.00,0.05051,0.05051,4923.00,4923.00,X,40,1.05,X,912000,144.000,X,X,X,X,X,X,X,X,X,X,X,X,X,X,X,X,X,X,X,152,152,100,55.9,
Hana\Hana-11.015,01/09/13 - 08:29,Hana-11,3.500,1.250,5102.00,5102.00,0.05051,0.05051,4923.00,4923.00,X,40,1.05,X,912000,144.000,X,X,X,X,X,X,X,X,X,X,X,X,X,X,X,X,X,X,X,276,257,80,91.3,
Hana\Hana-11.016,01/12/13 - 08:10,Hana-11,3.500,1.250,5102.00,5102.00,0.05051,0.05051,4923.00,4923.00,X,40,1.05,X,912000,144.000,X,X,X,X,X,X,X,X,X,X,X,X,X,X,X,X,X,X,X,184,182,64,65.8,
Hana\Hana-11.017,01/16/13 - 07:42,Hana-11,3.500,1.250,5102.00,5102.00,0.05051,0.05051,4923.00,4923.00,X,40,1.05,X,912000,144.000,X,X,X,X,X,X,X,X,X,X,X,X,X,X,X,X,X,X,X,135,135,100,49.6,
Hana\Hana-11.018,01/19/13 - 07:28,Hana-11,3.500,1.250,5102.00,5102.00,0.05051,0.05051,4923.00,4923.00,X,40,1.05,X,912000,144.000,X,X,X,X,X,X,X,X,X,X,X,X,X,X,X,X,X,X,X,236,216,64,76.7,
Hana\Hana-11.019,01/23/13 - 10:24,Hana-11,3.500,1.250,5035.00,5035.00,0.05051,0.05051,4923.00,4923.00,X,25,1.05,X,912000,144.000,X,X,X,X,X,X,X,X,X,X,X,X,X,X,X,X,X,X,X,411,356,82,138.2,
Hana\Hana-11.020,01/26/13 - 09:42,Hana-11,3.500,1.250,5035.00,5035.00,0.05051,0.05051,4923.00,4923.00,X,25,1.05,X,912000,144.000,X,X,X,X,X,X,X,X,X,X,X,X,X,X,X,X,X,X,X,337,250,61,98.0,
Hana\Hana-11.021,01/30/13 - 08:29,Hana-11,3.500,1.250,5035.00,5035.00,0.05051,0.05051,4923.00,4923.00,X,25,1.05,X,912000,144.000,X,X,X,X,X,X,X,X,X,X,X,X,X,X,X,X,X,X,X,472,390,77,150.0,
Hana\Hana-11.022,02/02/13 - 08:17,Hana-11,3.500,1.250,5035.00,5035.00,0.05051,0.05051,4923.00,4923.00,X,25,1.05,X,912000,144.000,X,X,X,X,X,X,X,X,X,X,X,X,X,X,X,X,X,X,X,438,423,95,162.4,
Hana\Hana-11.023,02/09/13 - 09:29,Hana-11,3.500,1.250,5035.00,5035.00,0.05051,0.05051,4923.00,4923.00,X,25,1.05,X,912000,144.000,X,X,X,X,X,X,X,X,X,X,X,X,X,X,X,X,X,X,X,496,438,85,167.7,
Hana\Hana-11.024,02/13/13 - 09:18,Hana-11,3.500,1.250,5035.00,5035.00,0.05051,0.05051,4923.00,4923.00,X,25,1.05,X,912000,144.000,X,X,X,X,X,X,X,X,X,X,X,X,X,X,X,X,X,X,X,549,492,87,187.4,
Hana\Hana-11.025,02/16/13 - 08:37,Hana-11,3.500,1.250,5035.00,5035.00,0.05051,0.05051,4923.00,4923.00,X,25,1.05,X,912000,144.000,X,X,X,X,X,X,X,X,X,X,X,X,X,X,X,X,X,X,X,585,585,100,222.0,
Hana\Hana-11.026,02/20/13 - 09:51,Hana-11,3.500,1.250,5035.00,5035.00,0.05051,0.05051,4923.00,4923.00,X,25,1.05,X,912000,144.000,X,X,X,X,X,X,X,X,X,X,X,X,X,X,X,X,X,X,X,638,542,82,206.5,
Hana\Hana-11.027,02/27/13 - 07:44,Hana-11,3.500,2.250,5009.00,5009.00,0.05051,0.05051,4923.00,4923.00,X,24.9,1.05,X,912000,144.000,X,02/27/13 - 08:00,22133,7997,5736,-2359,21.7,136.7,9.326,93.31,127.5,702.1,2359.1,1640594.5,41,16945,12688,13296,9062,642,577,88,218.9,
Hana\Hana-11.028,03/02/13 - 07:14,Hana-11,3.500,2.250,5009.00,5009.00,0.05051,0.05051,4923.00,4923.00,X,24.9,1.05,X,912000,144.000,X,X,X,X,X,X,X,X,X,X,X,X,X,X,X,X,X,X,X,649,585,89,221.1,
Hana\Hana-11.029,03/06/13 - 08:05,Hana-11,3.500,2.250,5009.00,5009.00,0.05051,0.05051,4923.00,4923.00,X,24.9,1.05,X,912000,144.000,X,X,X,X,X,X,X,X,X,X,X,X,X,X,X,X,X,X,X,661,602,90,227.9,
Hana\Hana-11.030,03/09/13 - 08:29,Hana-11,3.500,2.250,5009.00,5009.00,0.05051,0.05051,4923.00,4923.00,X,24.9,1.05,X,912000,144.000,X,X,X,X,X,X,X,X,X,X,X,X,X,X,X,X,X,X,X,674,592,86,224.9,
Hana\Hana-11.031,03/13/13 - 08:47,Hana-11,3.500,2.250,5009.00,5009.00,0.05051,0.05051,4923.00,4923.00,X,24.9,1.05,X,912000,144.000,X,X,X,X,X,X,X,X,X,X,X,X,X,X,X,X,X,X,X,769,635,80,241.0,
Hana\Hana-11.032,03/16/13 - 14:47,Hana-11,3.500,2.250,5009.00,5009.00,0.05051,0.05051,4923.00,4923.00,X,24.9,1.05,X,912000,144.000,X,X,X,X,X,X,X,X,X,X,X,X,X,X,X,X,X,X,X,807,665,80,232.3,
Hana\Hana-11.033,03/20/13 - 08:03,Hana-11,3.500,2.250,5009.00,5009.00,0.05051,0.05051,4923.00,4923.00,X,24.9,1.05,X,912000,144.000,X,X,X,X,X,X,X,X,X,X,X,X,X,X,X,X,X,X,X,935,935,100,352.6,
Hana\Hana-11.034,03/30/13 - 07:00,Hana-11,3.500,2.250,5009.00,5009.00,0.05051,0.05051,4923.00,4923.00,X,24.9,1.05,X,912000,144.000,X,X,X,X,X,X,X,X,X,X,X,X,X,X,X,X,X,X,X,1153,899,76,339.7,
Hana\Hana-11.035,04/03/13 - 14:25,Hana-11,3.500,2.250,5009.00,5009.00,0.05051,0.05051,4923.00,4923.00,X,24.9,1.05,X,912000,144.000,X,X,X,X,X,X,X,X,X,X,X,X,X,X,X,X,X,X,X,1162,1162,100,443.5,
Hana\Hana-11.036,04/03/13 - 14:33,Hana-11,3.500,2.250,5009.00,5009.00,0.05051,0.05051,4923.00,4923.00,X,24.9,1.05,X,912000,144.000,X,04/03/13 - 14:33,20170,8646,3841,-2495,18.3,141.9,9.375,93.56,132.8,734.8,2494.9,1464491.1,0,11645,12688,12688,9062,X,X,X,X,
Hana\Hana-11.037,04/06/13 - 08:49,Hana-11,3.500,2.250,5009.00,5009.00,0.05051,0.05051,4923.00,4923.00,X,24.9,1.05,X,912000,144.000,X,X,X,X,X,X,X,X,X,X,X,X,X,X,X,X,X,X,X,1313,1313,100,495.2,
Hana\Hana-11.038,04/10/13 - 07:51,Hana-11,3.500,2.250,5009.00,5009.00,0.05051,0.05051,4923.00,4923.00,X,24.9,1.05,X,912000,144.000,X,X,X,X,X,X,X,X,X,X,X,X,X,X,X,X,X,X,X,1318,1318,100,497.4,
Hana\Hana-11.039,04/13/13 - 08:03,Hana-11,3.500,2.250,5009.00,5009.00,0.05051,0.05051,4923.00,4923.00,X,24.9,1.05,X,912000,144.000,X,X,X,X,X,X,X,X,X,X,X,X,X,X,X,X,X,X,X,1285,1285,100,485.4,
Hana\Hana-11.040,04/20/13 - 14:22,Hana-11,3.500,2.250,5009.00,5009.00,0.05051,0.05051,4923.00,4923.00,X,24.9,1.05,X,912000,144.000,X,X,X,X,X,X,X,X,X,X,X,X,X,X,X,X,X,X,X,1294,1125,86,427.0,
Hana\Hana-11.041,04/24/13 - 13:57,Hana-11,3.500,2.250,5009.00,5009.00,0.05051,0.05051,4923.00,4923.00,X,24.9,1.05,X,912000,144.000,X,X,X,X,X,X,X,X,X,X,X,X,X,X,X,X,X,X,X,1278,1278,100,483.3,
Hana\Hana-11.042,04/27/13 - 08:58,Hana-11,3.500,2.250,5009.00,5009.00,0.05051,0.05051,4923.00,4923.00,X,24.9,1.05,X,912000,144.000,X,X,X,X,X,X,X,X,X,X,X,X,X,X,X,X,X,X,X,1278,1278,100,484.0,
Hana\Hana-11.043,05/01/13 - 08:35,Hana-11,3.500,2.250,5009.00,5009.00,0.05051,0.05051,4923.00,4923.00,X,24.9,1.05,X,912000,144.000,X,X,X,X,X,X,X,X,X,X,X,X,X,X,X,X,X,X,X,1280,1202,93,453.5,
Hana\Hana-11.044,05/04/13 - 09:13,Hana-11,3.500,2.250,5009.00,5009.00,0.05051,0.05051,4923.00,4923.00,X,24.9,1.05,X,912000,144.000,X,X,X,X,X,X,X,X,X,X,X,X,X,X,X,X,X,X,X,1247,1125,90,424.4,
Hana\Hana-11.045,05/08/13 - 09:57,Hana-11,3.500,2.250,5009.00,5009.00,0.05051,0.05051,4923.00,4923.00,X,24.9,1.05,X,912000,144.000,X,X,X,X,X,X,X,X,X,X,X,X,X,X,X,X,X,X,X,1268,1212,95,456.2,
Hana\Hana-11.046,05/11/13 - 07:36,Hana-11,3.500,2.250,5009.00,5009.00,0.05051,0.05051,4923.00,4923.00,X,24.9,1.05,X,912000,144.000,X,X,X,X,X,X,X,X,X,X,X,X,X,X,X,X,X,X,X,1263,1091,85,411.9,
Hana\Hana-11.047,05/15/13 - 08:41,Hana-11,3.500,2.250,5009.00,5009.00,0.05051,0.05051,4923.00,4923.00,X,24.9,1.05,X,912000,144.000,X,X,X,X,X,X,X,X,X,X,X,X,X,X,X,X,X,X,X,1256,1256,100,473.2,
Hana\Hana-11.048,05/18/13 - 06:57,Hana-11,3.500,2.250,5009.00,5009.00,0.05051,0.05051,4923.00,4923.00,X,24.9,1.05,X,912000,144.000,X,X,X,X,X,X,X,X,X,X,X,X,X,X,X,X,X,X,X,1248,1248,100,470.1,
Hana\Hana-11.049,05/22/13 - 09:35,Hana-11,3.500,2.250,5009.00,5009.00,0.05051,0.05051,4923.00,4923.00,X,24.9,1.05,X,912000,144.000,X,X,X,X,X,X,X,X,X,X,X,X,X,X,X,X,X,X,X,1229,1229,100,464.5,
Hana\Hana-11.050,05/26/13 - 16:19,Hana-11,3.500,2.250,5009.00,5009.00,0.05051,0.05051,4923.00,4923.00,X,24.9,1.05,X,912000,144.000,X,X,X,X,X,X,X,X,X,X,X,X,X,X,X,X,X,X,X,1317,1317,100,493.3,
Hana\Hana-11.051,06/01/13 - 08:21,Hana-11,3.500,2.250,5009.00,5009.00,0.05051,0.05051,4923.00,4923.00,X,24.9,1.05,X,912000,144.000,X,X,X,X,X,X,X,X,X,X,X,X,X,X,X,X,X,X,X,1239,1239,100,461.9,
Hana\Hana-11.052,06/05/13 - 07:46,Hana-11,3.500,2.250,5009.00,5009.00,0.05051,0.05051,4923.00,4923.00,X,24.9,1.05,X,912000,144.000,X,X,X,X,X,X,X,X,X,X,X,X,X,X,X,X,X,X,X,1292,1139,87,424.0,
Hana\Hana-11.053,06/08/13 - 07:04,Hana-11,3.500,2.250,5009.00,5009.00,0.05051,0.05051,4923.00,4923.00,X,24.9,1.05,X,912000,144.000,X,X,X,X,X,X,X,X,X,X,X,X,X,X,X,X,X,X,X,1323,1013,75,376.1,
Hana\Hana-11.054,06/12/13 - 13:25,Hana-11,3.500,2.250,5009.00,5009.00,0.05051,0.05051,4923.00,4923.00,X,24.9,1.05,X,912000,144.000,X,X,X,X,X,X,X,X,X,X,X,X,X,X,X,X,X,X,X,1357,1357,100,515.4,
Hana\Hana-11.055,06/15/13 - 08:19,Hana-11,3.500,2.250,5009.00,5009.00,0.05051,0.05051,4923.00,4923.00,X,24.9,1.05,X,912000,144.000,X,X,X,X,X,X,X,X,X,X,X,X,X,X,X,X,X,X,X,1419,1419,100,533.4,
Hana\Hana-11.056,06/19/13 - 08:10,Hana-11,3.500,2.250,5009.00,5009.00,0.05051,0.05051,4923.00,4923.00,X,24.9,1.05,X,912000,144.000,X,X,X,X,X,X,X,X,X,X,X,X,X,X,X,X,X,X,X,1343,1343,100,507.1,
Hana\Hana-11.057,06/22/13 - 06:01,Hana-11,3.500,2.250,5009.00,5009.00,0.05051,0.05051,4923.00,4923.00,X,24.9,1.05,X,912000,144.000,X,X,X,X,X,X,X,X,X,X,X,X,X,X,X,X,X,X,X,1343,1343,100,504.6,
Hana\Hana-11.058,06/26/13 - 13:34,Hana-11,3.500,2.250,5009.00,5009.00,0.05051,0.05051,4923.00,4923.00,X,24.9,1.05,X,912000,144.000,X,X,X,X,X,X,X,X,X,X,X,X,X,X,X,X,X,X,X,1342,1342,100,507.3,
Hana\Hana-11.059,06/29/13 - 08:22,Hana-11,3.500,2.250,5009.00,5009.00,0.05051,0.05051,4923.00,4923.00,X,24.9,1.05,X,912000,144.000,X,X,X,X,X,X,X,X,X,X,X,X,X,X,X,X,X,X,X,1336,1336,100,503.2,
Hana\Hana-11.060,07/03/13 - 08:43,Hana-11,3.500,2.250,5009.00,5009.00,0.05051,0.05051,4923.00,4923.00,X,24.9,1.05,X,912000,144.000,X,X,X,X,X,X,X,X,X,X,X,X,X,X,X,X,X,X,X,1323,1095,82,413.2,
Hana\Hana-11.061,07/10/13 - 07:56,Hana-11,3.500,2.250,5009.00,5009.00,0.05051,0.05051,4923.00,4923.00,X,24.9,1.05,X,912000,144.000,X,X,X,X,X,X,X,X,X,X,X,X,X,X,X,X,X,X,X,1292,1058,81,399.6,
Hana\Hana-11.062,07/13/13 - 08:02,Hana-11,3.500,2.250,5009.00,5009.00,0.05051,0.05051,4923.00,4923.00,X,24.9,1.05,X,912000,144.000,X,X,X,X,X,X,X,X,X,X,X,X,X,X,X,X,X,X,X,1288,1288,100,485.9,
Hana\Hana-11.063,07/17/13 - 08:51,Hana-11,3.500,2.250,5009.00,5009.00,0.05051,0.05051,4923.00,4923.00,X,24.9,1.05,X,912000,144.000,X,X,X,X,X,X,X,X,X,X,X,X,X,X,X,X,X,X,X,1270,1270,100,479.8,
Hana\Hana-11.064,07/20/13 - 10:31,Hana-11,3.500,2.250,5009.00,5009.00,0.05051,0.05051,4923.00,4923.00,X,24.9,1.05,X,912000,144.000,X,X,X,X,X,X,X,X,X,X,X,X,X,X,X,X,X,X,X,1250,988,77,373.9,
Hana\Hana-11.065,07/24/13 - 08:38,Hana-11,3.500,2.250,5009.00,5009.00,0.05051,0.05051,4923.00,4923.00,X,24.9,1.05,X,912000,144.000,X,X,X,X,X,X,X,X,X,X,X,X,X,X,X,X,X,X,X,1237,1237,100,464.6,
Hana\Hana-11.066,07/27/13 - 12:58,Hana-11,3.500,2.250,5009.00,5009.00,0.05051,0.05051,4923.00,4923.00,X,24.9,1.05,X,912000,144.000,X,X,X,X,X,X,X,X,X,X,X,X,X,X,X,X,X,X,X,1301,1301,100,490.6,
Hana\Hana-11.067,07/31/13 - 08:27,Hana-11,3.500,2.250,5009.00,5009.00,0.05051,0.05051,4923.00,4923.00,X,24.9,1.05,X,912000,144.000,X,X,X,X,X,X,X,X,X,X,X,X,X,X,X,X,X,X,X,1239,1239,100,467.2,
Hana\Hana-11.068,08/03/13 - 08:33,Hana-11,3.500,2.250,5009.00,5009.00,0.05051,0.05051,4923.00,4923.00,X,24.9,1.05,X,912000,144.000,X,X,X,X,X,X,X,X,X,X,X,X,X,X,X,X,X,X,X,1236,1229,99,463.5,
Hana\Hana-11.069,08/07/13 - 08:50,Hana-11,3.500,2.250,5009.00,5009.00,0.05051,0.05051,4923.00,4923.00,X,24.9,1.05,X,912000,144.000,X,X,X,X,X,X,X,X,X,X,X,X,X,X,X,X,X,X,X,1221,1221,100,460.5,
Hana\Hana-11.070,08/10/13 - 08:58,Hana-11,3.500,2.250,5009.00,5009.00,0.05051,0.05051,4923.00,4923.00,X,24.9,1.05,X,912000,144.000,X,X,X,X,X,X,X,X,X,X,X,X,X,X,X,X,X,X,X,1217,1217,100,458.8,
Hana\Hana-11.071,08/14/13 - 09:00,Hana-11,3.500,2.250,5009.00,5009.00,0.05051,0.05051,4923.00,4923.00,X,24.9,1.05,X,912000,144.000,X,X,X,X,X,X,X,X,X,X,X,X,X,X,X,X,X,X,X,1221,1221,100,460.4,
Hana\Hana-11.072,08/17/13 - 09:14,Hana-11,3.500,2.250,5009.00,5009.00,0.05051,0.05051,4923.00,4923.00,X,24.9,1.05,X,912000,144.000,X,X,X,X,X,X,X,X,X,X,X,X,X,X,X,X,X,X,X,1225,1225,100,461.8,
Hana\Hana-11.073,08/21/13 - 09:31,Hana-11,3.500,2.250,5009.00,5009.00,0.05051,0.05051,4923.00,4923.00,X,24.9,1.05,X,912000,144.000,X,X,X,X,X,X,X,X,X,X,X,X,X,X,X,X,X,X,X,1225,1225,100,462.2,
Hana\Hana-11.074,08/24/13 - 08:53,Hana-11,3.500,2.250,5009.00,5009.00,0.05051,0.05051,4923.00,4923.00,X,24.9,1.05,X,912000,144.000,X,X,X,X,X,X,X,X,X,X,X,X,X,X,X,X,X,X,X,1206,1186,98,447.6,
Hana\Hana-11.075,08/28/13 - 08:40,Hana-11,3.500,2.250,5009.00,5009.00,0.05051,0.05051,4923.00,4923.00,X,24.9,1.05,X,912000,144.000,X,X,X,X,X,X,X,X,X,X,X,X,X,X,X,X,X,X,X,1176,1176,100,443.5,
Hana\Hana-11.076,08/31/13 - 08:16,Hana-11,3.500,2.250,5009.00,5009.00,0.05051,0.05051,4923.00,4923.00,X,24.9,1.05,X,912000,144.000,X,X,X,X,X,X,X,X,X,X,X,X,X,X,X,X,X,X,X,1172,1172,100,442.3,
Hana\Hana-11.077,09/04/13 - 07:53,Hana-11,3.500,2.250,5009.00,5009.00,0.05051,0.05051,4923.00,4923.00,X,24.9,1.05,X,912000,144.000,X,X,X,X,X,X,X,X,X,X,X,X,X,X,X,X,X,X,X,1167,1167,100,440.6,
Hana\Hana-11.078,09/07/13 - 09:00,Hana-11,3.500,2.250,5009.00,5009.00,0.05051,0.05051,4923.00,4923.00,X,24.9,1.05,X,912000,144.000,X,X,X,X,X,X,X,X,X,X,X,X,X,X,X,X,X,X,X,1163,968,82,366.1,
Hana\Hana-11.079,09/11/13 - 09:34,Hana-11,3.500,2.250,5009.00,5009.00,0.05051,0.05051,4923.00,4923.00,X,24.9,1.05,X,912000,144.000,X,X,X,X,X,X,X,X,X,X,X,X,X,X,X,X,X,X,X,1168,1168,100,440.7,
Hana\Hana-11.080,09/14/13 - 10:21,Hana-11,3.500,2.250,5009.00,5009.00,0.05051,0.05051,4923.00,4923.00,X,24.9,1.05,X,912000,144.000,X,X,X,X,X,X,X,X,X,X,X,X,X,X,X,X,X,X,X,1172,1172,100,442.8,
Hana\Hana-11.081,09/18/13 - 09:21,Hana-11,3.500,2.250,5009.00,5009.00,0.05051,0.05051,4923.00,4923.00,X,24.9,1.05,X,912000,144.000,X,X,X,X,X,X,X,X,X,X,X,X,X,X,X,X,X,X,X,1175,1175,100,444.1,
Hana\Hana-11.082,09/21/13 - 09:09,Hana-11,3.500,2.250,5009.00,5009.00,0.05051,0.05051,4923.00,4923.00,X,24.9,1.05,X,912000,144.000,X,X,X,X,X,X,X,X,X,X,X,X,X,X,X,X,X,X,X,1180,1180,100,445.3,
Hana\Hana-11.083,09/25/13 - 07:12,Hana-11,3.500,2.250,5009.00,5009.00,0.05051,0.05051,4923.00,4923.00,X,24.9,1.05,X,912000,144.000,X,X,X,X,X,X,X,X,X,X,X,X,X,X,X,X,X,X,X,1200,1200,100,453.9,
Hana\Hana-11.084,09/28/13 - 07:55,Hana-11,3.500,2.250,5009.00,5009.00,0.05051,0.05051,4923.00,4923.00,X,24.9,1.05,X,912000,144.000,X,X,X,X,X,X,X,X,X,X,X,X,X,X,X,X,X,X,X,1297,1297,100,487.0,
Hana\Hana-11.085,10/02/13 - 09:34,Hana-11,3.500,2.250,5009.00,5009.00,0.05051,0.05051,4923.00,4923.00,X,24.9,1.05,X,912000,144.000,X,X,X,X,X,X,X,X,X,X,X,X,X,X,X,X,X,X,X,1176,1176,100,444.2,
Hana\Hana-11.086,10/05/13 - 08:49,Hana-11,3.500,2.250,5009.00,5009.00,0.05051,0.05051,4923.00,4923.00,X,24.9,1.05,X,912000,144.000,X,X,X,X,X,X,X,X,X,X,X,X,X,X,X,X,X,X,X,1174,1174,100,442.3,
Hana\Hana-11.087,10/09/13 - 07:37,Hana-11,3.500,2.250,5009.00,5009.00,0.05051,0.05051,4923.00,4923.00,X,24.9,1.05,X,912000,144.000,X,X,X,X,X,X,X,X,X,X,X,X,X,X,X,X,X,X,X,1168,1168,100,440.8,
Hana\Hana-11.088,10/12/13 - 08:03,Hana-11,3.500,2.250,5009.00,5009.00,0.05051,0.05051,4923.00,4923.00,X,24.9,1.05,X,912000,144.000,X,X,X,X,X,X,X,X,X,X,X,X,X,X,X,X,X,X,X,1173,1173,100,442.8,
Hana\Hana-11.089,10/16/13 - 09:29,Hana-11,3.500,2.250,5009.00,5009.00,0.05051,0.05051,4923.00,4923.00,X,24.9,1.05,X,912000,144.000,X,X,X,X,X,X,X,X,X,X,X,X,X,X,X,X,X,X,X,1192,1083,90,409.1,
Hana\Hana-11.090,10/23/13 - 09:15,Hana-11,3.500,2.250,5009.00,5009.00,0.05051,0.05051,4923.00,4923.00,X,24.9,1.05,X,912000,144.000,X,X,X,X,X,X,X,X,X,X,X,X,X,X,X,X,X,X,X,1191,1191,100,448.8,
Hana\Hana-11.091,10/26/13 - 08:38,Hana-11,3.500,2.250,5009.00,5009.00,0.05051,0.05051,4923.00,4923.00,X,24.9,1.05,X,912000,144.000,X,X,X,X,X,X,X,X,X,X,X,X,X,X,X,X,X,X,X,1196,1196,100,450.7,
Hana\Hana-11.092,10/30/13 - 13:27,Hana-11,3.500,2.250,5009.00,5009.00,0.05051,0.05051,4923.00,4923.00,X,24.9,1.05,X,912000,144.000,X,X,X,X,X,X,X,X,X,X,X,X,X,X,X,X,X,X,X,1233,1233,100,464.1,
Hana\Hana-11.093,11/02/13 - 08:33,Hana-11,3.500,2.250,5009.00,5009.00,0.05051,0.05051,4923.00,4923.00,X,24.9,1.05,X,912000,144.000,X,X,X,X,X,X,X,X,X,X,X,X,X,X,X,X,X,X,X,1208,1208,100,454.3,
Hana\Hana-11.094,11/06/13 - 09:17,Hana-11,3.500,2.250,5009.00,5009.00,0.05051,0.05051,4923.00,4923.00,X,24.9,1.05,X,912000,144.000,X,X,X,X,X,X,X,X,X,X,X,X,X,X,X,X,X,X,X,1133,1133,100,426.6,
Hana\Hana-11.095,11/09/13 - 09:21,Hana-11,3.500,2.250,5009.00,5009.00,0.05051,0.05051,4923.00,4923.00,X,24.9,1.05,X,912000,144.000,X,X,X,X,X,X,X,X,X,X,X,X,X,X,X,X,X,X,X,1104,1104,100,416.2,
Hana\Hana-11.096,11/13/13 - 09:52,Hana-11,3.500,2.250,5009.00,5009.00,0.05051,0.05051,4923.00,4923.00,X,24.9,1.05,X,912000,144.000,X,X,X,X,X,X,X,X,X,X,X,X,X,X,X,X,X,X,X,1061,1002,94,378.6,
Hana\Hana-11.097,11/16/13 - 09:30,Hana-11,3.500,2.250,5009.00,5009.00,0.05051,0.05051,4923.00,4923.00,X,24.9,1.05,X,912000,144.000,X,X,X,X,X,X,X,X,X,X,X,X,X,X,X,X,X,X,X,1010,1010,100,381.1,
Hana\Hana-11.098,11/20/13 - 09:02,Hana-11,3.500,2.250,5009.00,5009.00,0.05051,0.05051,4923.00,4923.00,X,24.9,1.05,X,912000,144.000,X,X,X,X,X,X,X,X,X,X,X,X,X,X,X,X,X,X,X,997,997,100,375.8,
Hana\Hana-11.099,11/23/13 - 13:31,Hana-11,3.500,2.250,5009.00,5009.00,0.05051,0.05051,4923.00,4923.00,X,24.9,1.05,X,912000,144.000,X,X,X,X,X,X,X,X,X,X,X,X,X,X,X,X,X,X,X,972,829,84,312.5,
Hana\Hana-11.100,11/27/13 - 11:08,Hana-11,3.500,2.250,5009.00,5009.00,0.05051,0.05051,4923.00,4923.00,X,24.9,1.05,X,912000,144.000,X,X,X,X,X,X,X,X,X,X,X,X,X,X,X,X,X,X,X,1083,1083,100,407.2,
Hana\Hana-11.101,11/30/13 - 14:30,Hana-11,3.500,2.250,5009.00,5009.00,0.05051,0.05051,4923.00,4923.00,X,24.9,1.05,X,912000,144.000,X,X,X,X,X,X,X,X,X,X,X,X,X,X,X,X,X,X,X,X,X,100,413.9,
Hana\Hana-11.102,12/04/13 - 10:18,Hana-11,3.500,2.250,5009.00,5009.00,0.05051,0.05051,4923.00,4923.00,X,24.9,1.05,X,912000,144.000,X,X,X,X,X,X,X,X,X,X,X,X,X,X,X,X,X,X,X,860,749,86,281.9,
Hana\Hana-11.103,12/07/13 - 10:50,Hana-11,3.500,2.250,5009.00,5009.00,0.05051,0.05051,4923.00,4923.00,X,24.9,1.05,X,912000,144.000,X,X,X,X,X,X,X,X,X,X,X,X,X,X,X,X,X,X,X,873,813,92,304.1,
Hana\Hana-11.104,12/11/13 - 10:43,Hana-11,3.500,2.250,5009.00,5009.00,0.05051,0.05051,4923.00,4923.00,X,24.9,1.05,X,912000,144.000,X,X,X,X,X,X,X,X,X,X,X,X,X,X,X,X,X,X,X,872,633,70,236.6,
Hana\Hana-11.105,12/14/13 - 10:03,Hana-11,3.500,2.250,5009.00,5009.00,0.05051,0.05051,4923.00,4923.00,X,24.9,1.05,X,912000,144.000,X,X,X,X,X,X,X,X,X,X,X,X,X,X,X,X,X,X,X,782,609,75,227.7,
Hana\Hana-11.106,12/18/13 - 09:51,Hana-11,3.500,2.250,5009.00,5009.00,0.05051,0.05051,4923.00,4923.00,X,24.9,1.05,X,912000,144.000,X,X,X,X,X,X,X,X,X,X,X,X,X,X,X,X,X,X,X,795,637,78,238.1,
Hana\Hana-11.107,12/19/13 - 16:01,Hana-11,3.500,2.250,5009.00,5009.00,0.05051,0.05051,4923.00,4923.00,X,24.9,1.05,X,912000,144.000,X,X,X,X,X,X,X,X,X,X,X,X,X,X,X,X,X,X,X,661,577,85,264.5,
Hana\Hana-11.108,12/21/13 - 09:53,Hana-11,3.500,2.250,5009.00,5009.00,0.05051,0.05051,4923.00,4923.00,X,24.9,1.05,X,912000,144.000,X,X,X,X,X,X,X,X,X,X,X,X,X,X,X,X,X,X,X,12,12,100,187.9,
Hana\Hana-11.109,12/22/13 - 14:42,Hana-11,3.500,2.250,5009.00,5009.00,0.05051,0.05051,4923.00,4923.00,X,24.9,1.05,X,912000,144.000,X,X,X,X,X,X,X,X,X,X,X,X,X,X,X,X,X,X,X,117,117,100,228.3,
Hana\Hana-11.110,12/25/13 - 14:11,Hana-11,3.500,2.250,5009.00,5009.00,0.05051,0.05051,4923.00,4923.00,X,24.9,1.05,X,912000,144.000,X,X,X,X,X,X,X,X,X,X,X,X,X,X,X,X,X,X,X,134,116,64,229.3,
Hana\Hana-11.111,12/28/13 - 14:55,Hana-11,3.500,2.250,5009.00,5009.00,0.05051,0.05051,4923.00,4923.00,X,24.9,1.05,X,912000,144.000,X,X,X,X,X,X,X,X,X,X,X,X,X,X,X,X,X,X,X,664,594,88,226.0,
Hana\Hana-11.112,01/04/14 - 09:42,Hana-11,3.500,2.250,5009.00,5009.00,0.05051,0.05051,4923.00,4923.00,X,24.9,1.05,X,912000,144.000,X,X,X,X,X,X,X,X,X,X,X,X,X,X,X,X,X,X,X,796,772,97,287.2,
Hana\Hana-11.113,01/08/14 - 14:41,Hana-11,3.500,2.250,5009.00,5009.00,0.05051,0.05051,4923.00,4923.00,X,24.9,1.05,X,912000,144.000,X,X,X,X,X,X,X,X,X,X,X,X,X,X,X,X,X,X,X,605,605,100,223.2,
Hana\Hana-11.114,01/11/14 - 11:00,Hana-11,3.500,2.250,5009.00,5009.00,0.05051,0.05051,4923.00,4923.00,X,24.9,1.05,X,912000,144.000,X,X,X,X,X,X,X,X,X,X,X,X,X,X,X,X,X,X,X,690,561,79,208.5,
Hana\Hana-11.115,01/18/14 - 08:31,Hana-11,3.500,2.250,5009.00,5009.00,0.05051,0.05051,4923.00,4923.00,X,24.9,1.05,X,912000,144.000,X,X,X,X,X,X,X,X,X,X,X,X,X,X,X,X,X,X,X,671,524,75,196.9,
Hana\Hana-11.116,01/25/14 - 14:04,Hana-11,3.500,2.250,5009.00,5009.00,0.05051,0.05051,4923.00,4923.00,X,24.9,1.05,X,912000,144.000,X,X,X,X,X,X,X,X,X,X,X,X,X,X,X,X,X,X,X,615,464,71,175.4,
Hana\Hana-11.117,02/08/14 - 14:07,Hana-11,3.500,2.250,5009.00,5009.00,0.05051,0.05051,4923.00,4923.00,X,24.9,1.05,X,912000,144.000,X,X,X,X,X,X,X,X,X,X,X,X,X,X,X,X,X,X,X,436,361,79,136.7,
Hana\Hana-11.118,02/15/14 - 08:27,Hana-11,3.500,2.250,5009.00,5009.00,0.05051,0.05051,4923.00,4923.00,X,24.9,1.05,X,912000,144.000,X,X,X,X,X,X,X,X,X,X,X,X,X,X,X,X,X,X,X,460,391,82,147.3,
Hana\Hana-11.119,02/22/14 - 11:06,Hana-11,3.500,2.250,5009.00,5009.00,0.05051,0.05051,4923.00,4923.00,X,24.9,1.05,X,912000,144.000,X,X,X,X,X,X,X,X,X,X,X,X,X,X,X,X,X,X,X,437,373,82,123.6,
Hana\Hana-11.120,03/01/14 - 10:30,Hana-11,3.500,2.250,5009.00,5009.00,0.05051,0.05051,4923.00,4923.00,X,24.9,1.05,X,912000,144.000,X,X,X,X,X,X,X,X,X,X,X,X,X,X,X,X,X,X,X,457,396,83,132.1,
Hana\Hana-11.121,03/08/14 - 09:42,Hana-11,3.500,2.250,5009.00,5009.00,0.05051,0.05051,4923.00,4923.00,X,24.9,1.05,X,912000,144.000,X,X,X,X,X,X,X,X,X,X,X,X,X,X,X,X,X,X,X,429,357,79,117.9,
Hana\Hana-11.122,03/15/14 - 09:49,Hana-11,3.500,2.250,5009.00,5009.00,0.05051,0.05051,4923.00,4923.00,X,24.9,1.05,X,912000,144.000,X,X,X,X,X,X,X,X,X,X,X,X,X,X,X,X,X,X,X,411,369,87,140.6,
Hana\Hana-11.123,03/22/14 - 10:03,Hana-11,3.500,2.250,5009.00,5009.00,0.05051,0.05051,4923.00,4923.00,X,24.9,1.05,X,912000,144.000,X,X,X,X,X,X,X,X,X,X,X,X,X,X,X,X,X,X,X,438,395,88,150.2,
Hana\Hana-11.124,03/29/14 - 08:27,Hana-11,3.500,2.250,5009.00,5009.00,0.05051,0.05051,4923.00,4923.00,X,24.9,1.05,X,912000,144.000,X,X,X,X,X,X,X,X,X,X,X,X,X,X,X,X,X,X,X,501,425,82,160.5,
Hana\Hana-11.125,04/05/14 - 14:29,Hana-11,3.500,2.250,5009.00,5009.00,0.05051,0.05051,4923.00,4923.00,X,24.9,1.05,X,912000,144.000,X,X,X,X,X,X,X,X,X,X,X,X,X,X,X,X,X,X,X,568,516,89,196.3,
Hana\Hana-11.126,04/12/14 - 08:44,Hana-11,3.500,2.250,5009.00,5009.00,0.05051,0.05051,4923.00,4923.00,X,24.9,1.05,X,912000,144.000,X,X,X,X,X,X,X,X,X,X,X,X,X,X,X,X,X,X,X,470,428,89,161.6,
Hana\Hana-11.127,05/24/14 - 07:23,Hana-11,3.500,2.250,5009.00,5009.00,0.05051,0.05051,4923.00,4923.00,X,24.9,1.05,X,912000,144.000,X,X,X,X,X,X,X,X,X,X,X,X,X,X,X,X,X,X,X,380,380,100,143.4,
Hana\Hana-11.128,05/31/14 - 09:25,Hana-11,3.500,2.250,5009.00,5009.00