Well,Date,Well,Tubing OD (in),Plunger Diameter (in),Pump Intake Depth (ft),Pump Intake Depth TVD (ft),Damp Up,Damp Down,Formation Depth (ft),Formation Depth TVD (ft),Tubing Pressure (psi (g)),Oil API (deg.API),Water Specific Gravity (Sp.Gr.H2O),Gas Specific Gravity (Sp.Gr.AIR),Gearbox Rating (in-lb),Measured Stroke Length (in),Rated HP (HP),Dynamometer Date,PPRL (lb),MPRL (lb),PPMPL (lb),MPMPL (lb),Polished Rod Power (HP),Plunger Stroke (in),SPM (spm),Pump Volumetric Fillage (%),Effective Plunger Stroke (in),Pump Displacement (BBL/D),Unaccounted Friction (lb),Gearbox Peak Existing (in-lb),Stroke,Measured Load TV (lbf),Calculate Buoyant Rod Weight (lbf),Measured Load SV (lbf),Calc. Fluid Load (lbf),Total Gaseous Liquid Column HT (TVD) (ft),Equivalent Gas Free Liquid HT (TVD) (ft),-876888990quid (%),Pump Intake Pressure (psi (g)),
H E-1X,02/03/17 - 13:26,H E-1X,3.500,2.250,4914.70,4914.70,0.05,0.05,5098.43,5098.43,X,20,1.15,X,456000,68.000,75,X,X,X,X,X,X,X,X,X,X,X,X,X,X,X,X,X,X,1578,1578,100,616.2,
H E-1X,02/03/17 - 13:32,H E-1X,3.500,2.250,4914.70,4914.70,0.05,0.05,5098.43,5098.43,X,20,1.15,X,456000,68.000,75,X,X,X,X,X,X,X,X,X,X,X,X,X,X,X,X,X,X,X,X,100,1.3,
H E-1X,02/16/17 - 15:16,H E-1X,3.500,2.250,4914.70,4914.70,0.05,0.05,5098.43,5098.43,X,20,1.15,X,456000,68.000,75,X,X,X,X,X,X,X,X,X,X,X,X,X,X,X,X,X,X,690,667,97,261.2,
H E-1X,02/26/17 - 10:56,H E-1X,3.500,2.250,4914.70,4914.70,0.05,0.05,5098.43,5098.43,X,20,1.15,X,456000,68.000,75,X,X,X,X,X,X,X,X,X,X,X,X,X,X,X,X,X,X,1514,1506,100,599.9,
H E-1X,03/02/17 - 08:04,H E-1X,3.500,2.250,4914.70,4914.70,0.05,0.05,5098.43,5098.43,X,20,1.15,X,456000,68.000,75,X,X,X,X,X,X,X,X,X,X,X,X,X,X,X,X,X,X,688,688,100,280.3,
H E-1X,03/02/17 - 08:12,H E-1X,3.500,2.250,4914.70,4914.70,0.05,0.05,5098.43,5098.43,X,20,1.15,X,456000,68.000,75,X,X,X,X,X,X,X,X,X,X,X,X,X,X,X,X,X,X,2072,1950,94,768.8,
H E-1X,03/04/17 - 12:26,H E-1X,3.500,2.250,4914.70,4914.70,0.05,0.05,5098.43,5098.43,X,20,1.15,X,456000,68.000,75,X,X,X,X,X,X,X,X,X,X,X,X,X,X,X,X,X,X,699,626,90,245.6,
H E-1X,03/05/17 - 10:53,H E-1X,3.500,2.250,4914.70,4914.70,0.05,0.05,5098.43,5098.43,X,20,1.15,X,456000,68.000,75,X,X,X,X,X,X,X,X,X,X,X,X,X,X,X,X,X,X,686,589,86,231.1,
H E-1X,03/09/17 - 09:01,H E-1X,3.500,2.250,4914.70,4914.70,0.05,0.05,5098.43,5098.43,X,20,1.15,X,456000,68.000,75,X,X,X,X,X,X,X,X,X,X,X,X,X,X,X,X,X,X,676,676,100,265.8,
H E-1X,03/15/17 - 08:00,H E-1X,3.500,2.250,4914.70,4914.70,0.05,0.05,5098.43,5098.43,X,20,1.15,X,456000,68.000,75,X,X,X,X,X,X,X,X,X,X,X,X,X,X,X,X,X,X,1508,1508,100,589.5,
H E-1X,03/16/17 - 10:37,H E-1X,3.500,2.250,4914.70,4914.70,0.05,0.05,5098.43,5098.43,X,20,1.15,X,456000,68.000,75,X,X,X,X,X,X,X,X,X,X,X,X,X,X,X,X,X,X,1502,1502,100,586.9,
H E-1X,03/21/17 - 11:03,H E-1X,3.500,2.250,4914.70,4914.70,0.05,0.05,5098.43,5098.43,X,20,1.15,X,456000,68.000,75,X,X,X,X,X,X,X,X,X,X,X,X,X,X,X,X,X,X,691,594,86,233.1,
H E-1X,04/05/17 - 16:35,H E-1X,3.500,2.250,4914.70,4914.70,0.05,0.05,5098.43,5098.43,X,20,1.15,X,456000,68.000,75,X,X,X,X,X,X,X,X,X,X,X,X,X,X,X,X,X,X,721,637,88,249.5,
H E-1X,04/11/17 - 09:17,H E-1X,3.500,2.250,4914.70,4914.70,0.05,0.05,5098.43,5098.43,X,20,1.15,X,456000,68.000,75,X,X,X,X,X,X,X,X,X,X,X,X,X,X,X,X,X,X,1530,1530,100,597.7,
H E-1X,04/22/17 - 13:01,H E-1X,3.500,2.250,4914.70,4914.70,0.05,0.05,5098.43,5098.43,X,20,1.15,X,456000,68.000,75,X,X,X,X,X,X,X,X,X,X,X,X,X,X,X,X,X,X,711,711,100,277.6,
H E-1X,05/18/17 - 09:56,H E-1X,3.500,2.250,4914.70,4914.70,0.05,0.05,5098.43,5098.43,X,20,1.15,X,456000,68.000,75,X,X,X,X,X,X,X,X,X,X,X,X,X,X,X,X,X,X,726,726,100,285.4,
H E-1X,06/04/17 - 09:20,H E-1X,3.500,2.250,4914.70,4914.70,0.05,0.05,5098.43,5098.43,X,20,1.15,X,456000,68.000,75,X,X,X,X,X,X,X,X,X,X,X,X,X,X,X,X,X,X,733,715,97,279.9,
H E-1X,07/10/17 - 09:11,H E-1X,3.500,2.250,4914.70,4914.70,0.05,0.05,5098.43,5098.43,X,20,1.15,X,456000,68.000,75,X,X,X,X,X,X,X,X,X,X,X,X,X,X,X,X,X,X,717,717,100,279.3,
H E-1X,07/12/17 - 10:54,H E-1X,3.500,2.250,4914.70,4914.70,0.05,0.05,5098.43,5098.43,X,20,1.15,X,456000,68.000,75,X,X,X,X,X,X,X,X,X,X,X,X,X,X,X,X,X,X,689,689,100,270.1,
H E-1X,07/12/17 - 11:16,H E-1X,3.500,2.250,4914.70,4914.70,0.05,0.05,5098.43,5098.43,X,20,1.15,X,456000,68.000,75,07/12/17 - 11:16,20105,10556,6011,-178,4.4,58.2,5.438,88.44,51.4,165.1,178.1,210953.5,0,X,X,X,X,X,X,X,X,
H E-1X,07/12/17 - 12:28,H E-1X,3.500,2.250,4914.70,4914.70,0.05,0.05,5098.43,5098.43,X,20,1.15,X,456000,68.000,75,07/12/17 - 12:28,19846,11223,6244,-145,2.9,55.4,3.644,89.09,49.4,106.2,145.2,188677.2,0,19643,12408,14924,7971,X,X,X,X,
H E-1X,07/20/17 - 08:48,H E-1X,3.500,2.250,4914.70,4914.70,0.05,0.05,5098.43,5098.43,X,20,1.15,X,456000,68.000,75,X,X,X,X,X,X,X,X,X,X,X,X,X,X,X,X,X,X,816,775,95,304.8,
H E-1X,07/28/17 - 08:28,H E-1X,3.500,2.250,4914.70,4914.70,0.05,0.05,5098.43,5098.43,X,20,1.15,X,456000,68.000,75,X,X,X,X,X,X,X,X,X,X,X,X,X,X,X,X,X,X,721,657,91,257.5,
H E-1X,08/07/17 - 08:40,H E-1X,3.500,2.250,4914.70,4914.70,0.05,0.05,5098.43,5098.43,X,20,1.15,X,456000,68.000,75,X,X,X,X,X,X,X,X,X,X,X,X,X,X,X,X,X,X,1273,1168,92,456.7,
H E-1X,08/24/17 - 08:05,H E-1X,3.500,2.250,4914.70,4914.70,0.05,0.05,5098.43,5098.43,X,20,1.15,X,456000,68.000,75,X,X,X,X,X,X,X,X,X,X,X,X,X,X,X,X,X,X,645,630,98,247.0,
H E-1X,08/25/17 - 08:26,H E-1X,3.500,2.250,4914.70,4914.70,0.05,0.05,5098.43,5098.43,X,20,1.15,X,456000,68.000,75,X,X,X,X,X,X,X,X,X,X,X,X,X,X,X,X,X,X,583,583,100,230.0,
H E-1X,08/30/17 - 08:38,H E-1X,3.500,2.250,4914.70,4914.70,0.05,0.05,5098.43,5098.43,X,20,1.15,X,456000,68.000,75,X,X,X,X,X,X,X,X,X,X,X,X,X,X,X,X,X,X,702,702,100,276.8,
H E-1X,09/02/17 - 09:14,H E-1X,3.500,2.250,4914.70,4914.70,0.05,0.05,5098.43,5098.43,X,20,1.15,X,456000,68.000,75,X,X,X,X,X,X,X,X,X,X,X,X,X,X,X,X,X,X,760,725,95,284.1,
H E-1X,09/07/17 - 08:36,H E-1X,3.500,2.250,4914.70,4914.70,0.05,0.05,5098.43,5098.43,X,20,1.15,X,456000,68.000,75,X,X,X,X,X,X,X,X,X,X,X,X,X,X,X,X,X,X,716,716,100,282.6,
H E-1X,09/08/17 - 08:25,H E-1X,3.500,2.250,4914.70,4914.70,0.05,0.05,5098.43,5098.43,X,20,1.15,X,456000,68.000,75,X,X,X,X,X,X,X,X,X,X,X,X,X,X,X,X,X,X,827,827,100,325.8,
H E-1X,09/09/17 - 10:30,H E-1X,3.500,2.250,4914.70,4914.70,0.05,0.05,5098.43,5098.43,X,20,1.15,X,456000,68.000,75,09/09/17 - 10:44,13332,10830,246,-1051,0.4,70.3,5.769,100.00,70.3,239.2,1050.8,194559.3,0,28729,12408,27221,7971,X,X,X,X,
H E-1X,09/09/17 - 16:29,H E-1X,3.500,2.250,4914.70,4914.70,0.05,0.05,5098.43,5098.43,X,20,1.15,X,456000,68.000,75,X,X,X,X,X,X,X,X,X,X,X,X,X,X,X,X,X,X,661,661,100,261.1,
H E-1X,09/09/17 - 16:42,H E-1X,3.500,2.250,4914.70,4914.70,0.05,0.05,5098.43,5098.43,X,20,1.15,X,456000,68.000,75,09/09/17 - 16:42,14292,10957,1009,-832,1.2,72.3,5.844,100.00,72.3,249.6,832.0,186824.8,18,13456,12408,12038,7971,X,X,X,X,
H E-1X,09/10/17 - 08:57,H E-1X,3.500,2.250,4914.70,4914.70,0.9,0.9,5098.43,5098.43,X,20,1.15,X,456000,68.000,75,09/10/17 - 08:57,7485,4721,168,-13421,1.2,70.9,5.844,100.00,70.9,244.7,13421.4,386073.7,15,11749,12408,12408,7971,X,X,X,X,
H E-1X,09/10/17 - 09:10,H E-1X,3.500,2.250,4914.70,4914.70,0.05,0.05,5098.43,5098.43,X,20,1.15,X,456000,68.000,75,X,X,X,X,X,X,X,X,X,X,X,X,X,X,X,X,X,X,553,553,100,218.9,
H E-1X,10/11/17 - 08:29,H E-1X,3.500,2.250,4914.70,4914.70,0.05,0.05,5098.43,5098.43,X,20,1.15,X,456000,68.000,75,X,X,X,X,X,X,X,X,X,X,X,X,X,X,X,X,X,X,X,X,100,18.5,
H E-1X,10/12/17 - 09:14,H E-1X,3.500,2.250,4914.70,4914.70,0.05,0.05,5098.43,5098.43,X,20,1.15,X,456000,68.000,75,X,X,X,X,X,X,X,X,X,X,X,X,X,X,X,X,X,X,688,688,100,272.5,
H E-1X,10/16/17 - 08:07,H E-1X,3.500,2.250,4914.70,4914.70,0.05,0.05,5098.43,5098.43,X,20,1.15,X,456000,68.000,75,X,X,X,X,X,X,X,X,X,X,X,X,X,X,X,X,X,X,X,X,X,X,
H E-1X,10/17/17 - 07:20,H E-1X,3.500,2.250,4914.70,4914.70,0.05,0.05,5098.43,5098.43,X,20,1.15,X,456000,68.000,75,X,X,X,X,X,X,X,X,X,X,X,X,X,X,X,X,X,X,720,720,100,282.8,
H E-1X,10/26/17 - 16:43,H E-1X,3.500,2.250,4914.70,4914.70,0.05,0.05,5098.43,5098.43,X,20,1.15,X,456000,68.000,75,X,X,X,X,X,X,X,X,X,X,X,X,X,X,X,X,X,X,750,662,88,259.8,
H E-1X,11/01/17 - 09:58,H E-1X,3.500,2.250,4914.70,4914.70,0.05,0.05,5098.43,5098.43,X,20,1.15,X,456000,68.000,75,X,X,X,X,X,X,X,X,X,X,X,X,X,X,X,X,X,X,736,655,89,256.7,
H E-1X,11/08/17 - 09:25,H E-1X,3.500,2.250,4914.70,4914.70,0.05,0.05,5098.43,5098.43,X,20,1.15,X,456000,68.000,75,X,X,X,X,X,X,X,X,X,X,X,X,X,X,X,X,X,X,767,767,100,300.1,
H E-1X,11/12/17 - 08:05,H E-1X,3.500,2.250,4914.70,4914.70,0.05,0.05,5098.43,5098.43,X,20,1.15,X,456000,68.000,75,X,X,X,X,X,X,X,X,X,X,X,X,X,X,X,X,X,X,737,706,96,276.5,
H E-1X,11/17/17 - 12:47,H E-1X,3.500,2.250,4914.70,4914.70,0.05,0.05,5098.43,5098.43,X,20,1.15,X,456000,68.000,75,X,X,X,X,X,X,X,X,X,X,X,X,X,X,X,X,X,X,767,767,100,299.2,
H E-1X,11/22/17 - 16:54,H E-1X,3.500,2.250,4914.70,4914.70,0.05,0.05,5098.43,5098.43,X,20,1.15,X,456000,68.000,75,X,X,X,X,X,X,X,X,X,X,X,X,X,X,X,X,X,X,774,774,100,302.9,
H E-1X,11/25/17 - 09:21,H E-1X,3.500,2.250,4914.70,4914.70,0.05,0.05,5098.43,5098.43,X,20,1.15,X,456000,68.000,75,X,X,X,X,X,X,X,X,X,X,X,X,X,X,X,X,X,X,763,688,90,269.4,
H-10,02/17/17 - 09:28,H-10,3.500,2.750,4110.89,4110.89,0.05,0.05,4757.22,4757.22,115.0,19.2,1.15,X,912000,168.000,100,X,X,X,X,X,X,X,X,X,X,X,X,X,X,X,X,X,X,1542,1542,100,607.2,
H-10,03/04/17 - 09:36,H-10,3.500,2.750,4110.89,4110.89,0.05,0.05,4757.22,4757.22,115.0,19.2,1.15,X,912000,168.000,100,X,X,X,X,X,X,X,X,X,X,X,X,X,X,X,X,X,X,X,X,100,739.4,
H-10,05/18/17 - 13:13,H-10,3.500,2.750,4110.89,4110.89,0.05,0.05,4757.22,4757.22,115.0,19.2,1.15,X,X,168.000,100,X,X,X,X,X,X,X,X,X,X,X,X,X,X,X,X,X,X,X,X,100,1516.2,
H-10,05/26/17 - 08:26,H-10,3.500,2.750,4110.89,4110.89,0.05,0.05,4757.22,4757.22,115.0,19.2,1.15,X,X,168.000,100,X,X,X,X,X,X,X,X,X,X,X,X,X,X,X,X,X,X,X,X,100,1784.5,
H-11,02/03/17 - 14:39,H-11,3.500,2.750,4127.00,4127.00,0.04127,0.04127,5141.08,5141.08,115.0,16,1.15,X,912000,168.000,100,X,X,X,X,X,X,X,X,X,X,X,X,X,X,X,X,X,X,1065,973,91,395.5,
H-11,02/16/17 - 15:31,H-11,3.500,2.750,4127.00,4127.00,0.04127,0.04127,5141.08,5141.08,115.0,16,1.15,X,912000,168.000,100,X,X,X,X,X,X,X,X,X,X,X,X,X,X,X,X,X,X,1091,1091,100,442.5,
H-11,02/26/17 - 11:08,H-11,3.500,2.750,4127.00,4127.00,0.04127,0.04127,5141.08,5141.08,115.0,16,1.15,X,912000,168.000,100,X,X,X,X,X,X,X,X,X,X,X,X,X,X,X,X,X,X,1079,1079,100,449.1,
H-11,03/09/17 - 09:22,H-11,3.500,2.750,4209.00,4209.00,0.04127,0.04127,5141.08,5141.08,115.0,16,1.15,X,912000,168.000,100,X,X,X,X,X,X,X,X,X,X,X,X,X,X,X,X,X,X,1149,1149,100,466.0,
H-11,03/16/17 - 07:47,H-11,3.500,2.750,4209.00,4209.00,0.04127,0.04127,5141.08,5141.08,115.0,16,1.15,X,912000,168.000,100,X,X,X,X,X,X,X,X,X,X,X,X,X,X,X,X,X,X,1403,1403,100,567.4,
H-11,04/05/17 - 13:30,H-11,3.500,2.750,4209.00,4209.00,0.04127,0.04127,5141.08,5141.08,115.0,16,1.15,X,912000,168.000,100,X,X,X,X,X,X,X,X,X,X,X,X,X,X,X,X,X,X,1216,1100,90,446.2,
H-11,04/11/17 - 09:29,H-11,3.500,2.750,4209.00,4209.00,0.04127,0.04127,5141.08,5141.08,115.0,16,1.15,X,912000,168.000,100,X,X,X,X,X,X,X,X,X,X,X,X,X,X,X,X,X,X,1405,1405,100,568.3,
H-11,05/14/17 - 09:13,H-11,3.500,2.750,4209.00,4209.00,0.04127,0.04127,5141.08,5141.08,115.0,16,1.15,X,912000,168.000,100,X,X,X,X,X,X,X,X,X,X,X,X,X,X,X,X,X,X,1413,1413,100,571.6,
H-11,05/18/17 - 10:09,H-11,3.500,2.750,4209.00,4209.00,0.04127,0.04127,5141.08,5141.08,115.0,16,1.15,X,912000,168.000,100,X,X,X,X,X,X,X,X,X,X,X,X,X,X,X,X,X,X,1429,1429,100,578.7,
H-11,06/04/17 - 08:22,H-11,3.500,2.750,4209.00,4209.00,0.04127,0.04127,5141.08,5141.08,115.0,16,1.15,X,912000,168.000,100,X,X,X,X,X,X,X,X,X,X,X,X,X,X,X,X,X,X,1316,246,19,101.3,
H-11,06/11/17 - 11:23,H-11,3.500,2.750,4209.00,4209.00,0.04127,0.04127,5141.08,5141.08,115.0,16,1.15,X,912000,168.000,100,X,X,X,X,X,X,X,X,X,X,X,X,X,X,X,X,X,X,1347,1347,100,545.2,
H-11,06/11/17 - 11:36,H-11,3.500,2.750,4209.00,4209.00,0.04127,0.04127,5141.08,5141.08,115.0,16,1.15,X,912000,168.000,100,06/11/17 - 11:36,25824,6966,14392,-12,29.2,148.0,5.625,95.01,140.7,697.7,11.9,995264.4,7,19782,9239,10095,12305,X,X,X,X,
H-11,06/23/17 - 16:00,H-11,3.500,2.750,4209.00,4209.00,0.04127,0.04127,5141.08,5141.08,115.0,16,1.15,X,912000,168.000,100,X,X,X,X,X,X,X,X,X,X,X,X,X,X,X,X,X,X,1242,1242,100,5795.0,
H-11,07/06/17 - 14:43,H-11,3.500,2.750,4209.00,4209.00,0.04127,0.04127,5141.08,5141.08,115.0,16,1.15,X,912000,168.000,100,X,X,X,X,X,X,X,X,X,X,X,X,X,X,X,X,X,X,1419,1419,100,573.8,
H-11,07/10/17 - 09:20,H-11,3.500,2.750,4209.00,4209.00,0.04127,0.04127,5141.08,5141.08,115.0,16,1.15,X,912000,168.000,100,X,X,X,X,X,X,X,X,X,X,X,X,X,X,X,X,X,X,1420,1420,100,574.3,
H-11,07/21/17 - 08:10,H-11,3.500,2.750,4209.00,4209.00,0.04127,0.04127,5141.08,5141.08,115.0,16,1.15,X,912000,168.000,100,X,X,X,X,X,X,X,X,X,X,X,X,X,X,X,X,X,X,1419,1419,100,574.5,
H-11,07/28/17 - 08:59,H-11,3.500,2.750,4209.00,4209.00,0.04127,0.04127,5141.08,5141.08,115.0,16,1.15,X,912000,168.000,100,X,X,X,X,X,X,X,X,X,X,X,X,X,X,X,X,X,X,1399,1399,100,565.6,
H-11,08/07/17 - 08:49,H-11,3.500,2.750,4209.00,4209.00,0.04127,0.04127,5141.08,5141.08,115.0,16,1.15,X,912000,168.000,100,X,X,X,X,X,X,X,X,X,X,X,X,X,X,X,X,X,X,1415,1355,96,548.1,
H-11,08/24/17 - 08:43,H-11,3.500,2.750,4209.00,4209.00,0.04127,0.04127,5141.08,5141.08,115.0,16,1.15,X,912000,168.000,100,X,X,X,X,X,X,X,X,X,X,X,X,X,X,X,X,X,X,1406,1406,100,568.6,
H-11,08/30/17 - 07:50,H-11,3.500,2.750,4209.00,4209.00,0.04127,0.04127,5141.08,5141.08,115.0,16,1.15,X,912000,168.000,100,X,X,X,X,X,X,X,X,X,X,X,X,X,X,X,X,X,X,3718,695,19,284.2,
H-11,08/30/17 - 07:57,H-11,3.500,2.750,4209.00,4209.00,0.04127,0.04127,5141.08,5141.08,115.0,16,1.15,X,912000,168.000,100,X,X,X,X,X,X,X,X,X,X,X,X,X,X,X,X,X,X,1415,1415,100,572.4,
H-11,09/02/17 - 08:49,H-11,3.500,2.750,4209.00,4209.00,0.04127,0.04127,5141.08,5141.08,115.0,16,1.15,X,912000,168.000,100,X,X,X,X,X,X,X,X,X,X,X,X,X,X,X,X,X,X,1414,1414,100,571.8,
H-11,09/15/17 - 09:37,H-11,3.500,2.750,4209.00,4209.00,0.04127,0.04127,5141.08,5141.08,115.0,16,1.15,X,912000,168.000,100,X,X,X,X,X,X,X,X,X,X,X,X,X,X,X,X,X,X,1414,1414,100,572.2,
H-11,10/11/17 - 08:40,H-11,3.500,2.750,4209.00,4209.00,0.04127,0.04127,5141.08,5141.08,115.0,16,1.15,X,912000,168.000,100,X,X,X,X,X,X,X,X,X,X,X,X,X,X,X,X,X,X,1414,1362,96,565.3,
H-11,10/17/17 - 07:31,H-11,3.500,2.750,4209.00,4209.00,0.04127,0.04127,5141.08,5141.08,115.0,16,1.15,X,912000,168.000,100,X,X,X,X,X,X,X,X,X,X,X,X,X,X,X,X,X,X,1381,1381,100,558.8,
H-11,10/26/17 - 16:50,H-11,3.500,2.750,4209.00,4209.00,0.04127,0.04127,5141.08,5141.08,115.0,16,1.15,X,912000,168.000,100,X,X,X,X,X,X,X,X,X,X,X,X,X,X,X,X,X,X,1468,1468,100,593.3,
H-11,11/01/17 - 10:31,H-11,3.500,2.750,4209.00,4209.00,0.04127,0.04127,5141.08,5141.08,115.0,16,1.15,X,912000,168.000,100,X,X,X,X,X,X,X,X,X,X,X,X,X,X,X,X,X,X,1492,1487,100,601.1,
H-11,11/08/17 - 09:16,H-11,3.500,2.750,4209.00,4209.00,0.04127,0.04127,5141.08,5141.08,115.0,16,1.15,X,912000,168.000,100,X,X,X,X,X,X,X,X,X,X,X,X,X,X,X,X,X,X,1537,1537,100,621.0,
H-11,11/12/17 - 08:14,H-11,3.500,2.750,4209.00,4209.00,0.04127,0.04127,5141.08,5141.08,115.0,16,1.15,X,912000,168.000,100,X,X,X,X,X,X,X,X,X,X,X,X,X,X,X,X,X,X,1536,1536,100,620.5,
H-11,11/17/17 - 13:15,H-11,3.500,2.750,4209.00,4209.00,0.04127,0.04127,5141.08,5141.08,115.0,16,1.15,X,912000,168.000,100,X,X,X,X,X,X,X,X,X,X,X,X,X,X,X,X,X,X,1565,1473,94,595.4,
H-11,11/22/17 - 17:00,H-11,3.500,2.750,4209.00,4209.00,0.04127,0.04127,5141.08,5141.08,115.0,16,1.15,X,912000,168.000,100,X,X,X,X,X,X,X,X,X,X,X,X,X,X,X,X,X,X,1609,1609,100,649.7,
H-11,11/22/17 - 17:06,H-11,3.500,2.750,4209.00,4209.00,0.04127,0.04127,5141.08,5141.08,115.0,16,1.15,X,912000,168.000,100,X,X,X,X,X,X,X,X,X,X,X,X,X,X,X,X,X,X,X,X,X,X,
H-11,11/25/17 - 09:33,H-11,3.500,2.750,4209.00,4209.00,0.04127,0.04127,5141.08,5141.08,115.0,16,1.15,X,912000,168.000,100,X,X,X,X,X,X,X,X,X,X,X,X,X,X,X,X,X,X,1620,1620,100,654.1,
H-11,12/14/17 - 11:19,H-11,3.500,2.750,4209.00,4209.00,0.04127,0.04127,5141.08,5141.08,115.0,16,1.15,X,912000,168.000,100,X,X,X,X,X,X,X,X,X,X,X,X,X,X,X,X,X,X,1700,1613,95,651.5,
H-11,12/18/17 - 15:17,H-11,3.500,2.750,4209.00,4209.00,0.04127,0.04127,5141.08,5141.08,115.0,16,1.15,X,912000,168.000,100,X,X,X,X,X,X,X,X,X,X,X,X,X,X,X,X,X,X,1725,1706,99,688.5,
H-12,03/04/17 - 09:51,H-12,4.500,2.750,4288.06,4288.06,0.05,0.05,4645.67,4645.67,X,15.8,1.15,X,912000,168.000,100,X,X,X,X,X,X,X,X,X,X,X,X,X,X,X,X,X,X,1844,1785,97,719.8,
H-12,03/04/17 - 10:00,H-12,4.500,2.750,4288.06,4288.06,0.05,0.05,4645.67,4645.67,X,15.8,1.15,X,912000,168.000,100,X,X,X,X,X,X,X,X,X,X,X,X,X,X,X,X,X,X,X,X,100,1.2,
H-15,02/04/17 - 12:08,H-15,4.500,3.750,1683.07,1683.07,0.02,0.02,4717.85,4717.85,80.0,16.4,1.15,X,912000,168.000,100,X,X,X,X,X,X,X,X,X,X,X,X,X,X,X,X,X,X,1232,1232,100,530.5,
H-15,02/04/17 - 13:29,H-15,4.500,3.750,1683.07,1683.07,0.02,0.02,4717.85,4717.85,80.0,16.4,1.15,X,912000,168.000,100,X,X,X,X,X,X,X,X,X,X,X,X,X,X,X,X,X,X,1030,934,91,381.8,
H-15,02/14/17 - 11:24,H-15,4.500,3.750,1683.07,1683.07,0.02,0.02,4717.85,4717.85,80.0,16.4,1.15,X,912000,168.000,100,X,X,X,X,X,X,X,X,X,X,X,X,X,X,X,X,X,X,1121,937,84,382.7,
H-15,03/01/17 - 09:00,H-15,4.500,3.750,1683.07,1683.07,0.02,0.02,4717.85,4717.85,80.0,16.4,1.15,X,912000,168.000,100,X,X,X,X,X,X,X,X,X,X,X,X,X,X,X,X,X,X,1413,1314,93,533.5,
H-15,03/08/17 - 09:31,H-15,4.500,3.750,1683.07,1683.07,0.02,0.02,4717.85,4717.85,80.0,16.4,1.15,X,912000,168.000,100,X,X,X,X,X,X,X,X,X,X,X,X,X,X,X,X,X,X,1331,1327,100,540.8,
H-15,03/14/17 - 09:41,H-15,4.500,3.750,1683.07,1683.07,0.02,0.02,4717.85,4717.85,80.0,16.4,1.15,X,912000,168.000,100,X,X,X,X,X,X,X,X,X,X,X,X,X,X,X,X,X,X,1391,1259,90,511.5,
H-15,03/21/17 - 08:59,H-15,4.500,3.750,1683.07,1683.07,0.02,0.02,4717.85,4717.85,80.0,16.4,1.15,X,912000,168.000,100,X,X,X,X,X,X,X,X,X,X,X,X,X,X,X,X,X,X,1172,1172,100,477.6,
H-15,03/29/17 - 13:05,H-15,4.500,3.750,1683.07,1683.07,0.02,0.02,4717.85,4717.85,80.0,16.4,1.15,X,912000,168.000,100,X,X,X,X,X,X,X,X,X,X,X,X,X,X,X,X,X,X,1100,1100,100,467.5,
H-15,04/05/17 - 11:54,H-15,4.500,3.750,1683.07,1683.07,0.02,0.02,4717.85,4717.85,80.0,16.4,1.15,X,912000,168.000,100,X,X,X,X,X,X,X,X,X,X,X,X,X,X,X,X,X,X,807,807,100,328.6,
H-15,04/12/17 - 09:23,H-15,4.500,3.750,1683.07,1683.07,0.02,0.02,4717.85,4717.85,80.0,16.4,1.15,X,912000,168.000,100,X,X,X,X,X,X,X,X,X,X,X,X,X,X,X,X,X,X,807,807,100,328.3,
H-15,05/13/17 - 09:43,H-15,4.500,3.750,1683.07,1683.07,0.02,0.02,4717.85,4717.85,80.0,16.4,1.15,X,912000,168.000,100,X,X,X,X,X,X,X,X,X,X,X,X,X,X,X,X,X,X,1264,1264,100,514.7,
H-15,05/15/17 - 09:11,H-15,4.500,3.750,1683.07,1683.07,0.02,0.02,4717.85,4717.85,80.0,16.4,1.15,X,912000,168.000,100,X,X,X,X,X,X,X,X,X,X,X,X,X,X,X,X,X,X,1132,1132,100,461.0,
H-15,05/19/17 - 09:57,H-15,4.500,3.750,1683.07,1683.07,0.02,0.02,4717.85,4717.85,80.0,16.4,1.15,X,912000,168.000,100,X,X,X,X,X,X,X,X,X,X,X,X,X,X,X,X,X,X,1024,1024,100,425.5,
H-15,05/25/17 - 12:00,H-15,4.500,3.750,1683.07,1683.07,0.02,0.02,4717.85,4717.85,80.0,16.4,1.15,X,912000,168.000,100,05/25/17 - 12:00,12372,1921,6501,-372,24.6,166.7,9.424,98.36,163.9,2533.1,371.8,411250.3,35,7548,4111,5709,9871,X,X,X,X,
H-15,06/05/17 - 08:01,H-15,4.500,3.750,1683.07,1683.07,0.02,0.02,4717.85,4717.85,80.0,16.4,1.15,X,912000,168.000,100,X,X,X,X,X,X,X,X,X,X,X,X,X,X,X,X,X,X,269,243,90,100.7,
H-15,06/05/17 - 08:09,H-15,4.500,3.750,1683.07,1683.07,0.02,0.02,4717.85,4717.85,80.0,16.4,1.15,X,912000,168.000,100,X,X,X,X,X,X,X,X,X,X,X,X,X,X,X,X,X,X,1109,1077,97,438.9,
H-15,07/05/17 - 11:16,H-15,4.500,3.750,1683.07,1683.07,0.02,0.02,4717.85,4717.85,80.0,16.4,1.15,X,912000,168.000,100,X,X,X,X,X,X,X,X,X,X,X,X,X,X,X,X,X,X,1144,970,85,396.1,
H-15,07/09/17 - 10:14,H-15,4.500,3.750,1683.07,1683.07,0.02,0.02,4717.85,4717.85,80.0,16.4,1.15,X,912000,168.000,100,X,X,X,X,X,X,X,X,X,X,X,X,X,X,X,X,X,X,1258,1258,100,512.4,
H-15,07/09/17 - 10:23,H-15,4.500,3.750,1683.07,1683.07,0.02,0.02,4717.85,4717.85,80.0,16.4,1.15,X,912000,168.000,100,X,X,X,X,X,X,X,X,X,X,X,X,X,X,X,X,X,X,1325,1294,98,529.3,
H-15,07/31/17 - 09:43,H-15,4.500,3.750,1683.07,1683.07,0.02,0.02,4717.85,4717.85,80.0,16.4,1.15,X,912000,168.000,100,X,X,X,X,X,X,X,X,X,X,X,X,X,X,X,X,X,X,1133,1133,100,506.8,
H-15,07/31/17 - 09:50,H-15,4.500,3.750,1683.07,1683.07,0.02,0.02,4717.85,4717.85,80.0,16.4,1.15,X,912000,168.000,100,X,X,X,X,X,X,X,X,X,X,X,X,X,X,X,X,X,X,1200,1200,100,533.3,
H-15,08/06/17 - 08:24,H-15,4.500,3.750,1683.07,1683.07,0.02,0.02,4717.85,4717.85,80.0,16.4,1.15,X,912000,168.000,100,X,X,X,X,X,X,X,X,X,X,X,X,X,X,X,X,X,X,X,X,100,1.6,
H-15,08/06/17 - 08:31,H-15,4.500,3.750,1683.07,1683.07,0.02,0.02,4717.85,4717.85,80.0,16.4,1.15,X,912000,168.000,100,X,X,X,X,X,X,X,X,X,X,X,X,X,X,X,X,X,X,X,X,100,224.4,
H-15,08/06/17 - 08:35,H-15,4.500,3.750,1683.07,1683.07,0.02,0.02,4717.85,4717.85,80.0,16.4,1.15,X,912000,168.000,100,X,X,X,X,X,X,X,X,X,X,X,X,X,X,X,X,X,X,1264,379,30,284.7,
H-15,08/25/17 - 07:45,H-15,4.500,3.750,1683.07,1683.07,0.02,0.02,4717.85,4717.85,80.0,16.4,1.15,X,912000,168.000,100,X,X,X,X,X,X,X,X,X,X,X,X,X,X,X,X,X,X,1081,963,89,393.1,
H-15,09/01/17 - 09:03,H-15,4.500,3.750,1683.07,1683.07,0.02,0.02,4717.85,4717.85,80.0,16.4,1.15,X,912000,168.000,100,X,X,X,X,X,X,X,X,X,X,X,X,X,X,X,X,X,X,X,X,90,1.7,
H-15,09/01/17 - 09:08,H-15,4.500,3.750,1683.07,1683.07,0.02,0.02,4717.85,4717.85,80.0,16.4,1.15,X,912000,168.000,100,X,X,X,X,X,X,X,X,X,X,X,X,X,X,X,X,X,X,X,X,73,1.4,
H-15,10/16/17 - 08:44,H-15,4.500,3.750,1683.07,1683.07,0.02,0.02,4717.85,4717.85,80.0,16.4,1.15,X,912000,168.000,100,X,X,X,X,X,X,X,X,X,X,X,X,X,X,X,X,X,X,X,X,X,X,
H-15,10/16/17 - 08:48,H-15,4.500,3.750,1683.07,1683.07,0.02,0.02,4717.85,4717.85,80.0,16.4,1.15,X,912000,168.000,100,X,X,X,X,X,X,X,X,X,X,X,X,X,X,X,X,X,X,912,814,89,332.5,
H-15,11/12/17 - 09:04,H-15,3.500,X,2290.00,2290.00,0.02,0.02,4717.85,4717.85,80.0,16.4,1.15,X,X,X,150,X,X,X,X,X,X,X,X,X,X,X,X,X,X,X,X,X,X,1515,1313,87,533.7,
H-15,12/12/17 - 16:59,H-15,3.500,X,2290.00,2290.00,0.02,0.02,4717.85,4717.85,80.0,16.4,1.15,X,X,100.000,100,X,X,X,X,X,X,X,X,X,X,X,X,X,X,X,X,X,X,1573,1573,100,637.4,
H-15,12/14/17 - 08:46,H-15,4.500,3.750,1683.07,1683.07,0.02,0.02,4717.85,4717.85,80.0,16.4,1.15,X,912000,168.000,100,X,X,X,X,X,X,X,X,X,X,X,X,X,X,X,X,X,X,1157,1098,95,447.1,
H-15,12/20/17 - 14:43,H-15,3.500,X,2290.00,2290.00,0.02,0.02,4717.85,4717.85,80.0,16.4,1.15,X,X,X,100,X,X,X,X,X,X,X,X,X,X,X,X,X,X,X,X,X,X,1566,1566,100,634.3,
H-15,12/21/17 - 16:25,H-15,3.500,X,2290.00,2290.00,0.02,0.02,4717.85,4717.85,80.0,16.4,1.15,X,X,X,100,X,X,X,X,X,X,X,X,X,X,X,X,X,X,X,X,X,X,1580,1580,100,639.9,
H-15,12/23/17 - 16:15,H-15,3.500,X,2290.00,2290.00,0.02,0.02,4717.85,4717.85,80.0,16.4,1.15,X,X,X,100,X,X,X,X,X,X,X,X,X,X,X,X,X,X,X,X,X,X,1606,1606,100,650.1,
H-15,12/28/17 - 09:59,H-15,3.500,X,2290.00,2290.00,0.02,0.02,4717.85,4717.85,80.0,16.4,1.15,X,X,X,100,X,X,X,X,X,X,X,X,X,X,X,X,X,X,X,X,X,X,1507,1507,100,611.2,
H-15,12/29/17 - 14:53,H-15,3.500,X,2290.00,2290.00,0.02,0.02,4717.85,4717.85,80.0,16.4,1.15,X,X,X,100,X,X,X,X,X,X,X,X,X,X,X,X,X,X,X,X,X,X,1586,1586,100,642.1,
H-15,01/01/18 - 11:07,H-15,3.500,X,2290.00,2290.00,0.02,0.02,4717.85,4717.85,80.0,16.4,1.15,X,X,X,100,X,X,X,X,X,X,X,X,X,X,X,X,X,X,X,X,X,X,1503,1503,100,612.8,
H-16,02/03/17 - 13:52,H-16,3.500,2.750,5521.65,5521.65,0.05,0.05,4776.90,4776.90,X,18.6,1.15,X,912000,168.000,75,X,X,X,X,X,X,X,X,X,X,X,X,X,X,X,X,X,X,2841,2841,100,1107.7,
H-16,02/16/17 - 11:25,H-16,3.500,2.750,5521.65,5521.65,0.05,0.05,4776.90,4776.90,X,18.6,1.15,X,912000,168.000,75,02/16/17 - 11:36,18389,9563,6628,-563,15.4,168.2,5.455,98.86,166.3,799.6,562.8,462764.0,0,14970,10641,12168,15097,2965,2965,100,1154.9,
H-16,02/17/17 - 09:09,H-16,3.500,2.750,5521.65,5521.65,0.05,0.05,4776.90,4776.90,X,18.6,1.15,X,912000,168.000,75,X,X,X,X,X,X,X,X,X,X,X,X,X,X,X,X,X,X,2975,2975,100,1158.9,
H-16,02/26/17 - 12:08,H-16,3.500,2.750,5521.65,5521.65,0.05,0.05,4776.90,4776.90,X,18.6,1.15,X,912000,168.000,75,X,X,X,X,X,X,X,X,X,X,X,X,X,X,X,X,X,X,2886,2886,100,1135.9,
H-16,03/09/17 - 14:54,H-16,3.500,2.750,4255.65,4255.65,0.0425565,0.0425565,4776.90,4776.90,X,18.6,1.15,X,912000,168.000,75,X,X,X,X,X,X,X,X,X,X,X,X,X,X,X,X,X,X,1612,1612,100,637.0,
H-16,03/15/17 - 08:29,H-16,3.500,2.750,4255.65,4255.65,0.0425565,0.0425565,4776.90,4776.90,X,18.6,1.15,X,912000,168.000,75,X,X,X,X,X,X,X,X,X,X,X,X,X,X,X,X,X,X,1608,1571,98,621.3,
H-16,03/29/17 - 13:49,H-16,3.500,2.750,4255.65,4255.65,0.0425565,0.0425565,4776.90,4776.90,X,18.6,1.15,X,912000,168.000,75,X,X,X,X,X,X,X,X,X,X,X,X,X,X,X,X,X,X,1733,1733,100,688.7,
H-16,04/07/17 - 17:50,H-16,3.500,2.750,4255.65,4255.65,0.0425565,0.0425565,4776.90,4776.90,X,18.6,1.15,X,912000,168.000,75,X,X,X,X,X,X,X,X,X,X,X,X,X,X,X,X,X,X,1787,1787,100,705.4,
H-16,04/09/17 - 12:34,H-16,3.500,2.750,4255.65,4255.65,0.001565,0.00165565,4776.90,4776.90,X,18.6,1.15,X,912000,168.000,75,04/09/17 - 12:53,25488,10683,15034,-44,27.1,165.3,5.422,85.70,141.7,677.4,44.1,977208.3,0,20323,10663,14863,11479,1686,1686,100,666.1,
H-16,04/19/17 - 12:20,H-16,3.500,2.750,4255.65,4255.65,0.0425565,0.0425565,4776.90,4776.90,X,18.6,1.15,X,912000,168.000,75,04/19/17 - 12:20,24536,8425,11589,-214,24.7,152.0,5.488,97.05,147.5,713.7,213.8,970736.2,0,10604,10663,7531,11479,X,X,X,X,
H-16,04/22/17 - 13:21,H-16,3.500,2.750,4255.65,4255.65,0.0425565,0.0425565,4776.90,4776.90,X,18.6,1.15,X,912000,168.000,75,X,X,X,X,X,X,X,X,X,X,X,X,X,X,X,X,X,X,1662,1662,100,655.1,
H-16,05/14/17 - 09:06,H-16,3.500,2.750,4255.65,4255.65,0.0425565,0.0425565,4776.90,4776.90,X,18.6,1.15,X,912000,168.000,75,X,X,X,X,X,X,X,X,X,X,X,X,X,X,X,X,X,X,1759,1759,100,695.3,
H-16,05/18/17 - 10:39,H-16,3.500,2.750,4255.65,4255.65,0.0425565,0.0425565,4776.90,4776.90,X,18.6,1.15,X,912000,168.000,75,X,X,X,X,X,X,X,X,X,X,X,X,X,X,X,X,X,X,1776,1776,100,701.0,
H-16,05/18/17 - 10:48,H-16,3.500,2.750,4255.65,4255.65,0.0425565,0.0425565,4776.90,4776.90,X,18.6,1.15,X,912000,168.000,75,X,X,X,X,X,X,X,X,X,X,X,X,X,X,X,X,X,X,1781,1781,100,703.4,
H-16,06/05/17 - 08:48,H-16,3.500,2.750,4255.65,4255.65,0.0425565,0.0425565,4776.90,4776.90,X,18.6,1.15,X,912000,168.000,75,X,X,X,X,X,X,X,X,X,X,X,X,X,X,X,X,X,X,1807,1807,100,712.9,
H-16,06/06/17 - 10:46,H-16,3.500,2.750,4255.65,4255.65,0.0425565,0.0425565,4776.90,4776.90,X,18.6,1.15,X,912000,168.000,75,X,X,X,X,X,X,X,X,X,X,X,X,X,X,X,X,X,X,1805,1805,100,712.2,
H-16,06/06/17 - 10:58,H-16,3.500,2.750,4255.65,4255.65,0.0525565,0.0525565,4776.90,4776.90,X,18.6,1.15,X,912000,168.000,75,06/06/17 - 10:58,20332,8686,7477,-308,17.6,170.9,5.732,72.57,124.0,626.9,308.3,590511.0,9,17842,10663,14236,11479,X,X,X,X,
H-16,06/06/17 - 11:14,H-16,3.500,2.750,4255.65,4255.65,0.0425565,0.0425565,4776.90,4776.90,X,18.6,1.15,X,912000,168.000,75,06/06/17 - 11:14,20849,9113,8165,-43,17.4,171.3,5.643,76.47,131.0,651.6,43.3,605501.9,8,X,X,X,X,X,X,X,X,
H-16,06/09/17 - 07:11,H-16,3.500,2.750,4255.65,4255.65,0.0425565,0.0425565,4776.90,4776.90,X,18.6,1.15,X,912000,168.000,75,X,X,X,X,X,X,X,X,X,X,X,X,X,X,X,X,X,X,1808,1808,100,713.3,
H-16,06/11/17 - 11:14,H-16,3.500,2.750,4255.65,4255.65,0.0425565,0.0425565,4776.90,4776.90,X,18.6,1.15,X,912000,168.000,75,X,X,X,X,X,X,X,X,X,X,X,X,X,X,X,X,X,X,1781,1781,100,702.9,
H-16,06/13/17 - 13:44,H-16,3.500,2.750,4255.65,4255.65,0.0425565,0.0425565,4776.90,4776.90,X,18.6,1.15,X,912000,168.000,75,X,X,X,X,X,X,X,X,X,X,X,X,X,X,X,X,X,X,1752,1752,100,691.7,
H-16,06/14/17 - 10:16,H-16,3.500,2.750,4255.65,4255.65,0.0425565,0.0425565,4776.90,4776.90,X,18.6,1.15,X,912000,168.000,75,X,X,X,X,X,X,X,X,X,X,X,X,X,X,X,X,X,X,1755,1755,100,693.1,
H-16,06/15/17 - 11:08,H-16,3.500,2.750,4255.65,4255.65,0.0425565,0.0425565,4776.90,4776.90,X,18.6,1.15,X,912000,168.000,75,X,X,X,X,X,X,X,X,X,X,X,X,X,X,X,X,X,X,1749,1749,100,690.0,
H-16,06/23/17 - 15:01,H-16,3.500,2.750,4255.65,4255.65,0.0425565,0.0425565,4776.90,4776.90,X,18.6,1.15,X,912000,168.000,75,X,X,X,X,X,X,X,X,X,X,X,X,X,X,X,X,X,X,1718,1718,100,5897.8,
H-16,07/05/17 - 10:48,H-16,3.500,2.750,4255.65,4255.65,0.0425565,0.0425565,4776.90,4776.90,X,18.6,1.15,X,912000,168.000,75,X,X,X,X,X,X,X,X,X,X,X,X,X,X,X,X,X,X,1735,1735,100,685.2,
H-16,07/10/17 - 09:41,H-16,3.500,2.750,4255.65,4255.65,0.0425565,0.0425565,4776.90,4776.90,X,18.6,1.15,X,912000,168.000,75,X,X,X,X,X,X,X,X,X,X,X,X,X,X,X,X,X,X,1732,1732,100,683.9,
H-16,08/07/17 - 09:22,H-16,3.500,2.750,4255.65,4255.65,0.0425565,0.0425565,4776.90,4776.90,X,18.6,1.15,X,912000,168.000,75,X,X,X,X,X,X,X,X,X,X,X,X,X,X,X,X,X,X,1731,1423,82,563.6,
H-16,08/17/17 - 08:51,H-16,3.500,2.750,4255.65,4255.65,0.0425565,0.0425565,4776.90,4776.90,X,18.6,1.15,X,912000,168.000,75,08/17/17 - 08:51,27197,8690,13864,-519,30.2,149.5,5.625,93.70,140.1,695.0,519.1,1177019.6,0,34272,10663,30345,11479,X,X,X,X,
H-16,08/17/17 - 09:03,H-16,3.500,2.750,4255.65,4255.65,0.0425565,0.0425565,4776.90,4776.90,X,18.6,1.15,X,912000,168.000,75,X,X,X,X,X,X,X,X,X,X,X,X,X,X,X,X,X,X,1766,1766,100,697.0,
H-16,08/18/17 - 08:45,H-16,3.500,2.750,4255.65,4255.65,0.0425565,0.0425565,4776.90,4776.90,X,18.6,1.15,X,912000,168.000,75,X,X,X,X,X,X,X,X,X,X,X,X,X,X,X,X,X,X,1777,1777,100,701.4,
H-23,02/15/17 - 14:42,H-23,3.500,2.750,4925.00,4925.00,0.04926,0.04926,5057.41,5057.41,X,17.7,1.15,X,912000,144.000,100,02/15/17 - 14:56,21317,9995,10413,-231,17.2,142.2,5.538,78.64,111.8,546.2,231.0,460449.0,18,17088,10632,15263,12777,2404,2305,96,911.0,
H-16,08/20/17 - 10:31,H-16,3.500,2.750,4255.65,4255.65,0.0425565,0.0425565,4776.90,4776.90,X,18.6,1.15,X,912000,168.000,75,X,X,X,X,X,X,X,X,X,X,X,X,X,X,X,X,X,X,906,906,100,360.5,
H-16,08/24/17 - 08:25,H-16,3.500,2.750,4255.65,4255.65,0.0425565,0.0425565,4776.90,4776.90,X,18.6,1.15,X,912000,168.000,75,X,X,X,X,X,X,X,X,X,X,X,X,X,X,X,X,X,X,1789,1789,100,706.1,
H-16,08/27/17 - 10:07,H-16,3.500,2.750,4255.65,4255.65,0.0425565,0.0425565,4776.90,4776.90,X,18.6,1.15,X,912000,168.000,75,X,X,X,X,X,X,X,X,X,X,X,X,X,X,X,X,X,X,1813,1692,93,668.4,
H-16,08/27/17 - 10:09,H-16,3.500,2.750,4255.65,4255.65,0.0425565,0.0425565,4776.90,4776.90,X,18.6,1.15,X,912000,168.000,75,X,X,X,X,X,X,X,X,X,X,X,X,X,X,X,X,X,X,X,X,100,2.2,
H-16,08/27/17 - 10:14,H-16,3.500,2.750,4255.65,4255.65,0.0425565,0.0425565,4776.90,4776.90,X,18.6,1.15,X,912000,168.000,75,X,X,X,X,X,X,X,X,X,X,X,X,X,X,X,X,X,X,1813,1813,100,715.2,
H-16,08/28/17 - 14:58,H-16,3.500,2.750,4255.65,4255.65,0.0425565,0.0425565,4776.90,4776.90,X,18.6,1.15,X,912000,168.000,75,X,X,X,X,X,X,X,X,X,X,X,X,X,X,X,X,X,X,1800,1800,100,710.4,
H-16,08/29/17 - 08:32,H-16,3.500,2.750,4255.65,4255.65,0.0425565,0.0425565,4776.90,4776.90,X,18.6,1.15,X,912000,168.000,75,X,X,X,X,X,X,X,X,X,X,X,X,X,X,X,X,X,X,1809,1809,100,713.9,
H-16,08/30/17 - 08:23,H-16,3.500,2.750,4255.65,4255.65,0.0425565,0.0425565,4776.90,4776.90,X,18.6,1.15,X,912000,168.000,75,X,X,X,X,X,X,X,X,X,X,X,X,X,X,X,X,X,X,1782,1782,100,703.2,
H-16,09/02/17 - 09:02,H-16,3.500,2.750,4255.65,4255.65,0.0425565,0.0425565,4776.90,4776.90,X,18.6,1.15,X,912000,168.000,75,X,X,X,X,X,X,X,X,X,X,X,X,X,X,X,X,X,X,1815,1815,100,716.3,
H-16,09/15/17 - 10:01,H-16,3.500,2.750,4255.65,4255.65,0.0425565,0.0425565,4776.90,4776.90,X,18.6,1.15,X,912000,168.000,75,X,X,X,X,X,X,X,X,X,X,X,X,X,X,X,X,X,X,1814,1814,100,716.4,
H-16,09/19/17 - 15:17,H-16,3.500,2.750,4255.65,4255.65,0.0425565,0.0425565,4776.90,4776.90,X,18.6,1.15,X,912000,168.000,75,X,X,X,X,X,X,X,X,X,X,X,X,X,X,X,X,X,X,1800,1734,96,684.9,
H-16,10/01/17 - 09:48,H-16,3.500,2.750,4255.65,4255.65,0.0425565,0.0425565,4776.90,4776.90,X,18.6,1.15,X,912000,168.000,75,X,X,X,X,X,X,X,X,X,X,X,X,X,X,X,X,X,X,1836,343,19,1180.9,
H-16,10/02/17 - 11:50,H-16,3.500,2.750,4255.65,4255.65,0.0425565,0.0425565,4776.90,4776.90,X,18.6,1.15,X,912000,168.000,75,X,X,X,X,X,X,X,X,X,X,X,X,X,X,X,X,X,X,1821,356,20,126.3,
H-16,10/02/17 - 12:04,H-16,3.500,2.750,4255.65,4255.65,0.0425565,0.0425565,4776.90,4776.90,X,18.6,1.15,X,912000,168.000,75,X,X,X,X,X,X,X,X,X,X,X,X,X,X,X,X,X,X,1817,1595,88,631.9,
H-16,10/11/17 - 09:05,H-16,3.500,2.750,4255.65,4255.65,0.0425565,0.0425565,4776.90,4776.90,X,18.6,1.15,X,912000,168.000,75,X,X,X,X,X,X,X,X,X,X,X,X,X,X,X,X,X,X,1843,1843,100,741.3,
H-16,10/18/17 - 07:15,H-16,3.500,2.750,4255.65,4255.65,0.0425565,0.0425565,4776.90,4776.90,X,18.6,1.15,X,912000,168.000,75,X,X,X,X,X,X,X,X,X,X,X,X,X,X,X,X,X,X,1835,1835,100,724.2,
H-16,10/26/17 - 17:07,H-16,3.500,2.750,4255.65,4255.65,0.0425565,0.0425565,4776.90,4776.90,X,18.6,1.15,X,912000,168.000,75,X,X,X,X,X,X,X,X,X,X,X,X,X,X,X,X,X,X,1916,1916,100,755.7,
H-16,11/01/17 - 10:16,H-16,3.500,2.750,4255.65,4255.65,0.0425565,0.0425565,4776.90,4776.90,X,18.6,1.15,X,912000,168.000,75,X,X,X,X,X,X,X,X,X,X,X,X,X,X,X,X,X,X,1957,1957,100,771.3,
H-16,11/08/17 - 08:51,H-16,3.500,2.750,4255.65,4255.65,0.0425565,0.0425565,4776.90,4776.90,X,18.6,1.15,X,912000,168.000,75,X,X,X,X,X,X,X,X,X,X,X,X,X,X,X,X,X,X,1982,1982,100,781.1,
H-16,11/11/17 - 12:40,H-16,3.500,2.750,4255.65,4255.65,0.0425565,0.0425565,4776.90,4776.90,X,18.6,1.15,X,912000,168.000,75,X,X,X,X,X,X,X,X,X,X,X,X,X,X,X,X,X,X,1999,1999,100,787.8,
H-16,11/17/17 - 13:02,H-16,3.500,2.750,4255.65,4255.65,0.0425565,0.0425565,4776.90,4776.90,X,18.6,1.15,X,912000,168.000,75,X,X,X,X,X,X,X,X,X,X,X,X,X,X,X,X,X,X,2025,1929,95,760.6,
H-16,11/23/17 - 16:59,H-16,3.500,2.750,4255.65,4255.65,0.0425565,0.0425565,4776.90,4776.90,X,18.6,1.15,X,912000,168.000,75,X,X,X,X,X,X,X,X,X,X,X,X,X,X,X,X,X,X,2073,2073,100,816.5,
H-16,11/25/17 - 09:52,H-16,3.500,2.750,4255.65,4255.65,0.0425565,0.0425565,4776.90,4776.90,X,18.6,1.15,X,912000,168.000,75,X,X,X,X,X,X,X,X,X,X,X,X,X,X,X,X,X,X,2076,2076,100,817.7,
H-16,12/14/17 - 11:10,H-16,3.500,2.750,4255.65,4255.65,0.0425565,0.0425565,4776.90,4776.90,X,18.6,1.15,X,912000,168.000,75,X,X,X,X,X,X,X,X,X,X,X,X,X,X,X,X,X,X,2157,2157,100,849.2,
H-16,12/18/17 - 15:27,H-16,3.500,2.750,4255.65,4255.65,0.0425565,0.0425565,4776.90,4776.90,X,18.6,1.15,X,912000,168.000,75,X,X,X,X,X,X,X,X,X,X,X,X,X,X,X,X,X,X,2141,2141,100,842.7,
H-18,02/17/17 - 08:52,H-18,3.500,2.750,4914.70,4914.70,0.05,0.05,5141.08,5141.08,115.0,18.6,1.15,X,640000,106.000,60,X,X,X,X,X,X,X,X,X,X,X,X,X,X,X,X,X,X,735,735,100,293.3,
H-18,03/04/17 - 10:08,H-18,3.500,2.750,4914.70,4914.70,0.05,0.05,5141.08,5141.08,115.0,18.6,1.15,X,640000,106.000,60,X,X,X,X,X,X,X,X,X,X,X,X,X,X,X,X,X,X,X,X,100,358.7,
H-18,03/09/17 - 10:17,H-18,3.500,2.750,4914.70,4914.70,0.05,0.05,5141.08,5141.08,115.0,18.6,1.15,X,640000,106.000,60,X,X,X,X,X,X,X,X,X,X,X,X,X,X,X,X,X,X,X,X,100,334.3,
H-18,04/11/17 - 10:06,H-18,3.500,2.750,4914.70,4914.70,0.05,0.05,5141.08,5141.08,115.0,18.6,1.15,X,640000,106.000,60,X,X,X,X,X,X,X,X,X,X,X,X,X,X,X,X,X,X,731,731,100,291.8,
H-18,05/18/17 - 11:06,H-18,3.500,2.750,4914.70,4914.70,0.05,0.05,5141.08,5141.08,115.0,18.6,1.15,X,640000,106.000,60,X,X,X,X,X,X,X,X,X,X,X,X,X,X,X,X,X,X,X,X,100,366.8,
H-18,12/27/17 - 14:44,H-18,3.500,2.750,4914.70,4914.70,0.05,0.05,5141.08,5141.08,115.0,18.6,1.15,X,640000,106.000,60,X,X,X,X,X,X,X,X,X,X,X,X,X,X,X,X,X,X,2542,2542,100,997.1,
H-18,12/28/17 - 07:49,H-18,3.500,2.750,4914.70,4914.70,0.05,0.05,5141.08,5141.08,115.0,18.6,1.15,X,640000,106.000,60,X,X,X,X,X,X,X,X,X,X,X,X,X,X,X,X,X,X,2393,2393,100,939.6,
H-18,12/29/17 - 15:13,H-18,3.500,2.750,4914.70,4914.70,0.05,0.05,5141.08,5141.08,115.0,18.6,1.15,X,640000,106.000,60,X,X,X,X,X,X,X,X,X,X,X,X,X,X,X,X,X,X,2309,1993,86,784.9,
H-18,01/01/18 - 10:52,H-18,3.500,2.750,4914.70,4914.70,0.05,0.05,5141.08,5141.08,115.0,18.6,1.15,X,640000,106.000,60,X,X,X,X,X,X,X,X,X,X,X,X,X,X,X,X,X,X,2347,2347,100,924.3,
H-19,02/07/17 - 11:01,H-19,3.500,2.750,4127.30,4127.30,0.05,0.05,4981.96,4981.96,10.0,16,1.15,X,912000,168.000,75,X,X,X,X,X,X,X,X,X,X,X,X,X,X,X,X,X,X,1288,1288,100,521.2,
H-19,02/16/17 - 15:43,H-19,3.500,2.750,4127.30,4127.30,0.05,0.05,4981.96,4981.96,10.0,16,1.15,X,912000,168.000,75,X,X,X,X,X,X,X,X,X,X,X,X,X,X,X,X,X,X,1403,1403,100,567.5,
H-19,02/26/17 - 11:57,H-19,3.500,2.750,4127.30,4127.30,0.05,0.05,4981.96,4981.96,10.0,16,1.15,X,912000,168.000,75,X,X,X,X,X,X,X,X,X,X,X,X,X,X,X,X,X,X,1406,1406,100,580.0,
H-19,03/01/17 - 10:12,H-19,3.500,2.750,4127.30,4127.30,0.05,0.05,4981.96,4981.96,10.0,16,1.15,X,912000,168.000,75,X,X,X,X,X,X,X,X,X,X,X,X,X,X,X,X,X,X,1422,1422,100,585.6,
H-19,03/09/17 - 09:39,H-19,3.500,2.750,4127.30,4127.30,0.05,0.05,4981.96,4981.96,10.0,16,1.15,X,912000,168.000,75,X,X,X,X,X,X,X,X,X,X,X,X,X,X,X,X,X,X,1362,1362,100,551.2,
H-19,03/16/17 - 07:31,H-19,3.500,2.750,4127.30,4127.30,0.05,0.05,4981.96,4981.96,10.0,16,1.15,X,912000,168.000,75,X,X,X,X,X,X,X,X,X,X,X,X,X,X,X,X,X,X,1386,1386,100,560.9,
H-19,04/05/17 - 13:19,H-19,3.500,2.750,4127.30,4127.30,0.05,0.05,4981.96,4981.96,10.0,16,1.15,X,912000,168.000,75,X,X,X,X,X,X,X,X,X,X,X,X,X,X,X,X,X,X,1446,1443,100,583.6,
H-19,04/11/17 - 09:47,H-19,3.500,2.750,4127.30,4127.30,0.05,0.05,4981.96,4981.96,10.0,16,1.15,X,912000,168.000,75,X,X,X,X,X,X,X,X,X,X,X,X,X,X,X,X,X,X,1487,1487,100,601.2,
H-19,05/18/17 - 10:20,H-19,3.500,2.750,4127.30,4127.30,0.05,0.05,4981.96,4981.96,10.0,16,1.15,X,912000,168.000,75,X,X,X,X,X,X,X,X,X,X,X,X,X,X,X,X,X,X,1525,1525,100,616.4,
H-19,05/19/17 - 09:26,H-19,3.500,2.750,4127.30,4127.30,0.05,0.05,4981.96,4981.96,10.0,16,1.15,X,912000,168.000,75,X,X,X,X,X,X,X,X,X,X,X,X,X,X,X,X,X,X,1549,1549,100,627.8,
H-19,06/05/17 - 08:35,H-19,3.500,2.750,4127.30,4127.30,0.05,0.05,4981.96,4981.96,10.0,16,1.15,X,912000,168.000,75,X,X,X,X,X,X,X,X,X,X,X,X,X,X,X,X,X,X,1577,1577,100,637.2,
H-19,06/12/17 - 12:10,H-19,3.500,2.750,4127.30,4127.30,0.05,0.05,4981.96,4981.96,10.0,16,1.15,X,912000,168.000,75,06/12/17 - 12:10,23422,7279,10336,-272,20.6,156.1,5.000,95.30,148.7,655.7,272.2,837741.2,0,11312,10217,7682,11609,X,X,X,X,
H-19,06/23/17 - 15:12,H-19,3.500,2.750,4127.30,4127.30,0.05,0.05,4981.96,4981.96,10.0,16,1.15,X,912000,168.000,75,X,X,X,X,X,X,X,X,X,X,X,X,X,X,X,X,X,X,1475,1475,100,5837.2,
H-19,07/06/17 - 14:52,H-19,3.500,2.750,4127.30,4127.30,0.05,0.05,4981.96,4981.96,10.0,16,1.15,X,912000,168.000,75,X,X,X,X,X,X,X,X,X,X,X,X,X,X,X,X,X,X,1528,1528,100,617.4,
H-19,07/10/17 - 09:27,H-19,3.500,2.750,4127.30,4127.30,0.05,0.05,4981.96,4981.96,10.0,16,1.15,X,912000,168.000,75,X,X,X,X,X,X,X,X,X,X,X,X,X,X,X,X,X,X,1520,1520,100,614.4,
H-19,07/21/17 - 08:02,H-19,3.500,2.750,4127.30,4127.30,0.05,0.05,4981.96,4981.96,10.0,16,1.15,X,912000,168.000,75,X,X,X,X,X,X,X,X,X,X,X,X,X,X,X,X,X,X,1526,1526,100,617.5,
H-19,08/07/17 - 09:07,H-19,3.500,2.750,4127.30,4127.30,0.05,0.05,4981.96,4981.96,10.0,16,1.15,X,912000,168.000,75,X,X,X,X,X,X,X,X,X,X,X,X,X,X,X,X,X,X,1545,1341,87,543.1,
H-19,08/24/17 - 08:53,H-19,3.500,2.750,4127.30,4127.30,0.05,0.05,4981.96,4981.96,10.0,16,1.15,X,912000,168.000,75,X,X,X,X,X,X,X,X,X,X,X,X,X,X,X,X,X,X,1617,1617,100,653.0,
H-19,08/30/17 - 08:07,H-19,3.500,2.750,4127.30,4127.30,0.05,0.05,4981.96,4981.96,10.0,16,1.15,X,912000,168.000,75,X,X,X,X,X,X,X,X,X,X,X,X,X,X,X,X,X,X,1645,1645,100,663.9,
H-19,09/02/17 - 08:29,H-19,3.500,2.750,4127.30,4127.30,0.05,0.05,4981.96,4981.96,10.0,16,1.15,X,912000,168.000,75,X,X,X,X,X,X,X,X,X,X,X,X,X,X,X,X,X,X,1660,1660,100,670.0,
H-19,09/06/17 - 08:54,H-19,3.500,2.750,4127.30,4127.30,0.05,0.05,4981.96,4981.96,10.0,16,1.15,X,912000,168.000,75,X,X,X,X,X,X,X,X,X,X,X,X,X,X,X,X,X,X,1628,1628,100,657.2,
H-19,09/07/17 - 08:27,H-19,3.500,2.750,4127.30,4127.30,0.05,0.05,4981.96,4981.96,10.0,16,1.15,X,912000,168.000,75,X,X,X,X,X,X,X,X,X,X,X,X,X,X,X,X,X,X,1643,1643,100,663.5,
H-19,09/09/17 - 15:52,H-19,3.500,2.750,4127.30,4127.30,0.05,0.05,4981.96,4981.96,10.0,16,1.15,X,912000,168.000,75,09/09/17 - 16:07,16062,9269,5289,-47,9.7,168.4,4.891,65.16,109.7,473.3,46.7,638320.7,4,7889,10217,10217,11609,1608,1608,100,649.1,
H-19,09/10/17 - 09:33,H-19,3.500,2.750,4127.30,4127.30,0.05,0.05,4981.96,4981.96,10.0,16,1.15,X,912000,168.000,75,09/10/17 - 09:34,17807,8623,6581,-157,12.6,168.0,4.878,69.63,117.0,503.2,157.0,670444.4,0,11244,10217,10217,11609,1604,1604,100,647.6,
H-19,09/15/17 - 09:24,H-19,3.500,2.750,4127.30,4127.30,0.05,0.05,4981.96,4981.96,10.0,16,1.15,X,912000,168.000,75,X,X,X,X,X,X,X,X,X,X,X,X,X,X,X,X,X,X,1656,1656,100,668.8,
H-19,09/19/17 - 14:58,H-19,3.500,2.750,4127.30,4127.30,0.05,0.05,4981.96,4981.96,10.0,16,1.15,X,912000,168.000,75,X,X,X,X,X,X,X,X,X,X,X,X,X,X,X,X,X,X,1638,1498,91,605.4,
H-19,10/11/17 - 08:47,H-19,3.500,2.750,4127.30,4127.30,0.05,0.05,4981.96,4981.96,10.0,16,1.15,X,912000,168.000,75,X,X,X,X,X,X,X,X,X,X,X,X,X,X,X,X,X,X,1724,1724,100,709.6,
H-19,10/17/17 - 07:40,H-19,3.500,2.750,4127.30,4127.30,0.05,0.05,4981.96,4981.96,10.0,16,1.15,X,912000,168.000,75,X,X,X,X,X,X,X,X,X,X,X,X,X,X,X,X,X,X,1692,1692,100,682.7,
H-19,10/26/17 - 16:57,H-19,3.500,2.750,4127.30,4127.30,0.05,0.05,4981.96,4981.96,10.0,16,1.15,X,912000,168.000,75,X,X,X,X,X,X,X,X,X,X,X,X,X,X,X,X,X,X,1759,1759,100,709.3,
H-19,11/08/17 - 09:09,H-19,3.500,2.750,4127.30,4127.30,0.05,0.05,4981.96,4981.96,10.0,16,1.15,X,912000,168.000,75,X,X,X,X,X,X,X,X,X,X,X,X,X,X,X,X,X,X,1860,1860,100,749.6,
H-19,11/09/17 - 09:27,H-19,3.500,2.750,4127.30,4127.30,0.05,0.05,4981.96,4981.96,10.0,16,1.15,X,912000,168.000,75,X,X,X,X,X,X,X,X,X,X,X,X,X,X,X,X,X,X,1854,1854,100,747.2,
H-19,11/12/17 - 08:29,H-19,3.500,2.750,4127.30,4127.30,0.05,0.05,4981.96,4981.96,10.0,16,1.15,X,912000,168.000,75,X,X,X,X,X,X,X,X,X,X,X,X,X,X,X,X,X,X,1860,1860,100,749.6,
H-19,11/17/17 - 13:26,H-19,3.500,2.750,4127.30,4127.30,0.05,0.05,4981.96,4981.96,10.0,16,1.15,X,912000,168.000,75,X,X,X,X,X,X,X,X,X,X,X,X,X,X,X,X,X,X,1862,1862,100,750.4,
H-19,11/25/17 - 09:40,H-19,3.500,2.750,4127.30,4127.30,0.05,0.05,4981.96,4981.96,10.0,16,1.15,X,912000,168.000,75,X,X,X,X,X,X,X,X,X,X,X,X,X,X,X,X,X,X,1911,1911,100,769.8,
West Bakr\H-2.086,06/05/17 - 08:26,H-2,4.500,X,3458.00,3458.00,0.03458,0.03458,5100.07,5100.07,0.0,16.5,1.15,X,X,100.000,X,X,X,X,X,X,X,X,X,X,X,X,X,X,X,X,X,X,X,2418,2418,100,965.3,
West Bakr\H-2.090,06/23/17 - 15:48,H-2,4.500,X,3458.00,3458.00,0.03458,0.03458,5100.07,5100.07,0.0,16.5,1.15,X,X,100.000,X,X,X,X,X,X,X,X,X,X,X,X,X,X,X,X,X,X,X,2351,2351,100,5945.3,
West Bakr\H-2.091,07/09/17 - 11:09,H-2,4.500,X,3458.00,3458.00,0.03458,0.03458,5100.07,5100.07,0.0,16.5,1.15,X,X,100.000,X,X,X,X,X,X,X,X,X,X,X,X,X,X,X,X,X,X,X,2467,2467,100,981.2,
West Bakr\H-2.092,08/06/17 - 09:27,H-2,4.500,X,3458.00,3458.00,0.03458,0.03458,5100.07,5100.07,0.0,16.5,1.15,X,X,100.000,X,X,X,X,X,X,X,X,X,X,X,X,X,X,X,X,X,X,X,2615,2615,100,1038.1,
West Bakr\H-2.098,09/15/17 - 09:03,H-2,4.500,X,3458.00,3458.00,0.03458,0.03458,5100.07,5100.07,0.0,16.5,1.15,X,X,100.000,X,X,X,X,X,X,X,X,X,X,X,X,X,X,X,X,X,X,X,2378,2378,100,949.5,
West Bakr\H-2.101,09/01/17 - 09:27,H-2,4.500,X,3458.00,3458.00,0.03458,0.03458,5100.07,5100.07,0.0,16.5,1.15,X,X,100.000,X,X,X,X,X,X,X,X,X,X,X,X,X,X,X,X,X,X,X,2532,2532,100,1007.5,
H-2,02/04/17 - 13:04,H-2,4.500,X,3458.00,3458.00,0.03458,0.03458,5100.07,5100.07,0.0,16.5,1.15,X,X,100.000,X,X,X,X,X,X,X,X,X,X,X,X,X,X,X,X,X,X,X,1846,1459,79,588.2,
H-2,02/04/17 - 13:11,H-2,4.500,X,3458.00,3458.00,0.03458,0.03458,5100.07,5100.07,0.0,16.5,1.15,X,X,100.000,X,X,X,X,X,X,X,X,X,X,X,X,X,X,X,X,X,X,X,2443,2443,100,975.6,
H-2,02/04/17 - 13:15,H-2,4.500,X,3458.00,3458.00,0.03458,0.03458,5100.07,5100.07,0.0,16.5,1.15,X,X,100.000,X,X,X,X,X,X,X,X,X,X,X,X,X,X,X,X,X,X,X,2442,2442,100,974.4,
H-2,02/13/17 - 12:23,H-2,4.500,X,3458.00,3458.00,0.03458,0.03458,5100.07,5100.07,0.0,16.5,1.15,X,X,100.000,X,X,X,X,X,X,X,X,X,X,X,X,X,X,X,X,X,X,X,2413,2413,100,963.2,
H-2,03/01/17 - 10:24,H-2,4.500,X,3458.00,3458.00,0.03458,0.03458,5100.07,5100.07,0.0,16.5,1.15,X,X,100.000,X,X,X,X,X,X,X,X,X,X,X,X,X,X,X,X,X,X,X,2402,2402,100,968.5,
H-2,03/08/17 - 14:48,H-2,4.500,X,3458.00,3458.00,0.03458,0.03458,5100.07,5100.07,0.0,16.5,1.15,X,X,100.000,X,X,X,X,X,X,X,X,X,X,X,X,X,X,X,X,X,X,X,3030,3030,100,1196.0,
H-2,03/08/17 - 15:02,H-2,4.500,X,3458.00,3458.00,0.03458,0.03458,5100.07,5100.07,0.0,16.5,1.15,X,X,100.000,X,X,X,X,X,X,X,X,X,X,X,X,X,X,X,X,X,X,X,2866,2866,100,1140.8,
H-2,03/14/17 - 08:30,H-2,4.500,X,3458.00,3458.00,0.03458,0.03458,5100.07,5100.07,0.0,16.5,1.15,X,X,100.000,X,X,X,X,X,X,X,X,X,X,X,X,X,X,X,X,X,X,X,2405,2405,100,960.3,
H-2,03/21/17 - 09:37,H-2,4.500,X,3458.00,3458.00,0.03458,0.03458,5100.07,5100.07,0.0,16.5,1.15,X,X,100.000,X,X,X,X,X,X,X,X,X,X,X,X,X,X,X,X,X,X,X,2642,2642,100,1048.1,
H-2,03/29/17 - 12:33,H-2,4.500,X,3458.00,3458.00,0.03458,0.03458,5100.07,5100.07,0.0,16.5,1.15,X,X,100.000,X,X,X,X,X,X,X,X,X,X,X,X,X,X,X,X,X,X,X,2443,2443,100,979.2,
H-2,04/05/17 - 11:03,H-2,4.500,X,3458.00,3458.00,0.03458,0.03458,5100.07,5100.07,0.0,16.5,1.15,X,X,100.000,X,X,X,X,X,X,X,X,X,X,X,X,X,X,X,X,X,X,X,2650,2650,100,1051.3,
West Bakr\H-2.125,04/12/17 - 10:08,H-2,4.500,X,3458.00,3458.00,0.03458,0.03458,5100.07,5100.07,0.0,16.5,1.15,X,X,100.000,X,X,X,X,X,X,X,X,X,X,X,X,X,X,X,X,X,X,X,2645,2645,100,1049.4,
West Bakr\H-2.126,05/15/17 - 09:50,H-2,4.500,X,3458.00,3458.00,0.03458,0.03458,5100.07,5100.07,0.0,16.5,1.15,X,X,100.000,X,X,X,X,X,X,X,X,X,X,X,X,X,X,X,X,X,X,X,2638,2638,100,1046.9,
West Bakr\H-2.127,05/19/17 - 10:32,H-2,4.500,X,3458.00,3458.00,0.03458,0.03458,5100.07,5100.07,0.0,16.5,1.15,X,X,100.000,X,X,X,X,X,X,X,X,X,X,X,X,X,X,X,X,X,X,X,2426,2426,100,970.0,
West Bakr\H-2.128,05/20/17 - 10:16,H-2,4.500,X,3458.00,3458.00,0.03458,0.03458,5100.07,5100.07,0.0,16.5,1.15,X,X,100.000,X,X,X,X,X,X,X,X,X,X,X,X,X,X,X,X,X,X,X,2420,2420,100,967.6,
West Bakr\H-2.129,09/08/17 - 08:06,H-2,4.500,X,3458.00,3458.00,0.03458,0.03458,5100.07,5100.07,0.0,16.5,1.15,X,X,100.000,X,X,X,X,X,X,X,X,X,X,X,X,X,X,X,X,X,X,X,2395,2395,100,955.7,
West Bakr\H-2.130,10/12/17 - 09:00,H-2,4.500,X,3458.00,3458.00,0.03458,0.03458,5100.07,5100.07,0.0,16.5,1.15,X,X,100.000,X,X,X,X,X,X,X,X,X,X,X,X,X,X,X,X,X,X,X,2368,2368,100,959.3,
West Bakr\H-2.131,10/16/17 - 09:09,H-2,4.500,X,3458.00,3458.00,0.03458,0.03458,5100.07,5100.07,0.0,16.5,1.15,X,X,100.000,X,X,X,X,X,X,X,X,X,X,X,X,X,X,X,X,X,X,X,2361,2361,100,943.0,
West Bakr\H-2.132,11/09/17 - 10:05,H-2,4.500,X,3458.00,3458.00,0.03458,0.03458,5100.07,5100.07,0.0,16.5,1.15,X,X,100.000,X,X,X,X,X,X,X,X,X,X,X,X,X,X,X,X,X,X,X,2376,2376,100,948.1,
West Bakr\H-2.133,11/12/17 - 09:19,H-2,4.500,X,3458.00,3458.00,0.03458,0.03458,5100.07,5100.07,0.0,16.5,1.15,X,X,100.000,X,X,X,X,X,X,X,X,X,X,X,X,X,X,X,X,X,X,X,2350,2350,100,938.4,
H-20,02/07/17 - 11:34,H-20,4.500,X,2486.88,2486.88,0.0248688,0.0248688,5104.99,5104.99,0.0,16,1.15,X,X,144.000,75,X,X,X,X,X,X,X,X,X,X,X,X,X,X,X,X,X,X,X,X,100,861.6,
H-20,02/14/17 - 11:43,H-20,4.500,X,2486.88,2486.88,0.0248688,0.0248688,5104.99,5104.99,0.0,16,1.15,X,X,144.000,75,X,X,X,X,X,X,X,X,X,X,X,X,X,X,X,X,X,X,1847,1847,100,749.5,
H-20,03/01/17 - 09:19,H-20,4.500,X,2486.88,2486.88,0.0248688,0.0248688,5104.99,5104.99,0.0,16,1.15,X,X,144.000,75,X,X,X,X,X,X,X,X,X,X,X,X,X,X,X,X,X,X,X,X,100,886.6,
H-20,03/08/17 - 10:04,H-20,4.500,X,2487.88,2487.88,0.0248688,0.0248688,5104.99,5104.99,0.0,16,1.15,X,X,144.000,75,X,X,X,X,X,X,X,X,X,X,X,X,X,X,X,X,X,X,X,X,100,873.2,
H-20,03/14/17 - 09:31,H-20,4.500,X,2487.88,2487.88,0.0248688,0.0248688,5104.99,5104.99,0.0,16,1.15,X,X,144.000,75,X,X,X,X,X,X,X,X,X,X,X,X,X,X,X,X,X,X,2028,2028,100,819.0,
H-20,03/21/17 - 08:52,H-20,4.500,X,2487.88,2487.88,0.0248688,0.0248688,5104.99,5104.99,0.0,16,1.15,X,X,144.000,75,X,X,X,X,X,X,X,X,X,X,X,X,X,X,X,X,X,X,1848,1848,100,750.2,
H-20,03/29/17 - 13:18,H-20,4.500,X,2487.88,2487.88,0.0248688,0.0248688,5104.99,5104.99,0.0,16,1.15,X,X,144.000,75,X,X,X,X,X,X,X,X,X,X,X,X,X,X,X,X,X,X,X,X,100,871.9,
H-20,03/29/17 - 13:25,H-20,4.500,X,2487.88,2487.88,0.0248688,0.0248688,5104.99,5104.99,0.0,16,1.15,X,X,144.000,75,X,X,X,X,X,X,X,X,X,X,X,X,X,X,X,X,X,X,X,X,100,871.8,
H-20,04/12/17 - 09:36,H-20,4.500,X,2487.88,2487.88,0.0248688,0.0248688,5104.99,5104.99,0.0,16,1.15,X,X,144.000,75,X,X,X,X,X,X,X,X,X,X,X,X,X,X,X,X,X,X,1897,1897,100,769.1,
H-20,06/08/17 - 08:05,H-20,4.500,X,2487.88,2487.88,0.0248688,0.0248688,5104.99,5104.99,0.0,16,1.15,X,X,144.000,75,X,X,X,X,X,X,X,X,X,X,X,X,X,X,X,X,X,X,X,X,100,599.6,
H-20,07/05/17 - 11:03,H-20,4.500,X,2487.88,2487.88,0.0248688,0.0248688,5104.99,5104.99,0.0,16,1.15,X,X,144.000,75,X,X,X,X,X,X,X,X,X,X,X,X,X,X,X,X,X,X,1386,1386,100,563.6,
H-20,07/06/17 - 15:17,H-20,4.500,X,2487.88,2487.88,0.0248688,0.0248688,5104.99,5104.99,0.0,16,1.15,X,X,144.000,75,X,X,X,X,X,X,X,X,X,X,X,X,X,X,X,X,X,X,1388,1388,100,564.6,
H-20,07/06/17 - 16:00,H-20,3.500,2.750,2509.00,2509.00,0.0248688,0.0248688,5118.00,5118.00,0.0,16,1.15,X,X,168.632,75,X,X,X,X,X,X,X,X,X,X,X,X,X,X,13575,X,13575,7323,X,X,X,X,
H-20,07/31/17 - 09:58,H-20,4.500,X,2487.88,2487.88,0.0248688,0.0248688,5104.99,5104.99,0.0,16,1.15,X,X,144.000,75,X,X,X,X,X,X,X,X,X,X,X,X,X,X,X,X,X,X,1506,1506,100,611.8,
H-20,08/06/17 - 08:43,H-20,4.500,X,2487.88,2487.88,0.0248688,0.0248688,5104.99,5104.99,0.0,16,1.15,X,X,144.000,75,X,X,X,X,X,X,X,X,X,X,X,X,X,X,X,X,X,X,1538,1538,100,624.7,
H-20,08/09/17 - 08:52,H-20,4.500,X,2487.88,2487.88,0.0248688,0.0248688,5104.99,5104.99,0.0,16,1.15,X,X,144.000,75,X,X,X,X,X,X,X,X,X,X,X,X,X,X,X,X,X,X,1525,1525,100,619.8,
H-20,08/25/17 - 07:36,H-20,4.500,X,2487.88,2487.88,0.0248688,0.0248688,5104.99,5104.99,0.0,16,1.15,X,X,144.000,75,X,X,X,X,X,X,X,X,X,X,X,X,X,X,X,X,X,X,1571,1571,100,637.8,
H-20,09/01/17 - 08:53,H-20,4.500,X,2487.88,2487.88,0.0248688,0.0248688,5104.99,5104.99,0.0,16,1.15,X,X,144.000,75,X,X,X,X,X,X,X,X,X,X,X,X,X,X,X,X,X,X,X,X,100,1.6,
H-20,09/01/17 - 08:54,H-20,4.500,X,2487.88,2487.88,0.0248688,0.0248688,5104.99,5104.99,0.0,16,1.15,X,X,144.000,75,X,X,X,X,X,X,X,X,X,X,X,X,X,X,X,X,X,X,1609,1609,100,653.3,
H-20,09/15/17 - 08:48,H-20,4.500,X,2487.88,2487.88,0.0248688,0.0248688,5104.99,5104.99,0.0,16,1.15,X,X,144.000,75,X,X,X,X,X,X,X,X,X,X,X,X,X,X,X,X,X,X,1655,1655,100,671.9,
H-20,10/12/17 - 08:34,H-20,4.500,X,2487.88,2487.88,0.0248688,0.0248688,5104.99,5104.99,0.0,16,1.15,X,X,144.000,75,X,X,X,X,X,X,X,X,X,X,X,X,X,X,X,X,X,X,1703,1703,100,704.4,
H-20,10/16/17 - 08:35,H-20,4.500,X,2487.88,2487.88,0.0248688,0.0248688,5104.99,5104.99,0.0,16,1.15,X,X,144.000,75,X,X,X,X,X,X,X,X,X,X,X,X,X,X,X,X,X,X,1712,1712,100,694.5,
H-20,11/02/17 - 09:15,H-20,4.500,X,2487.88,2487.88,0.0248688,0.0248688,5104.99,5104.99,0.0,16,1.15,X,X,144.000,75,X,X,X,X,X,X,X,X,X,X,X,X,X,X,X,X,X,X,X,X,X,X,
H-20,11/02/17 - 09:21,H-20,4.500,2.750,2487.88,2487.88,0.0248688,0.0248688,5104.99,5104.99,0.0,16,1.15,X,X,144.000,75,X,X,X,X,X,X,X,X,X,X,X,X,X,X,16113,X,15812,7261,X,X,X,X,
H-20,11/02/17 - 09:27,H-20,4.500,X,2487.88,2487.88,0.0248688,0.0248688,5104.99,5104.99,0.0,16,1.15,X,X,144.000,75,X,X,X,X,X,X,X,X,X,X,X,X,X,X,X,X,X,X,1684,1684,100,683.9,
H-20,11/10/17 - 09:07,H-20,4.500,X,2487.88,2487.88,0.0248688,0.0248688,5104.99,5104.99,0.0,16,1.15,X,X,144.000,75,X,X,X,X,X,X,X,X,X,X,X,X,X,X,X,X,X,X,1787,1787,100,724.0,
H-20,11/12/17 - 08:54,H-20,4.500,X,2487.88,2487.88,0.0248688,0.0248688,5104.99,5104.99,0.0,16,1.15,X,X,144.000,75,X,X,X,X,X,X,X,X,X,X,X,X,X,X,X,X,X,X,1959,1959,100,789.9,
H-20,11/23/17 - 16:51,H-20,3.500,X,2510.00,2510.00,0.0248688,0.0248688,5104.99,5104.99,0.0,16,1.15,X,912000,168.000,75,X,X,X,X,X,X,X,X,X,X,X,X,X,X,X,X,X,X,1816,1816,100,736.1,
H-22,02/04/17 - 12:22,H-22,3.500,X,3290.80,3290.80,0.02,0.02,4812.99,4812.99,X,20,1.15,X,912000,168.000,100,X,X,X,X,X,X,X,X,X,X,X,X,X,X,X,X,X,X,2569,2569,100,1003.8,
H-22,02/14/17 - 11:15,H-22,3.500,X,3290.80,3290.80,0.02,0.02,4812.99,4812.99,X,20,1.15,X,912000,168.000,100,X,X,X,X,X,X,X,X,X,X,X,X,X,X,X,X,X,X,2546,2546,100,994.8,
H-22,03/01/17 - 08:51,H-22,3.500,X,3290.80,3290.80,0.02,0.02,4812.99,4812.99,X,20,1.15,X,912000,168.000,100,X,X,X,X,X,X,X,X,X,X,X,X,X,X,X,X,X,X,2641,2641,100,1029.8,
H-22,03/08/17 - 09:06,H-22,3.500,X,3290.80,3290.80,0.02,0.02,4812.99,4812.99,X,20,1.15,X,912000,168.000,100,X,X,X,X,X,X,X,X,X,X,X,X,X,X,X,X,X,X,2546,2546,100,994.9,
H-22,03/14/17 - 09:58,H-22,3.500,X,3290.80,3290.80,0.02,0.02,4812.99,4812.99,X,20,1.15,X,912000,168.000,100,X,X,X,X,X,X,X,X,X,X,X,X,X,X,X,X,X,X,2653,2653,100,1033.7,
H-22,03/21/17 - 09:08,H-22,3.500,X,3290.80,3290.80,0.02,0.02,4812.99,4812.99,X,20,1.15,X,912000,168.000,100,X,X,X,X,X,X,X,X,X,X,X,X,X,X,X,X,X,X,2552,2552,100,997.3,
H-22,03/29/17 - 12:55,H-22,3.500,X,3290.80,3290.80,0.02,0.02,4812.99,4812.99,X,20,1.15,X,912000,168.000,100,X,X,X,X,X,X,X,X,X,X,X,X,X,X,X,X,X,X,2551,2551,100,1001.2,
H-22,04/05/17 - 11:29,H-22,3.500,X,3290.80,3290.80,0.02,0.02,4812.99,4812.99,X,20,1.15,X,912000,168.000,100,X,X,X,X,X,X,X,X,X,X,X,X,X,X,X,X,X,X,2687,2687,100,1046.9,
H-22,04/05/17 - 11:33,H-22,3.500,X,3290.80,3290.80,0.02,0.02,4812.99,4812.99,X,20,1.15,X,912000,168.000,100,X,X,X,X,X,X,X,X,X,X,X,X,X,X,X,X,X,X,2565,2565,100,1002.5,
H-22,04/05/17 - 11:39,H-22,3.500,X,3290.80,3290.80,0.02,0.02,4812.99,4812.99,X,20,1.15,X,912000,168.000,100,X,X,X,X,X,X,X,X,X,X,X,X,X,X,X,X,X,X,2666,2666,100,1038.9,
H-22,04/12/17 - 09:11,H-22,3.500,X,3290.80,3290.80,0.02,0.02,4812.99,4812.99,X,20,1.15,X,912000,168.000,100,X,X,X,X,X,X,X,X,X,X,X,X,X,X,X,X,X,X,2661,2661,100,1036.7,
H-22,05/15/17 - 09:19,H-22,3.500,X,3290.80,3290.80,0.02,0.02,4812.99,4812.99,X,20,1.15,X,912000,168.000,100,X,X,X,X,X,X,X,X,X,X,X,X,X,X,X,X,X,X,2568,2568,100,1003.5,
H-22,05/19/17 - 10:08,H-22,3.500,X,3290.80,3290.80,0.02,0.02,4812.99,4812.99,X,20,1.15,X,912000,168.000,100,X,X,X,X,X,X,X,X,X,X,X,X,X,X,X,X,X,X,2596,2596,100,1016.1,
H-22,06/04/17 - 08:58,H-22,3.500,X,3290.80,3290.80,0.02,0.02,4812.99,4812.99,X,20,1.15,X,912000,168.000,100,X,X,X,X,X,X,X,X,X,X,X,X,X,X,X,X,X,X,2689,2689,100,1047.7,
H-22,07/06/17 - 15:06,H-22,3.500,X,3290.80,3290.80,0.02,0.02,4812.99,4812.99,X,20,1.15,X,912000,168.000,100,X,X,X,X,X,X,X,X,X,X,X,X,X,X,X,X,X,X,1398,1398,100,550.0,
H-22,07/06/17 - 15:33,H-22,3.500,1.250,3290.80,3290.80,0.02,0.02,4812.99,4812.99,X,20,1.15,X,912000,168.000,100,X,X,X,X,X,X,X,X,X,X,X,X,X,X,X,X,X,X,X,X,X,X,
H-22,07/07/17 - 10:08,H-22,3.500,X,3290.80,3290.80,0.02,0.02,4812.99,4812.99,X,20,1.15,X,912000,168.000,100,X,X,X,X,X,X,X,X,X,X,X,X,X,X,X,X,X,X,1412,1085,77,427.3,
H-22,07/09/17 - 09:57,H-22,3.500,X,3290.80,3290.80,0.02,0.02,4812.99,4812.99,X,20,1.15,X,912000,168.000,100,X,X,X,X,X,X,X,X,X,X,X,X,X,X,X,X,X,X,2028,1635,81,626.9,
H-22,07/09/17 - 10:04,H-22,3.500,X,3290.80,3290.80,0.02,0.02,4812.99,4812.99,X,20,1.15,X,912000,168.000,100,X,X,X,X,X,X,X,X,X,X,X,X,X,X,X,X,X,X,1392,1392,100,547.3,
H-22,07/31/17 - 09:35,H-22,3.500,X,3290.80,3290.80,0.02,0.02,4812.99,4812.99,X,20,1.15,X,912000,168.000,100,X,X,X,X,X,X,X,X,X,X,X,X,X,X,X,X,X,X,2609,2609,100,1019.6,
H-22,08/06/17 - 08:09,H-22,3.500,X,3290.80,3290.80,0.02,0.02,4812.99,4812.99,X,20,1.15,X,912000,168.000,100,X,X,X,X,X,X,X,X,X,X,X,X,X,X,X,X,X,X,2579,2579,100,1007.7,
H-22,08/08/17 - 08:55,H-22,3.500,X,3290.80,3290.80,0.02,0.02,4812.99,4812.99,X,20,1.15,X,912000,168.000,100,X,X,X,X,X,X,X,X,X,X,X,X,X,X,X,X,X,X,1934,531,27,215.0,
H-22,08/25/17 - 07:55,H-22,3.500,X,3290.80,3290.80,0.02,0.02,4812.99,4812.99,X,20,1.15,X,912000,168.000,100,X,X,X,X,X,X,X,X,X,X,X,X,X,X,X,X,X,X,2586,2586,100,1010.3,
H-22,09/01/17 - 09:18,H-22,3.500,X,3290.80,3290.80,0.02,0.02,4812.99,4812.99,X,20,1.15,X,912000,168.000,100,X,X,X,X,X,X,X,X,X,X,X,X,X,X,X,X,X,X,2611,2611,100,1019.9,
H-22,09/15/17 - 08:31,H-22,3.500,X,3290.80,3290.80,0.02,0.02,4812.99,4812.99,X,20,1.15,X,912000,168.000,100,X,X,X,X,X,X,X,X,X,X,X,X,X,X,X,X,X,X,2585,2585,100,1010.1,
H-22,10/12/17 - 08:15,H-22,3.500,X,3290.80,3290.80,0.02,0.02,4812.99,4812.99,X,20,1.15,X,912000,168.000,100,X,X,X,X,X,X,X,X,X,X,X,X,X,X,X,X,X,X,2641,2641,100,1044.9,
H-22,10/16/17 - 09:00,H-22,3.500,X,3290.80,3290.80,0.02,0.02,4812.99,4812.99,X,20,1.15,X,912000,168.000,100,X,X,X,X,X,X,X,X,X,X,X,X,X,X,X,X,X,X,2584,2584,100,1009.8,
H-22,10/30/17 - 09:58,H-22,3.500,X,3290.80,3290.80,0.02,0.02,4812.99,4812.99,X,20,1.15,X,912000,168.000,100,X,X,X,X,X,X,X,X,X,X,X,X,X,X,X,X,X,X,1278,450,35,177.2,
H-22,11/09/17 - 09:53,H-22,3.500,X,3290.80,3290.80,0.02,0.02,4812.99,4812.99,X,20,1.15,X,912000,168.000,100,X,X,X,X,X,X,X,X,X,X,X,X,X,X,X,X,X,X,2620,2620,100,1023.7,
H-22,12/27/17 - 16:00,H-22,3.500,X,3290.80,3290.80,0.02,0.02,4812.99,4812.99,X,20,1.15,X,912000,168.000,100,X,X,X,X,X,X,X,X,X,X,X,X,X,X,X,X,X,X,2576,2576,100,1006.3,
H-22,12/29/17 - 09:09,H-22,3.500,X,3290.80,3290.80,0.02,0.02,4812.99,4812.99,X,20,1.15,X,912000,168.000,100,X,X,X,X,X,X,X,X,X,X,X,X,X,X,X,X,X,X,2228,2228,100,872.5,
H-23,02/03/17 - 13:42,H-23,3.500,2.750,4925.00,4925.00,0.04926,0.04926,5057.41,5057.41,X,17.7,1.15,X,912000,144.000,100,X,X,X,X,X,X,X,X,X,X,X,X,X,X,X,X,X,X,554,554,100,222.4,
H-23,02/04/17 - 11:47,H-23,3.500,2.750,4925.00,4925.00,0.04926,0.04926,5057.41,5057.41,X,17.7,1.15,X,912000,144.000,100,X,X,X,X,X,X,X,X,X,X,X,X,X,X,X,X,X,X,734,734,100,294.7,
H-23,02/17/17 - 09:00,H-23,3.500,2.750,4925.00,4925.00,0.04926,0.04926,5057.41,5057.41,X,17.7,1.15,X,912000,144.000,100,X,X,X,X,X,X,X,X,X,X,X,X,X,X,X,X,X,X,2139,2139,100,845.2,
H-23,03/09/17 - 10:01,H-23,3.500,2.750,4925.00,4925.00,0.04926,0.04926,5057.41,5057.41,X,17.7,1.15,X,912000,144.000,100,X,X,X,X,X,X,X,X,X,X,X,X,X,X,X,X,X,X,815,813,100,325.7,
H-23,03/15/17 - 08:13,H-23,3.500,2.750,4925.00,4925.00,0.04926,0.04926,5057.41,5057.41,X,17.7,1.15,X,912000,144.000,100,X,X,X,X,X,X,X,X,X,X,X,X,X,X,X,X,X,X,735,735,100,294.9,
H-23,03/15/17 - 08:18,H-23,3.500,2.750,4925.00,4925.00,0.04926,0.04926,5057.41,5057.41,X,17.7,1.15,X,912000,144.000,100,X,X,X,X,X,X,X,X,X,X,X,X,X,X,X,X,X,X,X,X,X,X,
H-23,04/05/17 - 16:49,H-23,3.500,2.750,4925.00,4925.00,0.04926,0.04926,5057.41,5057.41,X,17.7,1.15,X,912000,144.000,100,X,X,X,X,X,X,X,X,X,X,X,X,X,X,X,X,X,X,815,815,100,326.6,
H-23,04/11/17 - 09:57,H-23,3.500,2.750,4925.00,4925.00,0.04926,0.04926,5057.41,5057.41,X,17.7,1.15,X,912000,144.000,100,X,X,X,X,X,X,X,X,X,X,X,X,X,X,X,X,X,X,734,734,100,294.5,
H-23,04/22/17 - 13:30,H-23,3.500,2.750,4925.00,4925.00,0.04926,0.04926,5057.41,5057.41,X,17.7,1.15,X,912000,144.000,100,X,X,X,X,X,X,X,X,X,X,X,X,X,X,X,X,X,X,755,746,99,297.5,
H-23,05/13/17 - 10:05,H-23,3.500,2.750,4925.00,4925.00,0.04926,0.04926,5057.41,5057.41,X,17.7,1.15,X,912000,144.000,100,X,X,X,X,X,X,X,X,X,X,X,X,X,X,X,X,X,X,801,768,96,308.2,
H-23,05/18/17 - 10:57,H-23,3.500,2.750,4925.00,4925.00,0.04926,0.04926,5057.41,5057.41,X,17.7,1.15,X,912000,144.000,100,X,X,X,X,X,X,X,X,X,X,X,X,X,X,X,X,X,X,832,832,100,333.7,
H-23,06/05/17 - 08:55,H-23,3.500,2.750,4925.00,4925.00,0.04926,0.04926,5057.41,5057.41,X,17.7,1.15,X,912000,144.000,100,X,X,X,X,X,X,X,X,X,X,X,X,X,X,X,X,X,X,2036,2036,100,804.9,
H-23,06/06/17 - 09:51,H-23,3.500,2.750,4925.00,4925.00,0.04926,0.04926,5057.41,5057.41,X,17.7,1.15,X,912000,144.000,100,X,X,X,X,X,X,X,X,X,X,X,X,X,X,X,X,X,X,4639,4639,100,1812.8,
H-23,06/06/17 - 10:11,H-23,3.500,2.750,4925.00,4925.00,0.04926,0.04926,5057.41,5057.41,X,17.7,1.15,X,912000,144.000,100,06/06/17 - 10:11,29033,7853,16026,-175,23.1,112.0,5.556,91.87,102.9,504.2,175.3,950595.6,0,17692,10632,14208,12777,X,X,X,X,
H-23,06/06/17 - 10:40,H-23,3.500,2.750,4925.00,4925.00,0.04926,0.04926,5057.41,5057.41,X,17.7,1.15,X,912000,144.000,100,X,X,X,X,X,X,X,X,X,X,X,X,X,X,X,X,X,X,X,X,100,2.0,
H-23,06/07/17 - 09:23,H-23,3.500,2.750,4925.00,4925.00,0.04926,0.04926,5057.41,5057.41,X,17.7,1.15,X,912000,144.000,100,X,X,X,X,X,X,X,X,X,X,X,X,X,X,X,X,X,X,845,845,100,339.0,
H-23,06/15/17 - 11:00,H-23,3.500,2.750,4925.00,4925.00,0.04926,0.04926,5057.41,5057.41,X,17.7,1.15,X,912000,144.000,100,X,X,X,X,X,X,X,X,X,X,X,X,X,X,X,X,X,X,791,791,100,317.8,
H-23,06/15/17 - 11:03,H-23,3.500,2.750,4925.00,4925.00,0.04926,0.04926,5057.41,5057.41,X,17.7,1.15,X,912000,144.000,100,X,X,X,X,X,X,X,X,X,X,X,X,X,X,X,X,X,X,4636,4636,100,1808.0,
H-23,07/05/17 - 10:39,H-23,3.500,2.750,4925.00,4925.00,0.04926,0.04926,5057.41,5057.41,X,17.7,1.15,X,912000,144.000,100,X,X,X,X,X,X,X,X,X,X,X,X,X,X,X,X,X,X,625,625,100,251.3,
H-23,07/09/17 - 10:30,H-23,3.500,2.750,4925.00,4925.00,0.04926,0.04926,5057.41,5057.41,X,17.7,1.15,X,912000,144.000,100,X,X,X,X,X,X,X,X,X,X,X,X,X,X,X,X,X,X,3861,3861,100,1506.6,
H-23,07/10/17 - 09:52,H-23,3.500,2.750,4925.00,4925.00,0.04926,0.04926,5057.41,5057.41,X,17.7,1.15,X,912000,144.000,100,X,X,X,X,X,X,X,X,X,X,X,X,X,X,X,X,X,X,932,932,100,373.5,
H-23,07/28/17 - 08:38,H-23,3.500,2.750,4925.00,4925.00,0.04926,0.04926,5057.41,5057.41,X,17.7,1.15,X,912000,144.000,100,X,X,X,X,X,X,X,X,X,X,X,X,X,X,X,X,X,X,1692,1692,100,672.2,
H-23,08/07/17 - 09:29,H-23,3.500,2.750,4925.00,4925.00,0.04926,0.04926,5057.41,5057.41,X,17.7,1.15,X,912000,144.000,100,X,X,X,X,X,X,X,X,X,X,X,X,X,X,X,X,X,X,827,772,93,309.8,
H-23,08/09/17 - 08:28,H-23,3.500,2.750,4925.00,4925.00,0.04926,0.04926,5057.41,5057.41,X,17.7,1.15,X,912000,144.000,100,X,X,X,X,X,X,X,X,X,X,X,X,X,X,X,X,X,X,175,175,100,70.6,
H-23,08/24/17 - 08:16,H-23,3.500,2.750,4925.00,4925.00,0.04926,0.04926,5057.41,5057.41,X,17.7,1.15,X,912000,144.000,100,X,X,X,X,X,X,X,X,X,X,X,X,X,X,X,X,X,X,857,857,100,343.8,
H-23,08/30/17 - 08:30,H-23,3.500,2.750,4925.00,4925.00,0.04926,0.04926,5057.41,5057.41,X,17.7,1.15,X,912000,144.000,100,X,X,X,X,X,X,X,X,X,X,X,X,X,X,X,X,X,X,865,865,100,347.0,
H-23,09/02/17 - 08:56,H-23,3.500,2.750,4925.00,4925.00,0.04926,0.04926,5057.41,5057.41,X,17.7,1.15,X,912000,144.000,100,X,X,X,X,X,X,X,X,X,X,X,X,X,X,X,X,X,X,768,768,100,307.9,
H-23,09/15/17 - 10:08,H-23,3.500,2.750,4925.00,4925.00,0.04926,0.04926,5057.41,5057.41,X,17.7,1.15,X,912000,144.000,100,X,X,X,X,X,X,X,X,X,X,X,X,X,X,X,X,X,X,875,875,100,351.6,
H-23,09/19/17 - 15:09,H-23,3.500,2.750,4925.00,4925.00,0.04926,0.04926,5057.41,5057.41,X,17.7,1.15,X,912000,144.000,100,X,X,X,X,X,X,X,X,X,X,X,X,X,X,X,X,X,X,823,802,97,322.0,
H-23,10/11/17 - 09:13,H-23,3.500,2.750,4925.00,4925.00,0.04926,0.04926,5057.41,5057.41,X,17.7,1.15,X,912000,144.000,100,X,X,X,X,X,X,X,X,X,X,X,X,X,X,X,X,X,X,905,905,100,377.9,
H-23,10/18/17 - 07:06,H-23,3.500,2.750,4925.00,4925.00,0.04926,0.04926,5057.41,5057.41,X,17.7,1.15,X,912000,144.000,100,X,X,X,X,X,X,X,X,X,X,X,X,X,X,X,X,X,X,879,879,100,352.8,
H-23,10/26/17 - 17:12,H-23,3.500,2.750,4925.00,4925.00,0.04926,0.04926,5057.41,5057.41,X,17.7,1.15,X,912000,144.000,100,X,X,X,X,X,X,X,X,X,X,X,X,X,X,X,X,X,X,893,893,100,358.4,
H-23,11/01/17 - 10:09,H-23,3.500,2.750,4925.00,4925.00,0.04926,0.04926,5057.41,5057.41,X,17.7,1.15,X,912000,144.000,100,X,X,X,X,X,X,X,X,X,X,X,X,X,X,X,X,X,X,772,772,100,310.3,
H-23,11/08/17 - 08:40,H-23,3.500,2.750,4925.00,4925.00,0.04926,0.04926,5057.41,5057.41,X,17.7,1.15,X,912000,144.000,100,X,X,X,X,X,X,X,X,X,X,X,X,X,X,X,X,X,X,1670,1670,100,663.4,
H-23,11/09/17 - 09:16,H-23,3.500,2.750,4925.00,4925.00,0.04926,0.04926,5057.41,5057.41,X,17.7,1.15,X,912000,144.000,100,X,X,X,X,X,X,X,X,X,X,X,X,X,X,X,X,X,X,896,896,100,359.4,
H-23,11/11/17 - 12:32,H-23,3.500,2.750,4925.00,4925.00,0.04926,0.04926,5057.41,5057.41,X,17.7,1.15,X,912000,144.000,100,X,X,X,X,X,X,X,X,X,X,X,X,X,X,X,X,X,X,828,738,89,297.0,
H-23,11/17/17 - 12:56,H-23,3.500,2.750,4925.00,4925.00,0.04926,0.04926,5057.41,5057.41,X,17.7,1.15,X,912000,144.000,100,X,X,X,X,X,X,X,X,X,X,X,X,X,X,X,X,X,X,901,865,96,347.2,
H-23,11/23/17 - 17:04,H-23,3.500,2.750,4925.00,4925.00,0.04926,0.04926,5057.41,5057.41,X,17.7,1.15,X,912000,144.000,100,X,X,X,X,X,X,X,X,X,X,X,X,X,X,X,X,X,X,884,884,100,354.8,
H-23,11/25/17 - 09:58,H-23,3.500,2.750,4925.00,4925.00,0.04926,0.04926,5057.41,5057.41,X,17.7,1.15,X,912000,144.000,100,X,X,X,X,X,X,X,X,X,X,X,X,X,X,X,X,X,X,738,738,100,296.4,
H-23,12/23/17 - 16:29,H-23,3.500,2.750,4925.00,4925.00,0.04926,0.04926,5057.41,5057.41,X,17.7,1.15,X,912000,144.000,100,X,X,X,X,X,X,X,X,X,X,X,X,X,X,X,X,X,X,851,851,100,341.4,
West Bakr\H-24.027,02/03/17 - 14:03,H-24,3.500,2.750,4603.00,4603.00,0.04255,0.04255,4983.60,4983.60,X,17,1.15,X,640000,107.234,60,X,X,X,X,X,X,X,X,X,X,X,X,X,X,X,X,X,X,397,397,100,162.2,
West Bakr\H-24.028,02/15/17 - 14:01,H-24,3.500,2.750,4603.00,4603.00,0.04255,0.04255,4983.60,4983.60,X,17,1.15,X,640000,107.234,60,X,X,X,X,X,X,X,X,X,X,X,X,X,X,X,X,X,X,404,404,100,164.7,
West Bakr\H-24.029,02/15/17 - 14:20,H-24,3.500,2.750,4603.00,4603.00,0.04255,0.04255,4983.60,4983.60,X,17,1.15,X,640000,107.234,60,02/15/17 - 14:20,12434,11326,972,-634,1.3,106.5,5.732,22.72,24.2,122.3,634.1,316045.8,1,10454,11564,10304,12212,X,X,X,X,
West Bakr\H-24.030,02/17/17 - 09:17,H-24,3.500,2.750,4603.00,4603.00,0.04255,0.04255,4983.60,4983.60,X,17,1.15,X,640000,107.234,60,X,X,X,X,X,X,X,X,X,X,X,X,X,X,X,X,X,X,400,400,100,163.2,
West Bakr\H-24.031,02/25/17 - 15:50,H-24,3.500,2.750,4603.00,4603.00,0.04255,0.04255,4983.60,4983.60,X,17,1.15,X,640000,107.234,60,X,X,X,X,X,X,X,X,X,X,X,X,X,X,X,X,X,X,422,422,100,171.8,
West Bakr\H-24.046,04/11/17 - 09:36,H-24,3.500,2.750,4603.00,4603.00,0.04255,0.04255,4983.60,4983.60,X,17,1.15,X,640000,107.234,60,X,X,X,X,X,X,X,X,X,X,X,X,X,X,X,X,X,X,420,401,95,162.6,
